MJD,CTR,STAT_ERR,CTR_NORM,Timestamp
60279.140283400775,1.0,0.0,0.0,2023-12-01 03:22:00.485826969
60279.14029497486,1.0,1.0,0.0,2023-12-01 03:22:01.485827923
60279.14030654893,1.3333333333333333,0.0,0.0016501650165016502,2023-12-01 03:22:02.485827446
60279.140318123,1.6666666666666665,0.0,0.0033003300330032995,2023-12-01 03:22:03.485826969
60279.14032969708,2.0,0.0,0.0049504950495049506,2023-12-01 03:22:04.485827923
60279.14034127115,2.333333333333333,0.0,0.0066006600660066,2023-12-01 03:22:05.485827446
60279.14035284522,2.6666666666666665,0.0,0.00825082508250825,2023-12-01 03:22:06.485827208
60279.1403644193,3.0,0.0,0.0099009900990099,2023-12-01 03:22:07.485827446
60279.140375993375,3.333333333333333,0.0,0.011551155115511549,2023-12-01 03:22:08.485827684
60279.140387567444,3.6666666666666665,0.0,0.013201320132013201,2023-12-01 03:22:09.485827208
60279.14039914152,4.0,2.0,0.01485148514851485,2023-12-01 03:22:10.485827446
60279.1404107156,3.5714285714285716,0.0,0.012729844413012729,2023-12-01 03:22:11.485827684
60279.14042228967,3.142857142857143,0.0,0.010608203677510607,2023-12-01 03:22:12.485827208
60279.140433863744,2.7142857142857144,0.0,0.008486562942008488,2023-12-01 03:22:13.485827446
60279.14044543782,2.2857142857142856,0.0,0.0063649222065063635,2023-12-01 03:22:14.485827684
60279.14045701189,1.8571428571428572,0.0,0.004243281471004243,2023-12-01 03:22:15.485827208
60279.14046858596,1.4285714285714288,0.0,0.002121640735502123,2023-12-01 03:22:16.485826969
60279.140480160044,1.0,1.0,0.0,2023-12-01 03:22:17.485827684
60279.14049173411,1.1111111111111112,0.0,0.0005500550055005504,2023-12-01 03:22:18.485827446
60279.14050330818,1.2222222222222223,0.0,0.0011001100110011007,2023-12-01 03:22:19.485826969
60279.14051488227,1.3333333333333333,0.0,0.0016501650165016502,2023-12-01 03:22:20.485827923
60279.14052645634,1.4444444444444444,0.0,0.0022002200220022005,2023-12-01 03:22:21.485827446
60279.140538030406,1.5555555555555556,0.0,0.00275027502750275,2023-12-01 03:22:22.485826969
60279.14054960448,1.6666666666666665,0.0,0.0033003300330032995,2023-12-01 03:22:23.485827208
60279.14056117856,1.7777777777777777,0.0,0.00385038503850385,2023-12-01 03:22:24.485827446
60279.14057275263,1.8888888888888888,0.0,0.0044004400440044,2023-12-01 03:22:25.485827208
60279.140584326706,2.0,1.4142135623730951,0.0049504950495049506,2023-12-01 03:22:26.485827446
60279.14059590078,2.2857142857142856,0.0,0.0063649222065063635,2023-12-01 03:22:27.485827684
60279.14060747485,2.571428571428571,0.0,0.007779349363507778,2023-12-01 03:22:28.485827208
60279.14061904893,2.857142857142857,0.0,0.009193776520509195,2023-12-01 03:22:29.485827446
60279.140630623006,3.142857142857143,0.0,0.010608203677510607,2023-12-01 03:22:30.485827684
60279.140642197075,3.4285714285714284,0.0,0.012022630834512021,2023-12-01 03:22:31.485827208
60279.140653771145,3.7142857142857144,0.0,0.013437057991513436,2023-12-01 03:22:32.485826969
60279.14066534523,4.0,2.0,0.01485148514851485,2023-12-01 03:22:33.485827684
60279.1406769193,3.823529411764706,0.0,0.0139778683750728,2023-12-01 03:22:34.485827446
60279.14068849337,3.6470588235294117,0.0,0.01310425160163075,2023-12-01 03:22:35.485826969
60279.14070006745,3.4705882352941178,0.0,0.012230634828188702,2023-12-01 03:22:36.485827923
60279.14071164152,3.2941176470588234,0.0,0.011357018054746648,2023-12-01 03:22:37.485827446
60279.14072321559,3.1176470588235294,0.0,0.010483401281304601,2023-12-01 03:22:38.485826969
60279.140734789675,2.9411764705882355,0.0,0.009609784507862554,2023-12-01 03:22:39.485827923
60279.140746363744,2.764705882352941,0.0,0.0087361677344205,2023-12-01 03:22:40.485827446
60279.140757937814,2.5882352941176467,0.0,0.007862550960978449,2023-12-01 03:22:41.485827208
60279.14076951189,2.411764705882353,0.0,0.006988934187536401,2023-12-01 03:22:42.485827446
60279.14078108597,2.235294117647059,0.0,0.00611531741409435,2023-12-01 03:22:43.485827684
60279.14079266004,2.0588235294117645,0.0,0.0052417006406523,2023-12-01 03:22:44.485827208
60279.14080423411,1.8823529411764706,0.0,0.004368083867210251,2023-12-01 03:22:45.485827446
60279.14081580819,1.7058823529411762,0.0,0.0034944670937681983,2023-12-01 03:22:46.485827684
60279.14082738226,1.5294117647058822,0.0,0.0026208503203261494,2023-12-01 03:22:47.485827208
60279.14083895634,1.3529411764705879,0.0,0.0017472335468840987,2023-12-01 03:22:48.485827446
60279.14085053041,1.176470588235294,0.0,0.0008736167734420489,2023-12-01 03:22:49.485827684
60279.14086210448,1.0,1.0,0.0,2023-12-01 03:22:50.485827446
60279.14087367855,1.0,0.0,0.0,2023-12-01 03:22:51.485826969
60279.14088525264,1.0,0.0,0.0,2023-12-01 03:22:52.485827684
60279.140896826706,1.0,0.0,0.0,2023-12-01 03:22:53.485827446
60279.140908400776,1.0,0.0,0.0,2023-12-01 03:22:54.485826969
60279.14091997486,1.0,0.0,0.0,2023-12-01 03:22:55.485827923
60279.14093154893,1.0,0.0,0.0,2023-12-01 03:22:56.485827446
60279.140943123,1.0,1.0,0.0,2023-12-01 03:22:57.485826969
60279.140954697075,1.25,0.0,0.0012376237623762379,2023-12-01 03:22:58.485827208
60279.14096627115,1.5,0.0,0.002475247524752475,2023-12-01 03:22:59.485827446
60279.14097784522,1.75,0.0,0.0037128712871287136,2023-12-01 03:23:00.485827208
60279.1409894193,2.0,0.0,0.0049504950495049506,2023-12-01 03:23:01.485827446
60279.141000993375,2.25,0.0,0.0061881188118811875,2023-12-01 03:23:02.485827684
60279.141012567445,2.5,0.0,0.007425742574257426,2023-12-01 03:23:03.485827208
60279.14102414152,2.75,0.0,0.008663366336633664,2023-12-01 03:23:04.485827446
60279.1410357156,3.0,1.7320508075688772,0.0099009900990099,2023-12-01 03:23:05.485827684
60279.14104728967,2.9375,0.0,0.009591584158415843,2023-12-01 03:23:06.485827208
60279.14105886374,2.875,0.0,0.009282178217821783,2023-12-01 03:23:07.485826969
60279.14107043782,2.8125,0.0,0.008972772277227724,2023-12-01 03:23:08.485827684
60279.14108201189,2.75,0.0,0.008663366336633664,2023-12-01 03:23:09.485827446
60279.14109358596,2.6875,0.0,0.008353960396039604,2023-12-01 03:23:10.485826969
60279.141105160044,2.625,0.0,0.008044554455445545,2023-12-01 03:23:11.485827923
60279.141116734114,2.5625,0.0,0.007735148514851486,2023-12-01 03:23:12.485827446
60279.14112830818,2.5,0.0,0.007425742574257426,2023-12-01 03:23:13.485826969
60279.14113988226,2.4375,0.0,0.007116336633663367,2023-12-01 03:23:14.485827208
60279.14115145634,2.375,0.0,0.006806930693069307,2023-12-01 03:23:15.485827446
60279.14116303041,2.3125,0.0,0.006497524752475247,2023-12-01 03:23:16.485827208
60279.14117460448,2.25,0.0,0.0061881188118811875,2023-12-01 03:23:17.485827446
60279.14118617856,2.1875,0.0,0.00587871287128713,2023-12-01 03:23:18.485827684
60279.14119775263,2.125,0.0,0.00556930693069307,2023-12-01 03:23:19.485827208
60279.141209326706,2.0625,0.0,0.00525990099009901,2023-12-01 03:23:20.485827446
60279.14122090078,2.0,1.4142135623730951,0.0049504950495049506,2023-12-01 03:23:21.485827684
60279.14123247485,2.0,0.0,0.0049504950495049506,2023-12-01 03:23:22.485827208
60279.14124404893,2.0,0.0,0.0049504950495049506,2023-12-01 03:23:23.485827446
60279.141255623006,2.0,0.0,0.0049504950495049506,2023-12-01 03:23:24.485827684
60279.141267197076,2.0,0.0,0.0049504950495049506,2023-12-01 03:23:25.485827446
60279.141278771145,2.0,0.0,0.0049504950495049506,2023-12-01 03:23:26.485826969
60279.14129034523,2.0,0.0,0.0049504950495049506,2023-12-01 03:23:27.485827923
60279.1413019193,2.0,0.0,0.0049504950495049506,2023-12-01 03:23:28.485827446
60279.14131349337,2.0,0.0,0.0049504950495049506,2023-12-01 03:23:29.485826969
60279.14132506745,2.0,1.4142135623730951,0.0049504950495049506,2023-12-01 03:23:30.485827923
60279.14133664152,2.142857142857143,0.0,0.005657708628005658,2023-12-01 03:23:31.485827446
60279.14134821559,2.2857142857142856,0.0,0.0063649222065063635,2023-12-01 03:23:32.485826969
60279.14135978967,2.4285714285714284,0.0,0.007072135785007071,2023-12-01 03:23:33.485827208
60279.141371363745,2.571428571428571,0.0,0.007779349363507778,2023-12-01 03:23:34.485827446
60279.141382937814,2.7142857142857144,0.0,0.008486562942008488,2023-12-01 03:23:35.485827208
60279.14139451189,2.857142857142857,0.0,0.009193776520509195,2023-12-01 03:23:36.485827446
60279.14140608597,3.0,1.7320508075688772,0.0099009900990099,2023-12-01 03:23:37.485827684
60279.14141766004,3.0,0.0,0.0099009900990099,2023-12-01 03:23:38.485827208
60279.141429234114,3.0,0.0,0.0099009900990099,2023-12-01 03:23:39.485827446
60279.14144080819,3.0,0.0,0.0099009900990099,2023-12-01 03:23:40.485827684
60279.14145238226,3.0,0.0,0.0099009900990099,2023-12-01 03:23:41.485827208
60279.14146395633,3.0,0.0,0.0099009900990099,2023-12-01 03:23:42.485826969
60279.141475530414,3.0,0.0,0.0099009900990099,2023-12-01 03:23:43.485827684
60279.14148710448,3.0,0.0,0.0099009900990099,2023-12-01 03:23:44.485827446
60279.14149867855,3.0,1.7320508075688772,0.0099009900990099,2023-12-01 03:23:45.485826969
60279.14151025264,2.7777777777777777,0.0,0.008800880088008802,2023-12-01 03:23:46.485827923
60279.14152182671,2.5555555555555554,0.0,0.007700770077007701,2023-12-01 03:23:47.485827446
60279.141533400776,2.3333333333333335,0.0,0.006600660066006602,2023-12-01 03:23:48.485826969
60279.14154497485,2.111111111111111,0.0,0.005500550055005501,2023-12-01 03:23:49.485827208
60279.14155654893,1.8888888888888888,0.0,0.0044004400440044,2023-12-01 03:23:50.485827446
60279.141568123,1.6666666666666667,0.0,0.0033003300330033012,2023-12-01 03:23:51.485827208
60279.141579697076,1.4444444444444446,0.0,0.0022002200220022014,2023-12-01 03:23:52.485827446
60279.14159127115,1.2222222222222223,0.0,0.0011001100110011007,2023-12-01 03:23:53.485827684
60279.14160284522,1.0,1.0,0.0,2023-12-01 03:23:54.485827208
60279.1416144193,1.1428571428571428,0.0,0.0007072135785007065,2023-12-01 03:23:55.485827446
60279.141625993376,1.2857142857142856,0.0,0.0014144271570014138,2023-12-01 03:23:56.485827684
60279.141637567445,1.4285714285714286,0.0,0.002121640735502122,2023-12-01 03:23:57.485827208
60279.14164914152,1.5714285714285714,0.0,0.0028288543140028285,2023-12-01 03:23:58.485827446
60279.1416607156,1.7142857142857142,0.0,0.003536067892503536,2023-12-01 03:23:59.485827684
60279.14167228967,1.8571428571428572,0.0,0.004243281471004243,2023-12-01 03:24:00.485827446
60279.14168386374,2.0,1.4142135623730951,0.0049504950495049506,2023-12-01 03:24:01.485826969
60279.14169543782,2.0,0.0,0.0049504950495049506,2023-12-01 03:24:02.485827923
60279.14170701189,2.0,0.0,0.0049504950495049506,2023-12-01 03:24:03.485827446
60279.14171858596,2.0,0.0,0.0049504950495049506,2023-12-01 03:24:04.485826969
60279.141730160045,2.0,0.0,0.0049504950495049506,2023-12-01 03:24:05.485827923
60279.141741734114,2.0,0.0,0.0049504950495049506,2023-12-01 03:24:06.485827446
60279.141753308184,2.0,0.0,0.0049504950495049506,2023-12-01 03:24:07.485827208
60279.14176488226,2.0,0.0,0.0049504950495049506,2023-12-01 03:24:08.485827446
60279.14177645634,2.0,0.0,0.0049504950495049506,2023-12-01 03:24:09.485827446
60279.14178803041,2.0,0.0,0.0049504950495049506,2023-12-01 03:24:10.485827208
60279.141799604484,2.0,0.0,0.0049504950495049506,2023-12-01 03:24:11.485827446
60279.14181117856,2.0,0.0,0.0049504950495049506,2023-12-01 03:24:12.485827684
60279.14182275263,2.0,0.0,0.0049504950495049506,2023-12-01 03:24:13.485827208
60279.14183432671,2.0,0.0,0.0049504950495049506,2023-12-01 03:24:14.485827446
60279.141845900784,2.0,0.0,0.0049504950495049506,2023-12-01 03:24:15.485827684
60279.14185747485,2.0,0.0,0.0049504950495049506,2023-12-01 03:24:16.485827208
60279.14186904892,2.0,0.0,0.0049504950495049506,2023-12-01 03:24:17.485826969
60279.14188062301,2.0,0.0,0.0049504950495049506,2023-12-01 03:24:18.485827684
60279.141892197076,2.0,0.0,0.0049504950495049506,2023-12-01 03:24:19.485827446
60279.141903771146,2.0,0.0,0.0049504950495049506,2023-12-01 03:24:20.485826969
60279.14191534523,2.0,0.0,0.0049504950495049506,2023-12-01 03:24:21.485827923
60279.1419269193,2.0,0.0,0.0049504950495049506,2023-12-01 03:24:22.485827446
60279.14193849337,2.0,0.0,0.0049504950495049506,2023-12-01 03:24:23.485826969
60279.141950067446,2.0,0.0,0.0049504950495049506,2023-12-01 03:24:24.485827208
60279.14196164152,2.0,1.4142135623730951,0.0049504950495049506,2023-12-01 03:24:25.485827446
60279.14197321559,1.8888888888888888,0.0,0.0044004400440044,2023-12-01 03:24:26.485827208
60279.14198478967,1.7777777777777777,0.0,0.00385038503850385,2023-12-01 03:24:27.485827446
60279.141996363745,1.6666666666666667,0.0,0.0033003300330033012,2023-12-01 03:24:28.485827684
60279.142007937815,1.5555555555555556,0.0,0.00275027502750275,2023-12-01 03:24:29.485827208
60279.14201951189,1.4444444444444444,0.0,0.0022002200220022005,2023-12-01 03:24:30.485827446
60279.14203108597,1.3333333333333335,0.0,0.001650165016501651,2023-12-01 03:24:31.485827684
60279.14204266004,1.2222222222222223,0.0,0.0011001100110011007,2023-12-01 03:24:32.485827208
60279.14205423411,1.1111111111111112,0.0,0.0005500550055005504,2023-12-01 03:24:33.485826969
60279.14206580819,1.0,1.0,0.0,2023-12-01 03:24:34.485827684
60279.14207738226,1.0,0.0,0.0,2023-12-01 03:24:35.485827446
60279.14208895633,1.0,0.0,0.0,2023-12-01 03:24:36.485826969
60279.142100530415,1.0,0.0,0.0,2023-12-01 03:24:37.485827923
60279.142112104484,1.0,0.0,0.0,2023-12-01 03:24:38.485827446
60279.14212367855,1.0,0.0,0.0,2023-12-01 03:24:39.485826969
60279.14213525264,1.0,0.0,0.0,2023-12-01 03:24:40.485827923
60279.14214682671,1.0,1.0,0.0,2023-12-01 03:24:41.485827446
60279.14215840078,1.125,0.0,0.0006188118811881185,2023-12-01 03:24:42.485827208
60279.14216997485,1.25,0.0,0.0012376237623762379,2023-12-01 03:24:43.485827446
60279.14218154893,1.375,0.0,0.0018564356435643563,2023-12-01 03:24:44.485827684
60279.142193123,1.5,0.0,0.002475247524752475,2023-12-01 03:24:45.485827208
60279.14220469708,1.625,0.0,0.003094059405940594,2023-12-01 03:24:46.485827446
60279.14221627115,1.75,0.0,0.0037128712871287136,2023-12-01 03:24:47.485827684
60279.14222784522,1.875,0.0,0.004331683168316831,2023-12-01 03:24:48.485827208
60279.1422394193,2.0,1.4142135623730951,0.0049504950495049506,2023-12-01 03:24:49.485827446
60279.14225099338,1.8888888888888888,0.0,0.0044004400440044,2023-12-01 03:24:50.485827684
60279.142262567446,1.7777777777777777,0.0,0.00385038503850385,2023-12-01 03:24:51.485827208
60279.142274141515,1.6666666666666667,0.0,0.0033003300330033012,2023-12-01 03:24:52.485826969
60279.1422857156,1.5555555555555556,0.0,0.00275027502750275,2023-12-01 03:24:53.485827684
60279.14229728967,1.4444444444444444,0.0,0.0022002200220022005,2023-12-01 03:24:54.485827446
60279.14230886374,1.3333333333333335,0.0,0.001650165016501651,2023-12-01 03:24:55.485826969
60279.14232043782,1.2222222222222223,0.0,0.0011001100110011007,2023-12-01 03:24:56.485827923
60279.14233201189,1.1111111111111112,0.0,0.0005500550055005504,2023-12-01 03:24:57.485827446
60279.14234358596,1.0,1.0,0.0,2023-12-01 03:24:58.485826969
60279.14235516004,1.1428571428571428,0.0,0.0007072135785007065,2023-12-01 03:24:59.485827208
60279.142366734115,1.2857142857142856,0.0,0.0014144271570014138,2023-12-01 03:25:00.485827446
60279.142378308185,1.4285714285714286,0.0,0.002121640735502122,2023-12-01 03:25:01.485827208
60279.14238988226,1.5714285714285714,0.0,0.0028288543140028285,2023-12-01 03:25:02.485827446
60279.14240145634,1.7142857142857142,0.0,0.003536067892503536,2023-12-01 03:25:03.485827684
60279.14241303041,1.8571428571428572,0.0,0.004243281471004243,2023-12-01 03:25:04.485827208
60279.142424604484,2.0,1.4142135623730951,0.0049504950495049506,2023-12-01 03:25:05.485827446
60279.14243617856,1.9375,0.0,0.004641089108910891,2023-12-01 03:25:06.485827684
60279.14244775263,1.875,0.0,0.004331683168316831,2023-12-01 03:25:07.485827208
60279.1424593267,1.8125,0.0,0.0040222772277227715,2023-12-01 03:25:08.485826969
60279.142470900784,1.75,0.0,0.0037128712871287136,2023-12-01 03:25:09.485827684
60279.142482474854,1.6875,0.0,0.003403465346534654,2023-12-01 03:25:10.485827446
60279.14249404892,1.625,0.0,0.003094059405940594,2023-12-01 03:25:11.485826969
60279.14250562301,1.5625,0.0,0.0027846534653465345,2023-12-01 03:25:12.485827923
60279.14251719708,1.5,0.0,0.002475247524752475,2023-12-01 03:25:13.485827446
60279.142528771146,1.4375,0.0,0.002165841584158416,2023-12-01 03:25:14.485826969
60279.14254034522,1.375,0.0,0.0018564356435643563,2023-12-01 03:25:15.485827208
60279.1425519193,1.3125,0.0,0.0015470297029702967,2023-12-01 03:25:16.485827446
60279.14256349337,1.25,0.0,0.0012376237623762379,2023-12-01 03:25:17.485827208
60279.142575067446,1.1875,0.0,0.0009282178217821782,2023-12-01 03:25:18.485827446
60279.14258664152,1.125,0.0,0.0006188118811881185,2023-12-01 03:25:19.485827684
60279.14259821559,1.0625,0.0,0.0003094059405940597,2023-12-01 03:25:20.485827208
60279.14260978967,1.0,1.0,0.0,2023-12-01 03:25:21.485827446
60279.142621363746,1.1176470588235294,0.0,0.0005824111822946999,2023-12-01 03:25:22.485827684
60279.142632937816,1.2352941176470589,0.0,0.0011648223645894006,2023-12-01 03:25:23.485827208
60279.14264451189,1.3529411764705883,0.0,0.0017472335468841005,2023-12-01 03:25:24.485827446
60279.14265608597,1.4705882352941178,0.0,0.002329644729178801,2023-12-01 03:25:25.485827684
60279.14266766004,1.5882352941176472,0.0,0.0029120559114735,2023-12-01 03:25:26.485827446
60279.14267923411,1.7058823529411764,0.0,0.0034944670937682,2023-12-01 03:25:27.485826969
60279.14269080819,1.8235294117647058,0.0,0.0040768782760629,2023-12-01 03:25:28.485827684
60279.14270238226,1.9411764705882353,0.0,0.0046592894583576,2023-12-01 03:25:29.485827446
60279.14271395633,2.0588235294117645,0.0,0.0052417006406523,2023-12-01 03:25:30.485826969
60279.142725530415,2.1764705882352944,0.0,0.005824111822947001,2023-12-01 03:25:31.485827923
60279.142737104485,2.2941176470588234,0.0,0.006406523005241699,2023-12-01 03:25:32.485827446
60279.142748678554,2.411764705882353,0.0,0.006988934187536401,2023-12-01 03:25:33.485826969
60279.14276025263,2.5294117647058822,0.0,0.007571345369831101,2023-12-01 03:25:34.485827208
60279.14277182671,2.6470588235294117,0.0,0.008153756552125802,2023-12-01 03:25:35.485827446
60279.14278340078,2.764705882352941,0.0,0.0087361677344205,2023-12-01 03:25:36.485827208
60279.142794974854,2.8823529411764706,0.0,0.009318578916715201,2023-12-01 03:25:37.485827446
60279.14280654893,3.0,1.7320508075688772,0.0099009900990099,2023-12-01 03:25:38.485827684
60279.142818123,3.142857142857143,0.0,0.010608203677510607,2023-12-01 03:25:39.485827208
60279.14282969708,3.2857142857142856,0.0,0.011315417256011314,2023-12-01 03:25:40.485827446
60279.142841271154,3.4285714285714284,0.0,0.012022630834512021,2023-12-01 03:25:41.485827684
60279.14285284522,3.571428571428571,0.0,0.012729844413012729,2023-12-01 03:25:42.485827208
60279.14286441929,3.7142857142857144,0.0,0.013437057991513436,2023-12-01 03:25:43.485826969
60279.14287599338,3.857142857142857,0.0,0.014144271570014143,2023-12-01 03:25:44.485827684
60279.14288756745,4.0,2.0,0.01485148514851485,2023-12-01 03:25:45.485827446
60279.142899141516,3.75,0.0,0.013613861386138612,2023-12-01 03:25:46.485826969
60279.1429107156,3.5,0.0,0.012376237623762377,2023-12-01 03:25:47.485827923
60279.14292228967,3.25,0.0,0.011138613861386138,2023-12-01 03:25:48.485827446
60279.14293386374,3.0,0.0,0.0099009900990099,2023-12-01 03:25:49.485826969
60279.142945437816,2.75,0.0,0.008663366336633664,2023-12-01 03:25:50.485827208
60279.14295701189,2.5,0.0,0.007425742574257426,2023-12-01 03:25:51.485827446
60279.14296858596,2.25,0.0,0.0061881188118811875,2023-12-01 03:25:52.485827208
60279.14298016004,2.0,1.4142135623730951,0.0049504950495049506,2023-12-01 03:25:53.485827446
60279.142991734116,2.0,0.0,0.0049504950495049506,2023-12-01 03:25:54.485827684
60279.143003308185,2.0,0.0,0.0049504950495049506,2023-12-01 03:25:55.485827208
60279.14301488226,2.0,0.0,0.0049504950495049506,2023-12-01 03:25:56.485827446
60279.14302645634,2.0,0.0,0.0049504950495049506,2023-12-01 03:25:57.485827684
60279.14303803041,2.0,0.0,0.0049504950495049506,2023-12-01 03:25:58.485827208
60279.143049604485,2.0,0.0,0.0049504950495049506,2023-12-01 03:25:59.485827446
60279.14306117856,2.0,0.0,0.0049504950495049506,2023-12-01 03:26:00.485827684
60279.14307275263,2.0,0.0,0.0049504950495049506,2023-12-01 03:26:01.485827446
60279.1430843267,2.0,0.0,0.0049504950495049506,2023-12-01 03:26:02.485826969
60279.143095900785,2.0,0.0,0.0049504950495049506,2023-12-01 03:26:03.485827923
60279.143107474854,2.0,0.0,0.0049504950495049506,2023-12-01 03:26:04.485827446
60279.143119048924,2.0,0.0,0.0049504950495049506,2023-12-01 03:26:05.485826969
60279.14313062301,2.0,0.0,0.0049504950495049506,2023-12-01 03:26:06.485827923
60279.14314219708,2.0,0.0,0.0049504950495049506,2023-12-01 03:26:07.485827446
60279.14315377115,2.0,0.0,0.0049504950495049506,2023-12-01 03:26:08.485827208
60279.143165345224,2.0,1.4142135623730951,0.0049504950495049506,2023-12-01 03:26:09.485827208
60279.1431769193,1.9375,0.0,0.004641089108910891,2023-12-01 03:26:10.485827446
60279.14318849337,1.875,0.0,0.004331683168316831,2023-12-01 03:26:11.485827208
60279.14320006745,1.8125,0.0,0.0040222772277227715,2023-12-01 03:26:12.485827446
60279.14321164152,1.75,0.0,0.0037128712871287136,2023-12-01 03:26:13.485827684
60279.14322321559,1.6875,0.0,0.003403465346534654,2023-12-01 03:26:14.485827208
60279.14323478967,1.625,0.0,0.003094059405940594,2023-12-01 03:26:15.485827446
60279.14324636375,1.5625,0.0,0.0027846534653465345,2023-12-01 03:26:16.485827684
60279.143257937816,1.5,0.0,0.002475247524752475,2023-12-01 03:26:17.485827208
60279.143269511886,1.4375,0.0,0.002165841584158416,2023-12-01 03:26:18.485826969
60279.14328108597,1.375,0.0,0.0018564356435643563,2023-12-01 03:26:19.485827684
60279.14329266004,1.3125,0.0,0.0015470297029702967,2023-12-01 03:26:20.485827446
60279.14330423411,1.25,0.0,0.0012376237623762379,2023-12-01 03:26:21.485826969
60279.14331580819,1.1875,0.0,0.0009282178217821782,2023-12-01 03:26:22.485827923
60279.14332738226,1.125,0.0,0.0006188118811881185,2023-12-01 03:26:23.485827446
60279.14333895633,1.0625,0.0,0.0003094059405940597,2023-12-01 03:26:24.485826969
60279.14335053041,1.0,1.0,0.0,2023-12-01 03:26:25.485827208
60279.143362104485,1.25,0.0,0.0012376237623762379,2023-12-01 03:26:26.485827446
60279.143373678555,1.5,0.0,0.002475247524752475,2023-12-01 03:26:27.485827208
60279.14338525263,1.75,0.0,0.0037128712871287136,2023-12-01 03:26:28.485827446
60279.14339682671,2.0,0.0,0.0049504950495049506,2023-12-01 03:26:29.485827684
60279.14340840078,2.25,0.0,0.0061881188118811875,2023-12-01 03:26:30.485827208
60279.143419974855,2.5,0.0,0.007425742574257426,2023-12-01 03:26:31.485827446
60279.14343154893,2.75,0.0,0.008663366336633664,2023-12-01 03:26:32.485827684
60279.143443123,3.0,1.7320508075688772,0.0099009900990099,2023-12-01 03:26:33.485827208
60279.14345469707,2.9375,0.0,0.009591584158415843,2023-12-01 03:26:34.485826969
60279.143466271154,2.875,0.0,0.009282178217821783,2023-12-01 03:26:35.485827684
60279.143477845224,2.8125,0.0,0.008972772277227724,2023-12-01 03:26:36.485827446
60279.14348941929,2.75,0.0,0.008663366336633664,2023-12-01 03:26:37.485826969
60279.14350099338,2.6875,0.0,0.008353960396039604,2023-12-01 03:26:38.485827923
60279.14351256745,2.625,0.0,0.008044554455445545,2023-12-01 03:26:39.485827446
60279.14352414152,2.5625,0.0,0.007735148514851486,2023-12-01 03:26:40.485826969
60279.1435357156,2.5,0.0,0.007425742574257426,2023-12-01 03:26:41.485827923
60279.14354728967,2.4375,0.0,0.007116336633663367,2023-12-01 03:26:42.485827446
60279.14355886374,2.375,0.0,0.006806930693069307,2023-12-01 03:26:43.485827208
60279.14357043782,2.3125,0.0,0.006497524752475247,2023-12-01 03:26:44.485827446
60279.14358201189,2.25,0.0,0.0061881188118811875,2023-12-01 03:26:45.485827684
60279.14359358596,2.1875,0.0,0.00587871287128713,2023-12-01 03:26:46.485827208
60279.14360516004,2.125,0.0,0.00556930693069307,2023-12-01 03:26:47.485827446
60279.143616734116,2.0625,0.0,0.00525990099009901,2023-12-01 03:26:48.485827684
60279.143628308186,2.0,0.0,0.0049504950495049506,2023-12-01 03:26:49.485827208
60279.14363988226,1.9375,0.0,0.004641089108910891,2023-12-01 03:26:50.485827446
60279.14365145634,1.875,0.0,0.004331683168316831,2023-12-01 03:26:51.485827684
60279.14366303041,1.8125,0.0,0.0040222772277227715,2023-12-01 03:26:52.485827208
60279.14367460448,1.75,0.0,0.0037128712871287136,2023-12-01 03:26:53.485826969
60279.14368617856,1.6875,0.0,0.003403465346534654,2023-12-01 03:26:54.485827684
60279.14369775263,1.625,0.0,0.003094059405940594,2023-12-01 03:26:55.485827446
60279.1437093267,1.5625,0.0,0.0027846534653465345,2023-12-01 03:26:56.485826969
60279.143720900785,1.5,0.0,0.002475247524752475,2023-12-01 03:26:57.485827923
60279.143732474855,1.4375,0.0,0.002165841584158416,2023-12-01 03:26:58.485827446
60279.143744048924,1.375,0.0,0.0018564356435643563,2023-12-01 03:26:59.485826969
60279.143755623,1.3125,0.0,0.0015470297029702967,2023-12-01 03:27:00.485827208
60279.14376719708,1.25,0.0,0.0012376237623762379,2023-12-01 03:27:01.485827446
60279.14377877115,1.1875,0.0,0.0009282178217821782,2023-12-01 03:27:02.485827208
60279.143790345224,1.125,0.0,0.0006188118811881185,2023-12-01 03:27:03.485827446
60279.1438019193,1.0625,0.0,0.0003094059405940597,2023-12-01 03:27:04.485827684
60279.14381349337,1.0,1.0,0.0,2023-12-01 03:27:05.485827208
60279.14382506745,1.125,0.0,0.0006188118811881185,2023-12-01 03:27:06.485827446
60279.143836641524,1.25,0.0,0.0012376237623762379,2023-12-01 03:27:07.485827684
60279.14384821559,1.375,0.0,0.0018564356435643563,2023-12-01 03:27:08.485827208
60279.14385978966,1.5,0.0,0.002475247524752475,2023-12-01 03:27:09.485826969
60279.14387136375,1.625,0.0,0.003094059405940594,2023-12-01 03:27:10.485827684
60279.14388293782,1.75,0.0,0.0037128712871287136,2023-12-01 03:27:11.485827446
60279.143894511886,1.875,0.0,0.004331683168316831,2023-12-01 03:27:12.485826969
60279.14390608597,2.0,1.4142135623730951,0.0049504950495049506,2023-12-01 03:27:13.485827923
60279.14391766004,2.125,0.0,0.00556930693069307,2023-12-01 03:27:14.485827446
60279.14392923411,2.25,0.0,0.0061881188118811875,2023-12-01 03:27:15.485826969
60279.14394080819,2.375,0.0,0.006806930693069307,2023-12-01 03:27:16.485827923
60279.14395238226,2.5,0.0,0.007425742574257426,2023-12-01 03:27:17.485827446
60279.14396395633,2.625,0.0,0.008044554455445545,2023-12-01 03:27:18.485827208
60279.14397553041,2.75,0.0,0.008663366336633664,2023-12-01 03:27:19.485827446
60279.143987104486,2.875,0.0,0.009282178217821783,2023-12-01 03:27:20.485827684
60279.143998678555,3.0,1.7320508075688772,0.0099009900990099,2023-12-01 03:27:21.485827208
60279.14401025263,3.0625,0.0,0.010210396039603959,2023-12-01 03:27:22.485827446
60279.14402182671,3.125,0.0,0.010519801980198019,2023-12-01 03:27:23.485827684
60279.14403340078,3.1875,0.0,0.010829207920792078,2023-12-01 03:27:24.485827208
60279.144044974855,3.25,0.0,0.011138613861386138,2023-12-01 03:27:25.485827446
60279.14405654893,3.3125,0.0,0.011448019801980198,2023-12-01 03:27:26.485827684
60279.144068123,3.375,0.0,0.011757425742574257,2023-12-01 03:27:27.485827446
60279.14407969707,3.4375,0.0,0.012066831683168317,2023-12-01 03:27:28.485826969
60279.144091271155,3.5,0.0,0.012376237623762377,2023-12-01 03:27:29.485827684
60279.144102845225,3.5625,0.0,0.012685643564356437,2023-12-01 03:27:30.485827446
60279.144114419294,3.625,0.0,0.012995049504950493,2023-12-01 03:27:31.485826969
60279.14412599338,3.6875,0.0,0.013304455445544552,2023-12-01 03:27:32.485827923
60279.14413756745,3.75,0.0,0.013613861386138612,2023-12-01 03:27:33.485827446
60279.14414914152,3.8125,0.0,0.013923267326732672,2023-12-01 03:27:34.485826969
60279.144160715594,3.875,0.0,0.014232673267326731,2023-12-01 03:27:35.485827208
60279.14417228967,3.9375,0.0,0.014542079207920791,2023-12-01 03:27:36.485827446
60279.14418386374,4.0,2.0,0.01485148514851485,2023-12-01 03:27:37.485827208
60279.14419543782,3.888888888888889,0.0,0.014301430143014302,2023-12-01 03:27:38.485827446
60279.144207011894,3.7777777777777777,0.0,0.01375137513751375,2023-12-01 03:27:39.485827684
60279.14421858596,3.6666666666666665,0.0,0.013201320132013201,2023-12-01 03:27:40.485827208
60279.14423016004,3.5555555555555554,0.0,0.01265126512651265,2023-12-01 03:27:41.485827446
60279.14424173412,3.4444444444444446,0.0,0.0121012101210121,2023-12-01 03:27:42.485827684
60279.144253308186,3.3333333333333335,0.0,0.011551155115511552,2023-12-01 03:27:43.485827208
60279.144264882256,3.2222222222222223,0.0,0.011001100110011,2023-12-01 03:27:44.485826969
60279.14427645634,3.111111111111111,0.0,0.010451045104510451,2023-12-01 03:27:45.485827684
60279.14428803041,3.0,1.7320508075688772,0.0099009900990099,2023-12-01 03:27:46.485827446
60279.14429960448,2.7142857142857144,0.0,0.008486562942008488,2023-12-01 03:27:47.485826969
60279.14431117856,2.428571428571429,0.0,0.007072135785007074,2023-12-01 03:27:48.485827923
60279.14432275263,2.142857142857143,0.0,0.005657708628005658,2023-12-01 03:27:49.485827446
60279.1443343267,1.8571428571428572,0.0,0.004243281471004243,2023-12-01 03:27:50.485826969
60279.14434590078,1.5714285714285716,0.0,0.0028288543140028303,2023-12-01 03:27:51.485827208
60279.144357474855,1.2857142857142858,0.0,0.0014144271570014147,2023-12-01 03:27:52.485827446
60279.144369048925,1.0,1.0,0.0,2023-12-01 03:27:53.485827208
60279.144380623,1.0,0.0,0.0,2023-12-01 03:27:54.485827446
60279.14439219708,1.0,0.0,0.0,2023-12-01 03:27:55.485827684
60279.14440377115,1.0,0.0,0.0,2023-12-01 03:27:56.485827208
60279.144415345225,1.0,0.0,0.0,2023-12-01 03:27:57.485827446
60279.1444269193,1.0,0.0,0.0,2023-12-01 03:27:58.485827684
60279.14443849337,1.0,0.0,0.0,2023-12-01 03:27:59.485827208
60279.14445006745,1.0,0.0,0.0,2023-12-01 03:28:00.485827446
60279.144461641525,1.0,1.0,0.0,2023-12-01 03:28:01.485827684
60279.144473215594,1.0,0.0,0.0,2023-12-01 03:28:02.485827446
60279.144484789664,1.0,0.0,0.0,2023-12-01 03:28:03.485826969
60279.14449636375,1.0,0.0,0.0,2023-12-01 03:28:04.485827923
60279.14450793782,1.0,0.0,0.0,2023-12-01 03:28:05.485827446
60279.14451951189,1.0,0.0,0.0,2023-12-01 03:28:06.485826969
60279.14453108597,1.0,0.0,0.0,2023-12-01 03:28:07.485827923
60279.14454266004,1.0,0.0,0.0,2023-12-01 03:28:08.485827446
60279.14455423411,1.0,1.0,0.0,2023-12-01 03:28:09.485826969
60279.14456580819,1.0,0.0,0.0,2023-12-01 03:28:10.485827208
60279.14457738226,1.0,0.0,0.0,2023-12-01 03:28:11.485827446
60279.14458895633,1.0,0.0,0.0,2023-12-01 03:28:12.485827208
60279.14460053041,1.0,0.0,0.0,2023-12-01 03:28:13.485827446
60279.14461210449,1.0,0.0,0.0,2023-12-01 03:28:14.485827684
60279.144623678556,1.0,0.0,0.0,2023-12-01 03:28:15.485827208
60279.14463525263,1.0,0.0,0.0,2023-12-01 03:28:16.485827446
60279.14464682671,1.0,0.0,0.0,2023-12-01 03:28:17.485827684
60279.14465840078,1.0,0.0,0.0,2023-12-01 03:28:18.485827208
60279.14466997485,1.0,0.0,0.0,2023-12-01 03:28:19.485826969
60279.14468154893,1.0,0.0,0.0,2023-12-01 03:28:20.485827684
60279.144693123,1.0,0.0,0.0,2023-12-01 03:28:21.485827446
60279.14470469707,1.0,0.0,0.0,2023-12-01 03:28:22.485826969
60279.144716271156,1.0,0.0,0.0,2023-12-01 03:28:23.485827923
60279.144727845225,1.0,0.0,0.0,2023-12-01 03:28:24.485827446
60279.144739419295,1.0,1.0,0.0,2023-12-01 03:28:25.485826969
60279.14475099337,1.125,0.0,0.0006188118811881185,2023-12-01 03:28:26.485827208
60279.14476256745,1.25,0.0,0.0012376237623762379,2023-12-01 03:28:27.485827446
60279.14477414152,1.375,0.0,0.0018564356435643563,2023-12-01 03:28:28.485827208
60279.144785715594,1.5,0.0,0.002475247524752475,2023-12-01 03:28:29.485827446
60279.14479728967,1.625,0.0,0.003094059405940594,2023-12-01 03:28:30.485827684
60279.14480886374,1.75,0.0,0.0037128712871287136,2023-12-01 03:28:31.485827208
60279.14482043782,1.875,0.0,0.004331683168316831,2023-12-01 03:28:32.485827446
60279.144832011894,2.0,1.4142135623730951,0.0049504950495049506,2023-12-01 03:28:33.485827684
60279.144843585964,2.0,0.0,0.0049504950495049506,2023-12-01 03:28:34.485827208
60279.14485516003,2.0,0.0,0.0049504950495049506,2023-12-01 03:28:35.485826969
60279.14486673412,2.0,0.0,0.0049504950495049506,2023-12-01 03:28:36.485827684
60279.14487830819,2.0,0.0,0.0049504950495049506,2023-12-01 03:28:37.485827446
60279.14488988226,2.0,0.0,0.0049504950495049506,2023-12-01 03:28:38.485826969
60279.14490145634,2.0,0.0,0.0049504950495049506,2023-12-01 03:28:39.485827923
60279.14491303041,2.0,0.0,0.0049504950495049506,2023-12-01 03:28:40.485827446
60279.14492460448,2.0,1.4142135623730951,0.0049504950495049506,2023-12-01 03:28:41.485826969
60279.14493617856,2.125,0.0,0.00556930693069307,2023-12-01 03:28:42.485827923
60279.14494775263,2.25,0.0,0.0061881188118811875,2023-12-01 03:28:43.485827446
60279.1449593267,2.375,0.0,0.006806930693069307,2023-12-01 03:28:44.485827208
60279.14497090078,2.5,0.0,0.007425742574257426,2023-12-01 03:28:45.485827446
60279.144982474856,2.625,0.0,0.008044554455445545,2023-12-01 03:28:46.485827446
60279.144994048926,2.75,0.0,0.008663366336633664,2023-12-01 03:28:47.485827208
60279.145005623,2.875,0.0,0.009282178217821783,2023-12-01 03:28:48.485827446
60279.14501719708,3.0,1.7320508075688772,0.0099009900990099,2023-12-01 03:28:49.485827684
60279.14502877115,3.0,0.0,0.0099009900990099,2023-12-01 03:28:50.485827208
60279.145040345225,3.0,0.0,0.0099009900990099,2023-12-01 03:28:51.485827446
60279.1450519193,3.0,0.0,0.0099009900990099,2023-12-01 03:28:52.485827684
60279.14506349337,3.0,0.0,0.0099009900990099,2023-12-01 03:28:53.485827208
60279.14507506744,3.0,0.0,0.0099009900990099,2023-12-01 03:28:54.485826969
60279.145086641525,3.0,0.0,0.0099009900990099,2023-12-01 03:28:55.485827684
60279.145098215595,3.0,0.0,0.0099009900990099,2023-12-01 03:28:56.485827446
60279.145109789664,3.0,1.7320508075688772,0.0099009900990099,2023-12-01 03:28:57.485826969
60279.14512136375,3.0,0.0,0.0099009900990099,2023-12-01 03:28:58.485827923
60279.14513293782,3.0,0.0,0.0099009900990099,2023-12-01 03:28:59.485827446
60279.14514451189,3.0,0.0,0.0099009900990099,2023-12-01 03:29:00.485826969
60279.145156085964,3.0,0.0,0.0099009900990099,2023-12-01 03:29:01.485827208
60279.14516766004,3.0,0.0,0.0099009900990099,2023-12-01 03:29:02.485827446
60279.14517923411,3.0,0.0,0.0099009900990099,2023-12-01 03:29:03.485827208
60279.14519080819,3.0,0.0,0.0099009900990099,2023-12-01 03:29:04.485827446
60279.145202382264,3.0,1.7320508075688772,0.0099009900990099,2023-12-01 03:29:05.485827684
60279.14521395633,2.875,0.0,0.009282178217821783,2023-12-01 03:29:06.485827208
60279.14522553041,2.75,0.0,0.008663366336633664,2023-12-01 03:29:07.485827446
60279.14523710449,2.625,0.0,0.008044554455445545,2023-12-01 03:29:08.485827684
60279.14524867856,2.5,0.0,0.007425742574257426,2023-12-01 03:29:09.485827208
60279.145260252626,2.375,0.0,0.006806930693069307,2023-12-01 03:29:10.485826969
60279.14527182671,2.25,0.0,0.0061881188118811875,2023-12-01 03:29:11.485827684
60279.14528340078,2.125,0.0,0.00556930693069307,2023-12-01 03:29:12.485827446
60279.14529497485,2.0,1.4142135623730951,0.0049504950495049506,2023-12-01 03:29:13.485826969
60279.14530654893,2.235294117647059,0.0,0.00611531741409435,2023-12-01 03:29:14.485827923
60279.145318123,2.4705882352941178,0.0,0.007280139778683752,2023-12-01 03:29:15.485827446
60279.14532969707,2.7058823529411766,0.0,0.00844496214327315,2023-12-01 03:29:16.485826969
60279.145341271156,2.9411764705882355,0.0,0.009609784507862554,2023-12-01 03:29:17.485827923
60279.145352845226,3.1764705882352944,0.0,0.01077460687245195,2023-12-01 03:29:18.485827446
60279.145364419295,3.411764705882353,0.0,0.01193942923704135,2023-12-01 03:29:19.485827208
60279.14537599337,3.6470588235294117,0.0,0.01310425160163075,2023-12-01 03:29:20.485827446
60279.14538756745,3.8823529411764706,0.0,0.01426907396622015,2023-12-01 03:29:21.485827684
60279.14539914152,4.117647058823529,0.0,0.015433896330809549,2023-12-01 03:29:22.485827208
60279.145410715595,4.352941176470589,0.0,0.016598718695398952,2023-12-01 03:29:23.485827446
60279.14542228967,4.588235294117647,0.0,0.01776354105998835,2023-12-01 03:29:24.485827684
60279.14543386374,4.823529411764706,0.0,0.01892836342457775,2023-12-01 03:29:25.485827208
60279.14544543782,5.0588235294117645,0.0,0.02009318578916715,2023-12-01 03:29:26.485827446
60279.145457011895,5.294117647058823,0.0,0.02125800815375655,2023-12-01 03:29:27.485827684
60279.145468585964,5.529411764705882,0.0,0.02242283051834595,2023-12-01 03:29:28.485827208
60279.145480160034,5.764705882352941,0.0,0.02358765288293535,2023-12-01 03:29:29.485826969
60279.14549173412,6.0,2.449489742783178,0.02475247524752475,2023-12-01 03:29:30.485827684
60279.14550330819,5.285714285714286,0.0,0.021216407355021213,2023-12-01 03:29:31.485827446
60279.14551488226,4.571428571428571,0.0,0.017680339462517677,2023-12-01 03:29:32.485826969
60279.14552645634,3.857142857142857,0.0,0.014144271570014143,2023-12-01 03:29:33.485827923
60279.14553803041,3.142857142857143,0.0,0.010608203677510607,2023-12-01 03:29:34.485827446
60279.14554960448,2.4285714285714284,0.0,0.007072135785007071,2023-12-01 03:29:35.485826969
60279.14556117856,1.7142857142857144,0.0,0.0035360678925035376,2023-12-01 03:29:36.485827208
60279.14557275263,1.0,1.0,0.0,2023-12-01 03:29:37.485827446
60279.1455843267,1.0,0.0,0.0,2023-12-01 03:29:38.485827208
60279.14559590078,1.0,0.0,0.0,2023-12-01 03:29:39.485827446
60279.14560747486,1.0,0.0,0.0,2023-12-01 03:29:40.485827684
60279.145619048926,1.0,0.0,0.0,2023-12-01 03:29:41.485827208
60279.145630623,1.0,0.0,0.0,2023-12-01 03:29:42.485827446
60279.14564219708,1.0,0.0,0.0,2023-12-01 03:29:43.485827684
60279.14565377115,1.0,0.0,0.0,2023-12-01 03:29:44.485827208
60279.14566534522,1.0,1.0,0.0,2023-12-01 03:29:45.485826969
60279.1456769193,1.0,0.0,0.0,2023-12-01 03:29:46.485827684
60279.14568849337,1.0,0.0,0.0,2023-12-01 03:29:47.485827446
60279.14570006744,1.0,0.0,0.0,2023-12-01 03:29:48.485826969
60279.145711641526,1.0,0.0,0.0,2023-12-01 03:29:49.485827923
60279.145723215595,1.0,0.0,0.0,2023-12-01 03:29:50.485827446
60279.145734789665,1.0,0.0,0.0,2023-12-01 03:29:51.485826969
60279.14574636374,1.0,0.0,0.0,2023-12-01 03:29:52.485827208
60279.14575793782,1.0,1.0,0.0,2023-12-01 03:29:53.485827446
60279.14576951189,1.375,0.0,0.0018564356435643563,2023-12-01 03:29:54.485827208
60279.145781085965,1.75,0.0,0.0037128712871287136,2023-12-01 03:29:55.485827446
60279.14579266004,2.125,0.0,0.00556930693069307,2023-12-01 03:29:56.485827684
60279.14580423411,2.5,0.0,0.007425742574257426,2023-12-01 03:29:57.485827208
60279.14581580819,2.875,0.0,0.009282178217821783,2023-12-01 03:29:58.485827446
60279.145827382265,3.25,0.0,0.011138613861386138,2023-12-01 03:29:59.485827684
60279.145838956334,3.625,0.0,0.012995049504950493,2023-12-01 03:30:00.485827208
60279.14585053041,4.0,2.0,0.01485148514851485,2023-12-01 03:30:01.485827446
60279.14586210449,4.0,0.0,0.01485148514851485,2023-12-01 03:30:02.485827684
60279.14587367856,4.0,0.0,0.01485148514851485,2023-12-01 03:30:03.485827446
60279.14588525263,4.0,0.0,0.01485148514851485,2023-12-01 03:30:04.485826969
60279.14589682671,4.0,0.0,0.01485148514851485,2023-12-01 03:30:05.485827684
60279.14590840078,4.0,0.0,0.01485148514851485,2023-12-01 03:30:06.485827446
60279.14591997485,4.0,0.0,0.01485148514851485,2023-12-01 03:30:07.485826969
60279.145931548934,4.0,0.0,0.01485148514851485,2023-12-01 03:30:08.485827923
60279.145943123,4.0,2.0,0.01485148514851485,2023-12-01 03:30:09.485827446
60279.14595469707,4.0,0.0,0.01485148514851485,2023-12-01 03:30:10.485826969
60279.14596627115,4.0,0.0,0.01485148514851485,2023-12-01 03:30:11.485827208
60279.145977845226,4.0,0.0,0.01485148514851485,2023-12-01 03:30:12.485827446
60279.145989419296,4.0,0.0,0.01485148514851485,2023-12-01 03:30:13.485827208
60279.14600099337,4.0,0.0,0.01485148514851485,2023-12-01 03:30:14.485827446
60279.14601256745,4.0,0.0,0.01485148514851485,2023-12-01 03:30:15.485827684
60279.14602414152,4.0,0.0,0.01485148514851485,2023-12-01 03:30:16.485827208
60279.146035715596,4.0,2.0,0.01485148514851485,2023-12-01 03:30:17.485827446
60279.14604728967,3.75,0.0,0.013613861386138612,2023-12-01 03:30:18.485827684
60279.14605886374,3.5,0.0,0.012376237623762377,2023-12-01 03:30:19.485827208
60279.14607043781,3.25,0.0,0.011138613861386138,2023-12-01 03:30:20.485826969
60279.146082011895,3.0,0.0,0.0099009900990099,2023-12-01 03:30:21.485827684
60279.146093585965,2.75,0.0,0.008663366336633664,2023-12-01 03:30:22.485827446
60279.146105160034,2.5,0.0,0.007425742574257426,2023-12-01 03:30:23.485826969
60279.14611673412,2.25,0.0,0.0061881188118811875,2023-12-01 03:30:24.485827923
60279.14612830819,2.0,1.4142135623730951,0.0049504950495049506,2023-12-01 03:30:25.485827446
60279.14613988226,1.8888888888888888,0.0,0.0044004400440044,2023-12-01 03:30:26.485826969
60279.146151456334,1.7777777777777777,0.0,0.00385038503850385,2023-12-01 03:30:27.485827208
60279.14616303041,1.6666666666666667,0.0,0.0033003300330033012,2023-12-01 03:30:28.485827446
60279.14617460448,1.5555555555555556,0.0,0.00275027502750275,2023-12-01 03:30:29.485827208
60279.14618617856,1.4444444444444444,0.0,0.0022002200220022005,2023-12-01 03:30:30.485827446
60279.146197752634,1.3333333333333335,0.0,0.001650165016501651,2023-12-01 03:30:31.485827684
60279.146209326704,1.2222222222222223,0.0,0.0011001100110011007,2023-12-01 03:30:32.485827208
60279.14622090078,1.1111111111111112,0.0,0.0005500550055005504,2023-12-01 03:30:33.485827446
60279.14623247486,1.0,1.0,0.0,2023-12-01 03:30:34.485827684
60279.14624404893,1.1428571428571428,0.0,0.0007072135785007065,2023-12-01 03:30:35.485827208
60279.146255623,1.2857142857142856,0.0,0.0014144271570014138,2023-12-01 03:30:36.485827446
60279.14626719708,1.4285714285714286,0.0,0.002121640735502122,2023-12-01 03:30:37.485827684
60279.14627877115,1.5714285714285714,0.0,0.0028288543140028285,2023-12-01 03:30:38.485827446
60279.14629034522,1.7142857142857142,0.0,0.003536067892503536,2023-12-01 03:30:39.485826969
60279.1463019193,1.8571428571428572,0.0,0.004243281471004243,2023-12-01 03:30:40.485827923
60279.14631349337,2.0,1.4142135623730951,0.0049504950495049506,2023-12-01 03:30:41.485827446
60279.14632506744,2.0,0.0,0.0049504950495049506,2023-12-01 03:30:42.485826969
60279.14633664153,2.0,0.0,0.0049504950495049506,2023-12-01 03:30:43.485827923
60279.146348215596,2.0,0.0,0.0049504950495049506,2023-12-01 03:30:44.485827446
60279.146359789665,2.0,0.0,0.0049504950495049506,2023-12-01 03:30:45.485827208
60279.14637136374,2.0,0.0,0.0049504950495049506,2023-12-01 03:30:46.485827446
60279.14638293782,2.0,0.0,0.0049504950495049506,2023-12-01 03:30:47.485827446
60279.14639451189,2.0,0.0,0.0049504950495049506,2023-12-01 03:30:48.485827208
60279.146406085965,2.0,1.4142135623730951,0.0049504950495049506,2023-12-01 03:30:49.485827446
60279.14641766004,1.875,0.0,0.004331683168316831,2023-12-01 03:30:50.485827684
60279.14642923411,1.75,0.0,0.0037128712871287136,2023-12-01 03:30:51.485827208
60279.14644080819,1.625,0.0,0.003094059405940594,2023-12-01 03:30:52.485827446
60279.146452382265,1.5,0.0,0.002475247524752475,2023-12-01 03:30:53.485827684
60279.146463956335,1.375,0.0,0.0018564356435643563,2023-12-01 03:30:54.485827208
60279.146475530404,1.25,0.0,0.0012376237623762379,2023-12-01 03:30:55.485826969
60279.14648710449,1.125,0.0,0.0006188118811881185,2023-12-01 03:30:56.485827684
60279.14649867856,1.0,1.0,0.0,2023-12-01 03:30:57.485827446
60279.14651025263,1.125,0.0,0.0006188118811881185,2023-12-01 03:30:58.485826969
60279.14652182671,1.25,0.0,0.0012376237623762379,2023-12-01 03:30:59.485827923
60279.14653340078,1.375,0.0,0.0018564356435643563,2023-12-01 03:31:00.485827446
60279.14654497485,1.5,0.0,0.002475247524752475,2023-12-01 03:31:01.485826969
60279.14655654893,1.625,0.0,0.003094059405940594,2023-12-01 03:31:02.485827208
60279.146568123004,1.75,0.0,0.0037128712871287136,2023-12-01 03:31:03.485827446
60279.14657969707,1.875,0.0,0.004331683168316831,2023-12-01 03:31:04.485827208
60279.14659127115,2.0,1.4142135623730951,0.0049504950495049506,2023-12-01 03:31:05.485827446
60279.14660284523,2.3333333333333335,0.0,0.006600660066006602,2023-12-01 03:31:06.485827684
60279.1466144193,2.6666666666666665,0.0,0.00825082508250825,2023-12-01 03:31:07.485827208
60279.14662599337,3.0,0.0,0.0099009900990099,2023-12-01 03:31:08.485827446
60279.14663756745,3.333333333333333,0.0,0.011551155115511549,2023-12-01 03:31:09.485827684
60279.14664914152,3.6666666666666665,0.0,0.013201320132013201,2023-12-01 03:31:10.485827208
60279.14666071559,4.0,0.0,0.01485148514851485,2023-12-01 03:31:11.485826969
60279.14667228967,4.333333333333333,0.0,0.0165016501650165,2023-12-01 03:31:12.485827684
60279.14668386374,4.666666666666666,0.0,0.01815181518151815,2023-12-01 03:31:13.485827446
60279.14669543781,5.0,2.23606797749979,0.019801980198019802,2023-12-01 03:31:14.485826969
60279.146707011896,4.714285714285714,0.0,0.018387553041018388,2023-12-01 03:31:15.485827923
60279.146718585966,4.428571428571429,0.0,0.016973125884016973,2023-12-01 03:31:16.485827446
60279.146730160035,4.142857142857143,0.0,0.015558698727015562,2023-12-01 03:31:17.485826969
60279.14674173412,3.857142857142857,0.0,0.014144271570014143,2023-12-01 03:31:18.485827923
60279.14675330819,3.5714285714285716,0.0,0.012729844413012729,2023-12-01 03:31:19.485827446
60279.14676488226,3.2857142857142856,0.0,0.011315417256011314,2023-12-01 03:31:20.485827208
60279.146776456335,3.0,1.7320508075688772,0.0099009900990099,2023-12-01 03:31:21.485827446
60279.14678803041,2.9411764705882355,0.0,0.009609784507862554,2023-12-01 03:31:22.485827684
60279.14679960448,2.8823529411764706,0.0,0.009318578916715201,2023-12-01 03:31:23.485827208
60279.14681117856,2.823529411764706,0.0,0.009027373325567852,2023-12-01 03:31:24.485827446
60279.146822752635,2.764705882352941,0.0,0.0087361677344205,2023-12-01 03:31:25.485827684
60279.146834326704,2.7058823529411766,0.0,0.00844496214327315,2023-12-01 03:31:26.485827208
60279.14684590078,2.6470588235294117,0.0,0.008153756552125802,2023-12-01 03:31:27.485827446
60279.14685747486,2.588235294117647,0.0,0.007862550960978452,2023-12-01 03:31:28.485827684
60279.14686904893,2.5294117647058822,0.0,0.007571345369831101,2023-12-01 03:31:29.485827208
60279.146880623,2.4705882352941178,0.0,0.007280139778683752,2023-12-01 03:31:30.485826969
60279.14689219708,2.411764705882353,0.0,0.006988934187536401,2023-12-01 03:31:31.485827684
60279.14690377115,2.3529411764705883,0.0,0.006697728596389052,2023-12-01 03:31:32.485827446
60279.14691534522,2.2941176470588234,0.0,0.006406523005241699,2023-12-01 03:31:33.485826969
60279.146926919304,2.235294117647059,0.0,0.00611531741409435,2023-12-01 03:31:34.485827923
60279.14693849337,2.1764705882352944,0.0,0.005824111822947001,2023-12-01 03:31:35.485827446
60279.14695006744,2.1176470588235294,0.0,0.00553290623179965,2023-12-01 03:31:36.485826969
60279.14696164152,2.0588235294117645,0.0,0.0052417006406523,2023-12-01 03:31:37.485827208
60279.1469732156,2.0,1.4142135623730951,0.0049504950495049506,2023-12-01 03:31:38.485827446
60279.146984789666,2.0,0.0,0.0049504950495049506,2023-12-01 03:31:39.485827208
60279.14699636374,2.0,0.0,0.0049504950495049506,2023-12-01 03:31:40.485827446
60279.14700793782,2.0,0.0,0.0049504950495049506,2023-12-01 03:31:41.485827684
60279.14701951189,2.0,0.0,0.0049504950495049506,2023-12-01 03:31:42.485827208
60279.147031085966,2.0,0.0,0.0049504950495049506,2023-12-01 03:31:43.485827446
60279.14704266004,2.0,0.0,0.0049504950495049506,2023-12-01 03:31:44.485827684
60279.14705423411,2.0,1.4142135623730951,0.0049504950495049506,2023-12-01 03:31:45.485827208
60279.14706580818,2.125,0.0,0.00556930693069307,2023-12-01 03:31:46.485826969
60279.147077382266,2.25,0.0,0.0061881188118811875,2023-12-01 03:31:47.485827684
60279.147088956335,2.375,0.0,0.006806930693069307,2023-12-01 03:31:48.485827446
60279.147100530405,2.5,0.0,0.007425742574257426,2023-12-01 03:31:49.485826969
60279.14711210449,2.625,0.0,0.008044554455445545,2023-12-01 03:31:50.485827923
60279.14712367856,2.75,0.0,0.008663366336633664,2023-12-01 03:31:51.485827446
60279.14713525263,2.875,0.0,0.009282178217821783,2023-12-01 03:31:52.485826969
60279.147146826705,3.0,1.7320508075688772,0.0099009900990099,2023-12-01 03:31:53.485827208
60279.14715840078,3.125,0.0,0.010519801980198019,2023-12-01 03:31:54.485827446
60279.14716997485,3.25,0.0,0.011138613861386138,2023-12-01 03:31:55.485827208
60279.14718154893,3.375,0.0,0.011757425742574257,2023-12-01 03:31:56.485827446
60279.147193123004,3.5,0.0,0.012376237623762377,2023-12-01 03:31:57.485827684
60279.147204697074,3.625,0.0,0.012995049504950493,2023-12-01 03:31:58.485827208
60279.14721627115,3.75,0.0,0.013613861386138612,2023-12-01 03:31:59.485827446
60279.14722784523,3.875,0.0,0.014232673267326731,2023-12-01 03:32:00.485827684
60279.1472394193,4.0,2.0,0.01485148514851485,2023-12-01 03:32:01.485827208
60279.147250993374,3.625,0.0,0.012995049504950493,2023-12-01 03:32:02.485827446
60279.14726256745,3.25,0.0,0.011138613861386138,2023-12-01 03:32:03.485827684
60279.14727414152,2.875,0.0,0.009282178217821783,2023-12-01 03:32:04.485827446
60279.14728571559,2.5,0.0,0.007425742574257426,2023-12-01 03:32:05.485826969
60279.14729728967,2.125,0.0,0.00556930693069307,2023-12-01 03:32:06.485827684
60279.14730886374,1.75,0.0,0.0037128712871287136,2023-12-01 03:32:07.485827446
60279.14732043781,1.375,0.0,0.0018564356435643563,2023-12-01 03:32:08.485826969
60279.1473320119,1.0,1.0,0.0,2023-12-01 03:32:09.485827923
60279.147343585966,1.25,0.0,0.0012376237623762379,2023-12-01 03:32:10.485827446
60279.147355160036,1.5,0.0,0.002475247524752475,2023-12-01 03:32:11.485826969
60279.14736673411,1.75,0.0,0.0037128712871287136,2023-12-01 03:32:12.485827208
60279.14737830819,2.0,0.0,0.0049504950495049506,2023-12-01 03:32:13.485827446
60279.14738988226,2.25,0.0,0.0061881188118811875,2023-12-01 03:32:14.485827208
60279.147401456336,2.5,0.0,0.007425742574257426,2023-12-01 03:32:15.485827446
60279.14741303041,2.75,0.0,0.008663366336633664,2023-12-01 03:32:16.485827684
60279.14742460448,3.0,0.0,0.0099009900990099,2023-12-01 03:32:17.485827208
60279.14743617856,3.25,0.0,0.011138613861386138,2023-12-01 03:32:18.485827446
60279.147447752635,3.5,0.0,0.012376237623762377,2023-12-01 03:32:19.485827684
60279.147459326705,3.75,0.0,0.013613861386138612,2023-12-01 03:32:20.485827208
60279.147470900774,4.0,0.0,0.01485148514851485,2023-12-01 03:32:21.485826969
60279.14748247486,4.25,0.0,0.01608910891089109,2023-12-01 03:32:22.485827684
60279.14749404893,4.5,0.0,0.017326732673267325,2023-12-01 03:32:23.485827446
60279.147505623,4.75,0.0,0.018564356435643563,2023-12-01 03:32:24.485826969
60279.14751719708,5.0,2.23606797749979,0.019801980198019802,2023-12-01 03:32:25.485827923
60279.14752877115,4.75,0.0,0.018564356435643563,2023-12-01 03:32:26.485827446
60279.14754034522,4.5,0.0,0.017326732673267325,2023-12-01 03:32:27.485826969
60279.1475519193,4.25,0.0,0.01608910891089109,2023-12-01 03:32:28.485827208
60279.147563493374,4.0,0.0,0.01485148514851485,2023-12-01 03:32:29.485827446
60279.14757506744,3.75,0.0,0.013613861386138612,2023-12-01 03:32:30.485827208
60279.14758664152,3.5,0.0,0.012376237623762377,2023-12-01 03:32:31.485827446
60279.1475982156,3.25,0.0,0.011138613861386138,2023-12-01 03:32:32.485827684
60279.14760978967,3.0,1.7320508075688772,0.0099009900990099,2023-12-01 03:32:33.485827208
60279.14762136374,2.9375,0.0,0.009591584158415843,2023-12-01 03:32:34.485827446
60279.14763293782,2.875,0.0,0.009282178217821783,2023-12-01 03:32:35.485827684
60279.14764451189,2.8125,0.0,0.008972772277227724,2023-12-01 03:32:36.485827208
60279.14765608597,2.75,0.0,0.008663366336633664,2023-12-01 03:32:37.485827446
60279.14766766004,2.6875,0.0,0.008353960396039604,2023-12-01 03:32:38.485827684
60279.14767923411,2.625,0.0,0.008044554455445545,2023-12-01 03:32:39.485827446
60279.14769080818,2.5625,0.0,0.007735148514851486,2023-12-01 03:32:40.485826969
60279.147702382266,2.5,0.0,0.007425742574257426,2023-12-01 03:32:41.485827923
60279.147713956336,2.4375,0.0,0.007116336633663367,2023-12-01 03:32:42.485827446
60279.147725530405,2.375,0.0,0.006806930693069307,2023-12-01 03:32:43.485826969
60279.14773710449,2.3125,0.0,0.006497524752475247,2023-12-01 03:32:44.485827923
60279.14774867856,2.25,0.0,0.0061881188118811875,2023-12-01 03:32:45.485827446
60279.14776025263,2.1875,0.0,0.00587871287128713,2023-12-01 03:32:46.485827208
60279.147771826705,2.125,0.0,0.00556930693069307,2023-12-01 03:32:47.485827208
60279.14778340078,2.0625,0.0,0.00525990099009901,2023-12-01 03:32:48.485827446
60279.14779497485,2.0,1.4142135623730951,0.0049504950495049506,2023-12-01 03:32:49.485827208
60279.14780654893,2.125,0.0,0.00556930693069307,2023-12-01 03:32:50.485827446
60279.147818123005,2.25,0.0,0.0061881188118811875,2023-12-01 03:32:51.485827684
60279.147829697074,2.375,0.0,0.006806930693069307,2023-12-01 03:32:52.485827208
60279.14784127115,2.5,0.0,0.007425742574257426,2023-12-01 03:32:53.485827446
60279.14785284523,2.625,0.0,0.008044554455445545,2023-12-01 03:32:54.485827684
60279.1478644193,2.75,0.0,0.008663366336633664,2023-12-01 03:32:55.485827208
60279.14787599337,2.875,0.0,0.009282178217821783,2023-12-01 03:32:56.485826969
60279.14788756745,3.0,0.0,0.0099009900990099,2023-12-01 03:32:57.485827684
60279.14789914152,3.125,0.0,0.010519801980198019,2023-12-01 03:32:58.485827446
60279.14791071559,3.25,0.0,0.011138613861386138,2023-12-01 03:32:59.485826969
60279.147922289674,3.375,0.0,0.011757425742574257,2023-12-01 03:33:00.485827923
60279.147933863744,3.5,0.0,0.012376237623762377,2023-12-01 03:33:01.485827446
60279.14794543781,3.625,0.0,0.012995049504950493,2023-12-01 03:33:02.485826969
60279.14795701189,3.75,0.0,0.013613861386138612,2023-12-01 03:33:03.485827208
60279.14796858597,3.875,0.0,0.014232673267326731,2023-12-01 03:33:04.485827446
60279.147980160036,4.0,2.0,0.01485148514851485,2023-12-01 03:33:05.485827208
60279.14799173411,3.9411764705882355,0.0,0.014560279557367502,2023-12-01 03:33:06.485827446
60279.14800330819,3.8823529411764706,0.0,0.01426907396622015,2023-12-01 03:33:07.485827684
60279.14801488226,3.823529411764706,0.0,0.0139778683750728,2023-12-01 03:33:08.485827208
60279.148026456336,3.764705882352941,0.0,0.013686662783925451,2023-12-01 03:33:09.485827446
60279.14803803041,3.7058823529411766,0.0,0.013395457192778102,2023-12-01 03:33:10.485827684
60279.14804960448,3.6470588235294117,0.0,0.01310425160163075,2023-12-01 03:33:11.485827208
60279.14806117855,3.588235294117647,0.0,0.0128130460104834,2023-12-01 03:33:12.485826969
60279.148072752636,3.5294117647058822,0.0,0.012521840419336051,2023-12-01 03:33:13.485827684
60279.148084326705,3.4705882352941178,0.0,0.012230634828188702,2023-12-01 03:33:14.485827446
60279.148095900775,3.411764705882353,0.0,0.01193942923704135,2023-12-01 03:33:15.485826969
60279.14810747486,3.3529411764705883,0.0,0.011648223645894,2023-12-01 03:33:16.485827923
60279.14811904893,3.2941176470588234,0.0,0.011357018054746648,2023-12-01 03:33:17.485827446
60279.148130623,3.235294117647059,0.0,0.011065812463599299,2023-12-01 03:33:18.485826969
60279.14814219708,3.1764705882352944,0.0,0.01077460687245195,2023-12-01 03:33:19.485827923
60279.14815377115,3.1176470588235294,0.0,0.010483401281304601,2023-12-01 03:33:20.485827446
60279.14816534522,3.0588235294117645,0.0,0.010192195690157248,2023-12-01 03:33:21.485827208
60279.1481769193,3.0,1.7320508075688772,0.0099009900990099,2023-12-01 03:33:22.485827446
60279.148188493375,2.7142857142857144,0.0,0.008486562942008488,2023-12-01 03:33:23.485827684
60279.148200067444,2.428571428571429,0.0,0.007072135785007074,2023-12-01 03:33:24.485827208
60279.14821164152,2.142857142857143,0.0,0.005657708628005658,2023-12-01 03:33:25.485827446
60279.1482232156,1.8571428571428572,0.0,0.004243281471004243,2023-12-01 03:33:26.485827684
60279.14823478967,1.5714285714285716,0.0,0.0028288543140028303,2023-12-01 03:33:27.485827208
60279.148246363744,1.2857142857142858,0.0,0.0014144271570014147,2023-12-01 03:33:28.485827446
60279.14825793782,1.0,1.0,0.0,2023-12-01 03:33:29.485827684
60279.14826951189,1.125,0.0,0.0006188118811881185,2023-12-01 03:33:30.485827208
60279.14828108596,1.25,0.0,0.0012376237623762379,2023-12-01 03:33:31.485826969
60279.148292660044,1.375,0.0,0.0018564356435643563,2023-12-01 03:33:32.485827684
60279.14830423411,1.5,0.0,0.002475247524752475,2023-12-01 03:33:33.485827446
60279.14831580818,1.625,0.0,0.003094059405940594,2023-12-01 03:33:34.485826969
60279.14832738227,1.75,0.0,0.0037128712871287136,2023-12-01 03:33:35.485827923
60279.14833895634,1.875,0.0,0.004331683168316831,2023-12-01 03:33:36.485827446
60279.148350530406,2.0,1.4142135623730951,0.0049504950495049506,2023-12-01 03:33:37.485826969
60279.14836210448,1.8888888888888888,0.0,0.0044004400440044,2023-12-01 03:33:38.485827208
60279.14837367856,1.7777777777777777,0.0,0.00385038503850385,2023-12-01 03:33:39.485827446
60279.14838525263,1.6666666666666667,0.0,0.0033003300330033012,2023-12-01 03:33:40.485827208
60279.148396826706,1.5555555555555556,0.0,0.00275027502750275,2023-12-01 03:33:41.485827446
60279.14840840078,1.4444444444444444,0.0,0.0022002200220022005,2023-12-01 03:33:42.485827684
60279.14841997485,1.3333333333333335,0.0,0.001650165016501651,2023-12-01 03:33:43.485827208
60279.14843154893,1.2222222222222223,0.0,0.0011001100110011007,2023-12-01 03:33:44.485827446
60279.148443123006,1.1111111111111112,0.0,0.0005500550055005504,2023-12-01 03:33:45.485827684
60279.148454697075,1.0,1.0,0.0,2023-12-01 03:33:46.485827208
60279.148466271145,1.4285714285714286,0.0,0.002121640735502122,2023-12-01 03:33:47.485826969
60279.14847784523,1.8571428571428572,0.0,0.004243281471004243,2023-12-01 03:33:48.485827684
60279.1484894193,2.2857142857142856,0.0,0.0063649222065063635,2023-12-01 03:33:49.485827446
60279.14850099337,2.7142857142857144,0.0,0.008486562942008488,2023-12-01 03:33:50.485826969
60279.14851256745,3.142857142857143,0.0,0.010608203677510607,2023-12-01 03:33:51.485827923
60279.14852414152,3.571428571428571,0.0,0.012729844413012729,2023-12-01 03:33:52.485827446
60279.14853571559,4.0,2.0,0.01485148514851485,2023-12-01 03:33:53.485826969
60279.148547289675,3.7777777777777777,0.0,0.01375137513751375,2023-12-01 03:33:54.485827923
60279.148558863744,3.5555555555555554,0.0,0.01265126512651265,2023-12-01 03:33:55.485827446
60279.148570437814,3.3333333333333335,0.0,0.011551155115511552,2023-12-01 03:33:56.485827208
60279.14858201189,3.111111111111111,0.0,0.010451045104510451,2023-12-01 03:33:57.485827446
60279.14859358597,2.888888888888889,0.0,0.00935093509350935,2023-12-01 03:33:58.485827684
60279.14860516004,2.666666666666667,0.0,0.008250825082508254,2023-12-01 03:33:59.485827208
60279.14861673411,2.4444444444444446,0.0,0.007150715071507152,2023-12-01 03:34:00.485827446
60279.14862830819,2.2222222222222223,0.0,0.006050605060506051,2023-12-01 03:34:01.485827684
60279.14863988226,2.0,1.4142135623730951,0.0049504950495049506,2023-12-01 03:34:02.485827208
60279.14865145634,1.9333333333333333,0.0,0.004620462046204621,2023-12-01 03:34:03.485827446
60279.14866303041,1.8666666666666667,0.0,0.0042904290429042905,2023-12-01 03:34:04.485827684
60279.14867460448,1.8,0.0,0.003960396039603961,2023-12-01 03:34:05.485827446
60279.14868617855,1.7333333333333334,0.0,0.0036303630363036304,2023-12-01 03:34:06.485826969
60279.14869775264,1.6666666666666667,0.0,0.0033003300330033012,2023-12-01 03:34:07.485827684
60279.148709326706,1.6,0.0,0.0029702970297029703,2023-12-01 03:34:08.485827446
60279.148720900776,1.5333333333333332,0.0,0.0026402640264026394,2023-12-01 03:34:09.485826969
60279.14873247486,1.4666666666666668,0.0,0.002310231023102311,2023-12-01 03:34:10.485827923
60279.14874404893,1.4,0.0,0.0019801980198019794,2023-12-01 03:34:11.485827446
60279.148755623,1.3333333333333335,0.0,0.001650165016501651,2023-12-01 03:34:12.485826969
60279.148767197075,1.2666666666666666,0.0,0.0013201320132013201,2023-12-01 03:34:13.485827208
60279.14877877115,1.2,0.0,0.0009900990099009901,2023-12-01 03:34:14.485827446
60279.14879034522,1.1333333333333333,0.0,0.0006600660066006601,2023-12-01 03:34:15.485827208
60279.1488019193,1.0666666666666667,0.0,0.00033003300330033004,2023-12-01 03:34:16.485827446
60279.148813493375,1.0,1.0,0.0,2023-12-01 03:34:17.485827684
60279.148825067445,1.3333333333333333,0.0,0.0016501650165016502,2023-12-01 03:34:18.485827208
60279.14883664152,1.6666666666666665,0.0,0.0033003300330032995,2023-12-01 03:34:19.485827446
60279.1488482156,2.0,0.0,0.0049504950495049506,2023-12-01 03:34:20.485827684
60279.14885978967,2.333333333333333,0.0,0.0066006600660066,2023-12-01 03:34:21.485827208
60279.14887136374,2.6666666666666665,0.0,0.00825082508250825,2023-12-01 03:34:22.485826969
60279.14888293782,3.0,0.0,0.0099009900990099,2023-12-01 03:34:23.485827684
60279.14889451189,3.333333333333333,0.0,0.011551155115511549,2023-12-01 03:34:24.485827446
60279.14890608596,3.6666666666666665,0.0,0.013201320132013201,2023-12-01 03:34:25.485826969
60279.148917660044,4.0,2.0,0.01485148514851485,2023-12-01 03:34:26.485827923
60279.148929234114,3.857142857142857,0.0,0.014144271570014143,2023-12-01 03:34:27.485827446
60279.14894080818,3.7142857142857144,0.0,0.013437057991513436,2023-12-01 03:34:28.485826969
60279.14895238226,3.5714285714285716,0.0,0.012729844413012729,2023-12-01 03:34:29.485827208
60279.14896395634,3.428571428571429,0.0,0.012022630834512025,2023-12-01 03:34:30.485827446
60279.14897553041,3.2857142857142856,0.0,0.011315417256011314,2023-12-01 03:34:31.485827208
60279.14898710448,3.142857142857143,0.0,0.010608203677510607,2023-12-01 03:34:32.485827446
60279.14899867856,3.0,1.7320508075688772,0.0099009900990099,2023-12-01 03:34:33.485827684
60279.14901025263,2.888888888888889,0.0,0.00935093509350935,2023-12-01 03:34:34.485827208
60279.149021826706,2.7777777777777777,0.0,0.008800880088008802,2023-12-01 03:34:35.485827446
60279.14903340078,2.6666666666666665,0.0,0.00825082508250825,2023-12-01 03:34:36.485827684
60279.14904497485,2.5555555555555554,0.0,0.007700770077007701,2023-12-01 03:34:37.485827208
60279.14905654893,2.4444444444444446,0.0,0.007150715071507152,2023-12-01 03:34:38.485827446
60279.149068123006,2.3333333333333335,0.0,0.006600660066006602,2023-12-01 03:34:39.485827684
60279.149079697076,2.2222222222222223,0.0,0.006050605060506051,2023-12-01 03:34:40.485827446
60279.149091271145,2.111111111111111,0.0,0.005500550055005501,2023-12-01 03:34:41.485826969
60279.14910284523,2.0,1.4142135623730951,0.0049504950495049506,2023-12-01 03:34:42.485827923
60279.1491144193,2.25,0.0,0.0061881188118811875,2023-12-01 03:34:43.485827446
60279.14912599337,2.5,0.0,0.007425742574257426,2023-12-01 03:34:44.485826969
60279.14913756745,2.75,0.0,0.008663366336633664,2023-12-01 03:34:45.485827923
60279.14914914152,3.0,0.0,0.0099009900990099,2023-12-01 03:34:46.485827446
60279.14916071559,3.25,0.0,0.011138613861386138,2023-12-01 03:34:47.485826969
60279.14917228967,3.5,0.0,0.012376237623762377,2023-12-01 03:34:48.485827208
60279.149183863745,3.75,0.0,0.013613861386138612,2023-12-01 03:34:49.485827446
60279.149195437814,4.0,2.0,0.01485148514851485,2023-12-01 03:34:50.485827208
60279.14920701189,3.7142857142857144,0.0,0.013437057991513436,2023-12-01 03:34:51.485827446
60279.14921858597,3.428571428571429,0.0,0.012022630834512025,2023-12-01 03:34:52.485827684
60279.14923016004,3.142857142857143,0.0,0.010608203677510607,2023-12-01 03:34:53.485827208
60279.149241734114,2.857142857142857,0.0,0.009193776520509195,2023-12-01 03:34:54.485827446
60279.14925330819,2.5714285714285716,0.0,0.00777934936350778,2023-12-01 03:34:55.485827684
60279.14926488226,2.2857142857142856,0.0,0.0063649222065063635,2023-12-01 03:34:56.485827208
60279.14927645633,2.0,1.4142135623730951,0.0049504950495049506,2023-12-01 03:34:57.485826969
60279.149288030414,1.8888888888888888,0.0,0.0044004400440044,2023-12-01 03:34:58.485827684
60279.14929960448,1.7777777777777777,0.0,0.00385038503850385,2023-12-01 03:34:59.485827446
60279.14931117855,1.6666666666666667,0.0,0.0033003300330033012,2023-12-01 03:35:00.485826969
60279.14932275264,1.5555555555555556,0.0,0.00275027502750275,2023-12-01 03:35:01.485827923
60279.14933432671,1.4444444444444444,0.0,0.0022002200220022005,2023-12-01 03:35:02.485827446
60279.149345900776,1.3333333333333335,0.0,0.001650165016501651,2023-12-01 03:35:03.485826969
60279.14935747485,1.2222222222222223,0.0,0.0011001100110011007,2023-12-01 03:35:04.485827208
60279.14936904893,1.1111111111111112,0.0,0.0005500550055005504,2023-12-01 03:35:05.485827446
60279.149380623,1.0,1.0,0.0,2023-12-01 03:35:06.485827208
60279.149392197076,1.2857142857142856,0.0,0.0014144271570014138,2023-12-01 03:35:07.485827446
60279.14940377115,1.5714285714285714,0.0,0.0028288543140028285,2023-12-01 03:35:08.485827684
60279.14941534522,1.8571428571428572,0.0,0.004243281471004243,2023-12-01 03:35:09.485827208
60279.1494269193,2.142857142857143,0.0,0.005657708628005658,2023-12-01 03:35:10.485827446
60279.149438493376,2.4285714285714284,0.0,0.007072135785007071,2023-12-01 03:35:11.485827684
60279.149450067445,2.7142857142857144,0.0,0.008486562942008488,2023-12-01 03:35:12.485827208
60279.149461641515,3.0,1.7320508075688772,0.0099009900990099,2023-12-01 03:35:13.485826969
60279.1494732156,2.75,0.0,0.008663366336633664,2023-12-01 03:35:14.485827684
60279.14948478967,2.5,0.0,0.007425742574257426,2023-12-01 03:35:15.485827446
60279.14949636374,2.25,0.0,0.0061881188118811875,2023-12-01 03:35:16.485826969
60279.14950793782,2.0,0.0,0.0049504950495049506,2023-12-01 03:35:17.485827923
60279.14951951189,1.75,0.0,0.0037128712871287136,2023-12-01 03:35:18.485827446
60279.14953108596,1.5,0.0,0.002475247524752475,2023-12-01 03:35:19.485826969
60279.149542660045,1.25,0.0,0.0012376237623762379,2023-12-01 03:35:20.485827923
60279.149554234114,1.0,1.0,0.0,2023-12-01 03:35:21.485827446
60279.149565808184,1.0,0.0,0.0,2023-12-01 03:35:22.485827208
60279.14957738226,1.0,0.0,0.0,2023-12-01 03:35:23.485827446
60279.14958895634,1.0,0.0,0.0,2023-12-01 03:35:24.485827446
60279.14960053041,1.0,0.0,0.0,2023-12-01 03:35:25.485827208
60279.149612104484,1.0,0.0,0.0,2023-12-01 03:35:26.485827446
60279.14962367856,1.0,0.0,0.0,2023-12-01 03:35:27.485827684
60279.14963525263,1.0,0.0,0.0,2023-12-01 03:35:28.485827208
60279.14964682671,1.0,0.0,0.0,2023-12-01 03:35:29.485827446
60279.149658400784,1.0,1.0,0.0,2023-12-01 03:35:30.485827684
60279.14966997485,1.125,0.0,0.0006188118811881185,2023-12-01 03:35:31.485827208
60279.14968154892,1.25,0.0,0.0012376237623762379,2023-12-01 03:35:32.485826969
60279.14969312301,1.375,0.0,0.0018564356435643563,2023-12-01 03:35:33.485827684
60279.149704697076,1.5,0.0,0.002475247524752475,2023-12-01 03:35:34.485827446
60279.149716271146,1.625,0.0,0.003094059405940594,2023-12-01 03:35:35.485826969
60279.14972784523,1.75,0.0,0.0037128712871287136,2023-12-01 03:35:36.485827923
60279.1497394193,1.875,0.0,0.004331683168316831,2023-12-01 03:35:37.485827446
60279.14975099337,2.0,0.0,0.0049504950495049506,2023-12-01 03:35:38.485826969
60279.149762567446,2.125,0.0,0.00556930693069307,2023-12-01 03:35:39.485827208
60279.14977414152,2.25,0.0,0.0061881188118811875,2023-12-01 03:35:40.485827446
60279.14978571559,2.375,0.0,0.006806930693069307,2023-12-01 03:35:41.485827208
60279.14979728967,2.5,0.0,0.007425742574257426,2023-12-01 03:35:42.485827446
60279.149808863745,2.625,0.0,0.008044554455445545,2023-12-01 03:35:43.485827684
60279.149820437815,2.75,0.0,0.008663366336633664,2023-12-01 03:35:44.485827208
60279.14983201189,2.875,0.0,0.009282178217821783,2023-12-01 03:35:45.485827446
60279.14984358597,3.0,1.7320508075688772,0.0099009900990099,2023-12-01 03:35:46.485827684
60279.14985516004,2.875,0.0,0.009282178217821783,2023-12-01 03:35:47.485827208
60279.14986673411,2.75,0.0,0.008663366336633664,2023-12-01 03:35:48.485826969
60279.14987830819,2.625,0.0,0.008044554455445545,2023-12-01 03:35:49.485827684
60279.14988988226,2.5,0.0,0.007425742574257426,2023-12-01 03:35:50.485827446
60279.14990145633,2.375,0.0,0.006806930693069307,2023-12-01 03:35:51.485826969
60279.149913030415,2.25,0.0,0.0061881188118811875,2023-12-01 03:35:52.485827923
60279.149924604484,2.125,0.0,0.00556930693069307,2023-12-01 03:35:53.485827446
60279.14993617855,2.0,1.4142135623730951,0.0049504950495049506,2023-12-01 03:35:54.485826969
60279.14994775264,1.8571428571428572,0.0,0.004243281471004243,2023-12-01 03:35:55.485827923
60279.14995932671,1.7142857142857144,0.0,0.0035360678925035376,2023-12-01 03:35:56.485827446
60279.14997090078,1.5714285714285714,0.0,0.0028288543140028285,2023-12-01 03:35:57.485827208
60279.14998247485,1.4285714285714286,0.0,0.002121640735502122,2023-12-01 03:35:58.485827446
60279.14999404893,1.2857142857142858,0.0,0.0014144271570014147,2023-12-01 03:35:59.485827684
60279.150005623,1.1428571428571428,0.0,0.0007072135785007065,2023-12-01 03:36:00.485827208
60279.15001719708,1.0,1.0,0.0,2023-12-01 03:36:01.485827446
60279.15002877115,1.1111111111111112,0.0,0.0005500550055005504,2023-12-01 03:36:02.485827684
60279.15004034522,1.2222222222222223,0.0,0.0011001100110011007,2023-12-01 03:36:03.485827208
60279.1500519193,1.3333333333333333,0.0,0.0016501650165016502,2023-12-01 03:36:04.485827446
60279.15006349338,1.4444444444444444,0.0,0.0022002200220022005,2023-12-01 03:36:05.485827684
60279.150075067446,1.5555555555555556,0.0,0.00275027502750275,2023-12-01 03:36:06.485827208
60279.150086641515,1.6666666666666665,0.0,0.0033003300330032995,2023-12-01 03:36:07.485826969
60279.1500982156,1.7777777777777777,0.0,0.00385038503850385,2023-12-01 03:36:08.485827684
60279.15010978967,1.8888888888888888,0.0,0.0044004400440044,2023-12-01 03:36:09.485827446
60279.15012136374,2.0,1.4142135623730951,0.0049504950495049506,2023-12-01 03:36:10.485826969
60279.15013293782,2.142857142857143,0.0,0.005657708628005658,2023-12-01 03:36:11.485827923
60279.15014451189,2.2857142857142856,0.0,0.0063649222065063635,2023-12-01 03:36:12.485827446
60279.15015608596,2.4285714285714284,0.0,0.007072135785007071,2023-12-01 03:36:13.485826969
60279.15016766004,2.571428571428571,0.0,0.007779349363507778,2023-12-01 03:36:14.485827208
60279.150179234115,2.7142857142857144,0.0,0.008486562942008488,2023-12-01 03:36:15.485827446
60279.150190808185,2.857142857142857,0.0,0.009193776520509195,2023-12-01 03:36:16.485827208
60279.15020238226,3.0,1.7320508075688772,0.0099009900990099,2023-12-01 03:36:17.485827446
60279.15021395634,2.7777777777777777,0.0,0.008800880088008802,2023-12-01 03:36:18.485827684
60279.15022553041,2.5555555555555554,0.0,0.007700770077007701,2023-12-01 03:36:19.485827208
60279.150237104484,2.3333333333333335,0.0,0.006600660066006602,2023-12-01 03:36:20.485827446
60279.15024867856,2.111111111111111,0.0,0.005500550055005501,2023-12-01 03:36:21.485827684
60279.15026025263,1.8888888888888888,0.0,0.0044004400440044,2023-12-01 03:36:22.485827208
60279.1502718267,1.6666666666666667,0.0,0.0033003300330033012,2023-12-01 03:36:23.485826969
60279.150283400784,1.4444444444444446,0.0,0.0022002200220022014,2023-12-01 03:36:24.485827684
60279.150294974854,1.2222222222222223,0.0,0.0011001100110011007,2023-12-01 03:36:25.485827446
60279.15030654892,1.0,1.0,0.0,2023-12-01 03:36:26.485826969
60279.15031812301,1.0,0.0,0.0,2023-12-01 03:36:27.485827923
60279.15032969708,1.0,0.0,0.0,2023-12-01 03:36:28.485827446
60279.150341271146,1.0,0.0,0.0,2023-12-01 03:36:29.485826969
60279.15035284522,1.0,0.0,0.0,2023-12-01 03:36:30.485827208
60279.1503644193,1.0,0.0,0.0,2023-12-01 03:36:31.485827446
60279.15037599337,1.0,0.0,0.0,2023-12-01 03:36:32.485827208
60279.150387567446,1.0,0.0,0.0,2023-12-01 03:36:33.485827446
60279.15039914152,1.0,1.0,0.0,2023-12-01 03:36:34.485827684
60279.15041071559,2.142857142857143,0.0,0.005657708628005658,2023-12-01 03:36:35.485827208
60279.15042228967,3.2857142857142856,0.0,0.011315417256011314,2023-12-01 03:36:36.485827446
60279.150433863746,4.428571428571429,0.0,0.016973125884016973,2023-12-01 03:36:37.485827684
60279.150445437816,5.571428571428571,0.0,0.022630834512022628,2023-12-01 03:36:38.485827208
60279.15045701189,6.7142857142857135,0.0,0.028288543140028283,2023-12-01 03:36:39.485827446
60279.15046858597,7.857142857142857,0.0,0.033946251768033946,2023-12-01 03:36:40.485827684
60279.15048016004,9.0,3.0,0.039603960396039604,2023-12-01 03:36:41.485827446
60279.15049173411,8.333333333333334,0.0,0.03630363036303631,2023-12-01 03:36:42.485826969
60279.15050330819,7.666666666666667,0.0,0.03300330033003301,2023-12-01 03:36:43.485827684
60279.15051488226,7.0,0.0,0.029702970297029705,2023-12-01 03:36:44.485827446
60279.15052645633,6.333333333333334,0.0,0.026402640264026406,2023-12-01 03:36:45.485826969
60279.150538030415,5.666666666666667,0.0,0.023102310231023104,2023-12-01 03:36:46.485827923
60279.150549604485,5.0,0.0,0.019801980198019802,2023-12-01 03:36:47.485827446
60279.150561178554,4.333333333333334,0.0,0.016501650165016504,2023-12-01 03:36:48.485826969
60279.15057275263,3.666666666666667,0.0,0.013201320132013201,2023-12-01 03:36:49.485827208
60279.15058432671,3.0,1.7320508075688772,0.0099009900990099,2023-12-01 03:36:50.485827446
60279.15059590078,2.875,0.0,0.009282178217821783,2023-12-01 03:36:51.485827208
60279.150607474854,2.75,0.0,0.008663366336633664,2023-12-01 03:36:52.485827446
60279.15061904893,2.625,0.0,0.008044554455445545,2023-12-01 03:36:53.485827684
60279.150630623,2.5,0.0,0.007425742574257426,2023-12-01 03:36:54.485827208
60279.15064219708,2.375,0.0,0.006806930693069307,2023-12-01 03:36:55.485827446
60279.150653771154,2.25,0.0,0.0061881188118811875,2023-12-01 03:36:56.485827684
60279.15066534522,2.125,0.0,0.00556930693069307,2023-12-01 03:36:57.485827208
60279.15067691929,2.0,1.4142135623730951,0.0049504950495049506,2023-12-01 03:36:58.485826969
60279.15068849338,2.0,0.0,0.0049504950495049506,2023-12-01 03:36:59.485827684
60279.15070006745,2.0,0.0,0.0049504950495049506,2023-12-01 03:37:00.485827446
60279.150711641516,2.0,0.0,0.0049504950495049506,2023-12-01 03:37:01.485826969
60279.1507232156,2.0,0.0,0.0049504950495049506,2023-12-01 03:37:02.485827923
60279.15073478967,2.0,0.0,0.0049504950495049506,2023-12-01 03:37:03.485827446
60279.15074636374,2.0,0.0,0.0049504950495049506,2023-12-01 03:37:04.485826969
60279.150757937816,2.0,1.4142135623730951,0.0049504950495049506,2023-12-01 03:37:05.485827208
60279.15076951189,2.0,0.0,0.0049504950495049506,2023-12-01 03:37:06.485827446
60279.15078108596,2.0,0.0,0.0049504950495049506,2023-12-01 03:37:07.485827208
60279.15079266004,2.0,0.0,0.0049504950495049506,2023-12-01 03:37:08.485827446
60279.150804234116,2.0,0.0,0.0049504950495049506,2023-12-01 03:37:09.485827684
60279.150815808185,2.0,0.0,0.0049504950495049506,2023-12-01 03:37:10.485827208
60279.15082738226,2.0,0.0,0.0049504950495049506,2023-12-01 03:37:11.485827446
60279.15083895634,2.0,0.0,0.0049504950495049506,2023-12-01 03:37:12.485827684
60279.15085053041,2.0,0.0,0.0049504950495049506,2023-12-01 03:37:13.485827208
60279.150862104485,2.0,1.4142135623730951,0.0049504950495049506,2023-12-01 03:37:14.485827446
60279.15087367856,2.4285714285714284,0.0,0.007072135785007071,2023-12-01 03:37:15.485827684
60279.15088525263,2.857142857142857,0.0,0.009193776520509195,2023-12-01 03:37:16.485827446
60279.1508968267,3.2857142857142856,0.0,0.011315417256011314,2023-12-01 03:37:17.485826969
60279.150908400785,3.7142857142857144,0.0,0.013437057991513436,2023-12-01 03:37:18.485827923
60279.150919974854,4.142857142857142,0.0,0.015558698727015555,2023-12-01 03:37:19.485827446
60279.150931548924,4.571428571428571,0.0,0.017680339462517677,2023-12-01 03:37:20.485826969
60279.15094312301,5.0,2.23606797749979,0.019801980198019802,2023-12-01 03:37:21.485827923
60279.15095469708,5.111111111111111,0.0,0.02035203520352035,2023-12-01 03:37:22.485827446
60279.15096627115,5.222222222222222,0.0,0.020902090209020903,2023-12-01 03:37:23.485827208
60279.150977845224,5.333333333333333,0.0,0.02145214521452145,2023-12-01 03:37:24.485827208
60279.1509894193,5.444444444444445,0.0,0.022002200220022004,2023-12-01 03:37:25.485827446
60279.15100099337,5.555555555555555,0.0,0.022552255225522552,2023-12-01 03:37:26.485827208
60279.15101256745,5.666666666666667,0.0,0.023102310231023104,2023-12-01 03:37:27.485827446
60279.15102414152,5.777777777777778,0.0,0.023652365236523653,2023-12-01 03:37:28.485827684
60279.15103571559,5.888888888888889,0.0,0.024202420242024205,2023-12-01 03:37:29.485827208
60279.15104728967,6.0,2.449489742783178,0.02475247524752475,2023-12-01 03:37:30.485827446
60279.15105886375,6.25,0.0,0.02599009900990099,2023-12-01 03:37:31.485827684
60279.151070437816,6.5,0.0,0.027227722772277228,2023-12-01 03:37:32.485827208
60279.151082011886,6.75,0.0,0.028465346534653466,2023-12-01 03:37:33.485826969
60279.15109358597,7.0,0.0,0.029702970297029705,2023-12-01 03:37:34.485827684
60279.15110516004,7.25,0.0,0.030940594059405937,2023-12-01 03:37:35.485827446
60279.15111673411,7.5,0.0,0.03217821782178218,2023-12-01 03:37:36.485826969
60279.15112830819,7.75,0.0,0.03341584158415842,2023-12-01 03:37:37.485827923
60279.15113988226,8.0,2.8284271247461903,0.034653465346534656,2023-12-01 03:37:38.485827446
60279.15115145633,7.0,0.0,0.029702970297029705,2023-12-01 03:37:39.485826969
60279.15116303041,6.0,0.0,0.02475247524752475,2023-12-01 03:37:40.485827208
60279.151174604485,5.0,0.0,0.019801980198019802,2023-12-01 03:37:41.485827446
60279.151186178555,4.0,0.0,0.01485148514851485,2023-12-01 03:37:42.485827208
60279.15119775263,3.0,0.0,0.0099009900990099,2023-12-01 03:37:43.485827446
60279.15120932671,2.0,0.0,0.0049504950495049506,2023-12-01 03:37:44.485827684
60279.15122090078,1.0,1.0,0.0,2023-12-01 03:37:45.485827208
60279.151232474855,2.333333333333333,0.0,0.0066006600660066,2023-12-01 03:37:46.485827446
60279.15124404893,3.6666666666666665,0.0,0.013201320132013201,2023-12-01 03:37:47.485827684
60279.151255623,5.0,2.23606797749979,0.019801980198019802,2023-12-01 03:37:48.485827208
60279.15126719707,4.666666666666667,0.0,0.018151815181518153,2023-12-01 03:37:49.485826969
60279.151278771154,4.333333333333333,0.0,0.0165016501650165,2023-12-01 03:37:50.485827684
60279.151290345224,4.0,2.0,0.01485148514851485,2023-12-01 03:37:51.485827446
60279.15130191929,4.0,0.0,0.01485148514851485,2023-12-01 03:37:52.485826969
60279.15131349338,4.0,0.0,0.01485148514851485,2023-12-01 03:37:53.485827923
60279.15132506745,4.0,0.0,0.01485148514851485,2023-12-01 03:37:54.485827446
60279.15133664152,4.0,0.0,0.01485148514851485,2023-12-01 03:37:55.485826969
60279.1513482156,4.0,0.0,0.01485148514851485,2023-12-01 03:37:56.485827923
60279.15135978967,4.0,0.0,0.01485148514851485,2023-12-01 03:37:57.485827446
60279.15137136374,4.0,2.0,0.01485148514851485,2023-12-01 03:37:58.485827208
60279.15138293782,3.857142857142857,0.0,0.014144271570014143,2023-12-01 03:37:59.485827446
60279.15139451189,3.7142857142857144,0.0,0.013437057991513436,2023-12-01 03:38:00.485827684
60279.15140608596,3.5714285714285716,0.0,0.012729844413012729,2023-12-01 03:38:01.485827208
60279.15141766004,3.428571428571429,0.0,0.012022630834512025,2023-12-01 03:38:02.485827446
60279.151429234116,3.2857142857142856,0.0,0.011315417256011314,2023-12-01 03:38:03.485827684
60279.151440808186,3.142857142857143,0.0,0.010608203677510607,2023-12-01 03:38:04.485827208
60279.15145238226,3.0,1.7320508075688772,0.0099009900990099,2023-12-01 03:38:05.485827446
60279.15146395634,3.0,0.0,0.0099009900990099,2023-12-01 03:38:06.485827684
60279.15147553041,3.0,0.0,0.0099009900990099,2023-12-01 03:38:07.485827208
60279.15148710448,3.0,0.0,0.0099009900990099,2023-12-01 03:38:08.485826969
60279.15149867856,3.0,0.0,0.0099009900990099,2023-12-01 03:38:09.485827684
60279.15151025263,3.0,0.0,0.0099009900990099,2023-12-01 03:38:10.485827446
60279.1515218267,3.0,0.0,0.0099009900990099,2023-12-01 03:38:11.485826969
60279.151533400785,3.0,0.0,0.0099009900990099,2023-12-01 03:38:12.485827923
60279.151544974855,3.0,0.0,0.0099009900990099,2023-12-01 03:38:13.485827446
60279.151556548924,3.0,1.7320508075688772,0.0099009900990099,2023-12-01 03:38:14.485826969
60279.151568123,2.75,0.0,0.008663366336633664,2023-12-01 03:38:15.485827208
60279.15157969708,2.5,0.0,0.007425742574257426,2023-12-01 03:38:16.485827446
60279.15159127115,2.25,0.0,0.0061881188118811875,2023-12-01 03:38:17.485827208
60279.151602845224,2.0,0.0,0.0049504950495049506,2023-12-01 03:38:18.485827446
60279.1516144193,1.75,0.0,0.0037128712871287136,2023-12-01 03:38:19.485827684
60279.15162599337,1.5,0.0,0.002475247524752475,2023-12-01 03:38:20.485827208
60279.15163756745,1.25,0.0,0.0012376237623762379,2023-12-01 03:38:21.485827446
60279.151649141524,1.0,1.0,0.0,2023-12-01 03:38:22.485827684
60279.15166071559,1.4285714285714286,0.0,0.002121640735502122,2023-12-01 03:38:23.485827208
60279.15167228966,1.8571428571428572,0.0,0.004243281471004243,2023-12-01 03:38:24.485826969
60279.15168386375,2.2857142857142856,0.0,0.0063649222065063635,2023-12-01 03:38:25.485827684
60279.15169543782,2.7142857142857144,0.0,0.008486562942008488,2023-12-01 03:38:26.485827446
60279.151707011886,3.142857142857143,0.0,0.010608203677510607,2023-12-01 03:38:27.485826969
60279.15171858597,3.571428571428571,0.0,0.012729844413012729,2023-12-01 03:38:28.485827923
60279.15173016004,4.0,2.0,0.01485148514851485,2023-12-01 03:38:29.485827446
60279.15174173411,3.25,0.0,0.011138613861386138,2023-12-01 03:38:30.485826969
60279.151753308186,2.5,0.0,0.007425742574257426,2023-12-01 03:38:31.485827208
60279.15176488226,1.75,0.0,0.0037128712871287136,2023-12-01 03:38:32.485827446
60279.15177645633,1.0,1.0,0.0,2023-12-01 03:38:33.485827208
60279.15178803041,1.5,0.0,0.002475247524752475,2023-12-01 03:38:34.485827446
60279.151799604486,2.0,0.0,0.0049504950495049506,2023-12-01 03:38:35.485827684
60279.151811178555,2.5,0.0,0.007425742574257426,2023-12-01 03:38:36.485827208
60279.15182275263,3.0,1.7320508075688772,0.0099009900990099,2023-12-01 03:38:37.485827446
60279.15183432671,2.8,0.0,0.008910891089108908,2023-12-01 03:38:38.485827684
60279.15184590078,2.6,0.0,0.007920792079207921,2023-12-01 03:38:39.485827208
60279.151857474855,2.4,0.0,0.006930693069306931,2023-12-01 03:38:40.485827446
60279.15186904893,2.2,0.0,0.0059405940594059415,2023-12-01 03:38:41.485827684
60279.151880623,2.0,1.4142135623730951,0.0049504950495049506,2023-12-01 03:38:42.485827446
60279.15189219707,2.0,0.0,0.0049504950495049506,2023-12-01 03:38:43.485826969
60279.151903771155,2.0,0.0,0.0049504950495049506,2023-12-01 03:38:44.485827684
60279.151915345225,2.0,0.0,0.0049504950495049506,2023-12-01 03:38:45.485827446
60279.151926919294,2.0,0.0,0.0049504950495049506,2023-12-01 03:38:46.485826969
60279.15193849338,2.0,0.0,0.0049504950495049506,2023-12-01 03:38:47.485827923
60279.15195006745,2.0,0.0,0.0049504950495049506,2023-12-01 03:38:48.485827446
60279.15196164152,2.0,1.4142135623730951,0.0049504950495049506,2023-12-01 03:38:49.485826969
60279.151973215594,2.1333333333333333,0.0,0.005610561056105611,2023-12-01 03:38:50.485827208
60279.15198478967,2.2666666666666666,0.0,0.006270627062706271,2023-12-01 03:38:51.485827446
60279.15199636374,2.4,0.0,0.006930693069306931,2023-12-01 03:38:52.485827208
60279.15200793782,2.533333333333333,0.0,0.007590759075907591,2023-12-01 03:38:53.485827446
60279.152019511894,2.6666666666666665,0.0,0.00825082508250825,2023-12-01 03:38:54.485827684
60279.15203108596,2.8,0.0,0.008910891089108908,2023-12-01 03:38:55.485827208
60279.15204266004,2.9333333333333336,0.0,0.009570957095709574,2023-12-01 03:38:56.485827446
60279.15205423412,3.0666666666666664,0.0,0.010231023102310229,2023-12-01 03:38:57.485827684
60279.152065808186,3.2,0.0,0.01089108910891089,2023-12-01 03:38:58.485827208
60279.152077382256,3.333333333333333,0.0,0.011551155115511549,2023-12-01 03:38:59.485826969
60279.15208895634,3.466666666666667,0.0,0.01221122112211221,2023-12-01 03:39:00.485827684
60279.15210053041,3.6,0.0,0.012871287128712872,2023-12-01 03:39:01.485827446
60279.15211210448,3.7333333333333334,0.0,0.01353135313531353,2023-12-01 03:39:02.485826969
60279.15212367856,3.8666666666666667,0.0,0.014191419141914192,2023-12-01 03:39:03.485827923
60279.15213525263,4.0,2.0,0.01485148514851485,2023-12-01 03:39:04.485827446
60279.1521468267,4.0,0.0,0.01485148514851485,2023-12-01 03:39:05.485826969
60279.15215840078,4.0,0.0,0.01485148514851485,2023-12-01 03:39:06.485827208
60279.152169974855,4.0,0.0,0.01485148514851485,2023-12-01 03:39:07.485827446
60279.152181548925,4.0,0.0,0.01485148514851485,2023-12-01 03:39:08.485827208
60279.152193123,4.0,0.0,0.01485148514851485,2023-12-01 03:39:09.485827446
60279.15220469708,4.0,0.0,0.01485148514851485,2023-12-01 03:39:10.485827684
60279.15221627115,4.0,0.0,0.01485148514851485,2023-12-01 03:39:11.485827208
60279.152227845225,4.0,2.0,0.01485148514851485,2023-12-01 03:39:12.485827446
60279.1522394193,1.0,1.0,0.0,2023-12-01 03:39:13.485827684
60279.15225099337,1.0,0.0,0.0,2023-12-01 03:39:14.485827208
60279.15226256745,1.0,0.0,0.0,2023-12-01 03:39:15.485827446
60279.152274141525,1.0,0.0,0.0,2023-12-01 03:39:16.485827684
60279.152285715594,1.0,0.0,0.0,2023-12-01 03:39:17.485827446
60279.152297289664,1.0,0.0,0.0,2023-12-01 03:39:18.485826969
60279.15230886375,1.0,0.0,0.0,2023-12-01 03:39:19.485827923
60279.15232043782,1.0,0.0,0.0,2023-12-01 03:39:20.485827446
60279.15233201189,1.0,1.0,0.0,2023-12-01 03:39:21.485826969
60279.15234358597,1.0,0.0,0.0,2023-12-01 03:39:22.485827923
60279.15235516004,1.0,0.0,0.0,2023-12-01 03:39:23.485827446
60279.15236673411,1.0,0.0,0.0,2023-12-01 03:39:24.485826969
60279.15237830819,1.0,0.0,0.0,2023-12-01 03:39:25.485827208
60279.15238988226,1.0,0.0,0.0,2023-12-01 03:39:26.485827446
60279.15240145633,1.0,1.0,0.0,2023-12-01 03:39:27.485827208
60279.15241303041,1.0555555555555556,0.0,0.0002750275027502752,2023-12-01 03:39:28.485827446
60279.15242460449,1.1111111111111112,0.0,0.0005500550055005504,2023-12-01 03:39:29.485827684
60279.152436178556,1.1666666666666667,0.0,0.0008250825082508255,2023-12-01 03:39:30.485827208
60279.15244775263,1.2222222222222223,0.0,0.0011001100110011007,2023-12-01 03:39:31.485827446
60279.15245932671,1.2777777777777777,0.0,0.001375137513751375,2023-12-01 03:39:32.485827684
60279.15247090078,1.3333333333333333,0.0,0.0016501650165016502,2023-12-01 03:39:33.485827208
60279.15248247485,1.3888888888888888,0.0,0.0019251925192519254,2023-12-01 03:39:34.485826969
60279.15249404893,1.4444444444444444,0.0,0.0022002200220022005,2023-12-01 03:39:35.485827684
60279.152505623,1.5,0.0,0.002475247524752475,2023-12-01 03:39:36.485827446
60279.15251719707,1.5555555555555556,0.0,0.00275027502750275,2023-12-01 03:39:37.485826969
60279.152528771156,1.6111111111111112,0.0,0.003025302530253025,2023-12-01 03:39:38.485827923
60279.152540345225,1.6666666666666665,0.0,0.0033003300330032995,2023-12-01 03:39:39.485827446
60279.152551919295,1.7222222222222223,0.0,0.0035753575357535755,2023-12-01 03:39:40.485826969
60279.15256349337,1.7777777777777777,0.0,0.00385038503850385,2023-12-01 03:39:41.485827208
60279.15257506745,1.8333333333333333,0.0,0.004125412541254126,2023-12-01 03:39:42.485827446
60279.15258664152,1.8888888888888888,0.0,0.0044004400440044,2023-12-01 03:39:43.485827208
60279.152598215594,1.9444444444444444,0.0,0.004675467546754676,2023-12-01 03:39:44.485827446
60279.15260978967,2.0,1.4142135623730951,0.0049504950495049506,2023-12-01 03:39:45.485827684
60279.15262136374,1.5,0.0,0.002475247524752475,2023-12-01 03:39:46.485827208
60279.15263293782,1.0,1.0,0.0,2023-12-01 03:39:47.485827446
60279.152644511894,1.0,0.0,0.0,2023-12-01 03:39:48.485827684
60279.152656085964,1.0,1.0,0.0,2023-12-01 03:39:49.485827208
60279.15266766003,1.1428571428571428,0.0,0.0007072135785007065,2023-12-01 03:39:50.485826969
60279.15267923412,1.2857142857142856,0.0,0.0014144271570014138,2023-12-01 03:39:51.485827684
60279.15269080819,1.4285714285714286,0.0,0.002121640735502122,2023-12-01 03:39:52.485827446
60279.15270238226,1.5714285714285714,0.0,0.0028288543140028285,2023-12-01 03:39:53.485826969
60279.15271395634,1.7142857142857142,0.0,0.003536067892503536,2023-12-01 03:39:54.485827923
60279.15272553041,1.8571428571428572,0.0,0.004243281471004243,2023-12-01 03:39:55.485827446
60279.15273710448,2.0,1.4142135623730951,0.0049504950495049506,2023-12-01 03:39:56.485826969
60279.15274867856,2.2857142857142856,0.0,0.0063649222065063635,2023-12-01 03:39:57.485827923
60279.15276025263,2.571428571428571,0.0,0.007779349363507778,2023-12-01 03:39:58.485827446
60279.1527718267,2.857142857142857,0.0,0.009193776520509195,2023-12-01 03:39:59.485827208
60279.15278340078,3.142857142857143,0.0,0.010608203677510607,2023-12-01 03:40:00.485827446
60279.152794974856,3.4285714285714284,0.0,0.012022630834512021,2023-12-01 03:40:01.485827446
60279.152806548926,3.7142857142857144,0.0,0.013437057991513436,2023-12-01 03:40:02.485827208
60279.152818123,4.0,2.0,0.01485148514851485,2023-12-01 03:40:03.485827446
60279.15282969708,3.75,0.0,0.013613861386138612,2023-12-01 03:40:04.485827684
60279.15284127115,3.5,0.0,0.012376237623762377,2023-12-01 03:40:05.485827208
60279.152852845225,3.25,0.0,0.011138613861386138,2023-12-01 03:40:06.485827446
60279.1528644193,3.0,0.0,0.0099009900990099,2023-12-01 03:40:07.485827684
60279.15287599337,2.75,0.0,0.008663366336633664,2023-12-01 03:40:08.485827208
60279.15288756744,2.5,0.0,0.007425742574257426,2023-12-01 03:40:09.485826969
60279.152899141525,2.25,0.0,0.0061881188118811875,2023-12-01 03:40:10.485827684
60279.152910715595,2.0,1.4142135623730951,0.0049504950495049506,2023-12-01 03:40:11.485827446
60279.152922289664,1.8571428571428572,0.0,0.004243281471004243,2023-12-01 03:40:12.485826969
60279.15293386375,1.7142857142857144,0.0,0.0035360678925035376,2023-12-01 03:40:13.485827923
60279.15294543782,1.5714285714285714,0.0,0.0028288543140028285,2023-12-01 03:40:14.485827446
60279.15295701189,1.4285714285714286,0.0,0.002121640735502122,2023-12-01 03:40:15.485826969
60279.152968585964,1.2857142857142858,0.0,0.0014144271570014147,2023-12-01 03:40:16.485827208
60279.15298016004,1.1428571428571428,0.0,0.0007072135785007065,2023-12-01 03:40:17.485827446
60279.15299173411,1.0,1.0,0.0,2023-12-01 03:40:18.485827208
60279.15300330819,1.5,0.0,0.002475247524752475,2023-12-01 03:40:19.485827446
60279.153014882264,2.0,1.4142135623730951,0.0049504950495049506,2023-12-01 03:40:20.485827684
60279.15302645633,2.0,0.0,0.0049504950495049506,2023-12-01 03:40:21.485827208
60279.15303803041,2.0,0.0,0.0049504950495049506,2023-12-01 03:40:22.485827446
60279.15304960449,2.0,0.0,0.0049504950495049506,2023-12-01 03:40:23.485827684
60279.15306117856,2.0,0.0,0.0049504950495049506,2023-12-01 03:40:24.485827208
60279.153072752626,2.0,0.0,0.0049504950495049506,2023-12-01 03:40:25.485826969
60279.15308432671,2.0,1.4142135623730951,0.0049504950495049506,2023-12-01 03:40:26.485827684
60279.15309590078,1.9411764705882353,0.0,0.0046592894583576,2023-12-01 03:40:27.485827446
60279.15310747485,1.8823529411764706,0.0,0.004368083867210251,2023-12-01 03:40:28.485826969
60279.15311904893,1.8235294117647058,0.0,0.0040768782760629,2023-12-01 03:40:29.485827923
60279.153130623,1.7647058823529411,0.0,0.003785672684915551,2023-12-01 03:40:30.485827446
60279.15314219707,1.7058823529411764,0.0,0.0034944670937682,2023-12-01 03:40:31.485826969
60279.153153771156,1.6470588235294117,0.0,0.0032032615026208492,2023-12-01 03:40:32.485827923
60279.153165345226,1.5882352941176472,0.0,0.0029120559114735,2023-12-01 03:40:33.485827446
60279.153176919295,1.5294117647058822,0.0,0.0026208503203261494,2023-12-01 03:40:34.485827208
60279.15318849337,1.4705882352941178,0.0,0.002329644729178801,2023-12-01 03:40:35.485827446
60279.15320006745,1.4117647058823528,0.0,0.0020384391380314495,2023-12-01 03:40:36.485827684
60279.15321164152,1.3529411764705883,0.0,0.0017472335468841005,2023-12-01 03:40:37.485827208
60279.153223215595,1.2941176470588236,0.0,0.0014560279557367505,2023-12-01 03:40:38.485827446
60279.15323478967,1.2352941176470589,0.0,0.0011648223645894006,2023-12-01 03:40:39.485827684
60279.15324636374,1.1764705882352942,0.0,0.0008736167734420507,2023-12-01 03:40:40.485827208
60279.15325793782,1.1176470588235294,0.0,0.0005824111822946999,2023-12-01 03:40:41.485827446
60279.153269511895,1.0588235294117647,0.0,0.00029120559114734993,2023-12-01 03:40:42.485827684
60279.153281085964,1.0,1.0,0.0,2023-12-01 03:40:43.485827208
60279.153292660034,1.0,0.0,0.0,2023-12-01 03:40:44.485826969
60279.15330423412,1.0,0.0,0.0,2023-12-01 03:40:45.485827684
60279.15331580819,1.0,0.0,0.0,2023-12-01 03:40:46.485827446
60279.15332738226,1.0,0.0,0.0,2023-12-01 03:40:47.485826969
60279.15333895634,1.0,0.0,0.0,2023-12-01 03:40:48.485827923
60279.15335053041,1.0,0.0,0.0,2023-12-01 03:40:49.485827446
60279.15336210448,1.0,1.0,0.0,2023-12-01 03:40:50.485826969
60279.15337367856,1.0,0.0,0.0,2023-12-01 03:40:51.485827208
60279.15338525263,1.0,0.0,0.0,2023-12-01 03:40:52.485827446
60279.1533968267,1.0,0.0,0.0,2023-12-01 03:40:53.485827208
60279.15340840078,1.0,0.0,0.0,2023-12-01 03:40:54.485827446
60279.15341997486,1.0,0.0,0.0,2023-12-01 03:40:55.485827684
60279.153431548926,1.0,1.0,0.0,2023-12-01 03:40:56.485827208
60279.153443123,1.0,0.0,0.0,2023-12-01 03:40:57.485827446
60279.15345469708,1.0,0.0,0.0,2023-12-01 03:40:58.485827684
60279.15346627115,1.0,0.0,0.0,2023-12-01 03:40:59.485827208
60279.15347784522,1.0,0.0,0.0,2023-12-01 03:41:00.485826969
60279.1534894193,1.0,0.0,0.0,2023-12-01 03:41:01.485827684
60279.15350099337,1.0,0.0,0.0,2023-12-01 03:41:02.485827446
60279.15351256744,1.0,0.0,0.0,2023-12-01 03:41:03.485826969
60279.153524141526,1.0,0.0,0.0,2023-12-01 03:41:04.485827923
60279.153535715595,1.0,0.0,0.0,2023-12-01 03:41:05.485827446
60279.153547289665,1.0,0.0,0.0,2023-12-01 03:41:06.485826969
60279.15355886374,1.0,0.0,0.0,2023-12-01 03:41:07.485827208
60279.15357043782,1.0,0.0,0.0,2023-12-01 03:41:08.485827446
60279.15358201189,1.0,0.0,0.0,2023-12-01 03:41:09.485827208
60279.153593585965,1.0,0.0,0.0,2023-12-01 03:41:10.485827446
60279.15360516004,1.0,0.0,0.0,2023-12-01 03:41:11.485827684
60279.15361673411,1.0,0.0,0.0,2023-12-01 03:41:12.485827208
60279.15362830819,1.0,0.0,0.0,2023-12-01 03:41:13.485827446
60279.153639882265,1.0,0.0,0.0,2023-12-01 03:41:14.485827684
60279.153651456334,1.0,0.0,0.0,2023-12-01 03:41:15.485827208
60279.15366303041,1.0,0.0,0.0,2023-12-01 03:41:16.485827446
60279.15367460449,1.0,0.0,0.0,2023-12-01 03:41:17.485827684
60279.15368617856,1.0,0.0,0.0,2023-12-01 03:41:18.485827446
60279.15369775263,1.0,0.0,0.0,2023-12-01 03:41:19.485826969
60279.15370932671,1.0,1.0,0.0,2023-12-01 03:41:20.485827684
60279.15372090078,1.125,0.0,0.0006188118811881185,2023-12-01 03:41:21.485827446
60279.15373247485,1.25,0.0,0.0012376237623762379,2023-12-01 03:41:22.485826969
60279.153744048934,1.375,0.0,0.0018564356435643563,2023-12-01 03:41:23.485827923
60279.153755623,1.5,0.0,0.002475247524752475,2023-12-01 03:41:24.485827446
60279.15376719707,1.625,0.0,0.003094059405940594,2023-12-01 03:41:25.485826969
60279.15377877115,1.75,0.0,0.0037128712871287136,2023-12-01 03:41:26.485827208
60279.153790345226,1.875,0.0,0.004331683168316831,2023-12-01 03:41:27.485827446
60279.153801919296,2.0,1.4142135623730951,0.0049504950495049506,2023-12-01 03:41:28.485827208
60279.15381349337,1.875,0.0,0.004331683168316831,2023-12-01 03:41:29.485827446
60279.15382506745,1.75,0.0,0.0037128712871287136,2023-12-01 03:41:30.485827684
60279.15383664152,1.625,0.0,0.003094059405940594,2023-12-01 03:41:31.485827208
60279.153848215596,1.5,0.0,0.002475247524752475,2023-12-01 03:41:32.485827446
60279.15385978967,1.375,0.0,0.0018564356435643563,2023-12-01 03:41:33.485827684
60279.15387136374,1.25,0.0,0.0012376237623762379,2023-12-01 03:41:34.485827208
60279.15388293781,1.125,0.0,0.0006188118811881185,2023-12-01 03:41:35.485826969
60279.153894511895,1.0,1.0,0.0,2023-12-01 03:41:36.485827684
60279.153906085965,1.0,0.0,0.0,2023-12-01 03:41:37.485827446
60279.153917660034,1.0,0.0,0.0,2023-12-01 03:41:38.485826969
60279.15392923412,1.0,0.0,0.0,2023-12-01 03:41:39.485827923
60279.15394080819,1.0,0.0,0.0,2023-12-01 03:41:40.485827446
60279.15395238226,1.0,0.0,0.0,2023-12-01 03:41:41.485826969
60279.153963956334,1.0,1.0,0.0,2023-12-01 03:41:42.485827208
60279.15397553041,1.0,0.0,0.0,2023-12-01 03:41:43.485827446
60279.15398710448,1.0,0.0,0.0,2023-12-01 03:41:44.485827208
60279.15399867856,1.0,1.0,0.0,2023-12-01 03:41:45.485827446
60279.154010252634,1.0,0.0,0.0,2023-12-01 03:41:46.485827684
60279.154021826704,1.0,0.0,0.0,2023-12-01 03:41:47.485827208
60279.15403340078,1.0,0.0,0.0,2023-12-01 03:41:48.485827446
60279.15404497486,1.0,0.0,0.0,2023-12-01 03:41:49.485827684
60279.15405654893,1.0,0.0,0.0,2023-12-01 03:41:50.485827208
60279.154068122996,1.0,0.0,0.0,2023-12-01 03:41:51.485826969
60279.15407969708,1.0,0.0,0.0,2023-12-01 03:41:52.485827684
60279.15409127115,1.0,0.0,0.0,2023-12-01 03:41:53.485827446
60279.15410284522,1.0,1.0,0.0,2023-12-01 03:41:54.485826969
60279.1541144193,1.0,1.0,0.0,2023-12-01 03:41:55.485827923
60279.15412599337,1.1666666666666667,0.0,0.0008250825082508255,2023-12-01 03:41:56.485827446
60279.15413756744,1.3333333333333333,0.0,0.0016501650165016502,2023-12-01 03:41:57.485826969
60279.15414914153,1.5,0.0,0.002475247524752475,2023-12-01 03:41:58.485827923
60279.154160715596,1.6666666666666665,0.0,0.0033003300330032995,2023-12-01 03:41:59.485827446
60279.154172289665,1.8333333333333333,0.0,0.004125412541254126,2023-12-01 03:42:00.485827208
60279.15418386374,2.0,1.4142135623730951,0.0049504950495049506,2023-12-01 03:42:01.485827446
60279.15419543782,2.0,0.0,0.0049504950495049506,2023-12-01 03:42:02.485827446
60279.15420701189,2.0,0.0,0.0049504950495049506,2023-12-01 03:42:03.485827208
60279.154218585965,2.0,0.0,0.0049504950495049506,2023-12-01 03:42:04.485827446
60279.15423016004,2.0,0.0,0.0049504950495049506,2023-12-01 03:42:05.485827684
60279.15424173411,2.0,0.0,0.0049504950495049506,2023-12-01 03:42:06.485827208
60279.15425330819,2.0,0.0,0.0049504950495049506,2023-12-01 03:42:07.485827446
60279.154264882265,2.0,1.4142135623730951,0.0049504950495049506,2023-12-01 03:42:08.485827684
60279.154276456335,1.8,0.0,0.003960396039603961,2023-12-01 03:42:09.485827208
60279.154288030404,1.6,0.0,0.0029702970297029703,2023-12-01 03:42:10.485826969
60279.15429960449,1.4,0.0,0.0019801980198019794,2023-12-01 03:42:11.485827684
60279.15431117856,1.2,0.0,0.0009900990099009901,2023-12-01 03:42:12.485827446
60279.15432275263,1.0,1.0,0.0,2023-12-01 03:42:13.485826969
60279.15433432671,1.0,0.0,0.0,2023-12-01 03:42:14.485827923
60279.15434590078,1.0,0.0,0.0,2023-12-01 03:42:15.485827446
60279.15435747485,1.0,0.0,0.0,2023-12-01 03:42:16.485826969
60279.15436904893,1.0,0.0,0.0,2023-12-01 03:42:17.485827208
60279.154380623004,1.0,0.0,0.0,2023-12-01 03:42:18.485827446
60279.15439219707,1.0,0.0,0.0,2023-12-01 03:42:19.485827208
60279.15440377115,1.0,0.0,0.0,2023-12-01 03:42:20.485827446
60279.15441534523,1.0,0.0,0.0,2023-12-01 03:42:21.485827684
60279.1544269193,1.0,0.0,0.0,2023-12-01 03:42:22.485827208
60279.15443849337,1.0,0.0,0.0,2023-12-01 03:42:23.485827446
60279.15445006745,1.0,0.0,0.0,2023-12-01 03:42:24.485827684
60279.15446164152,1.0,0.0,0.0,2023-12-01 03:42:25.485827208
60279.15447321559,1.0,0.0,0.0,2023-12-01 03:42:26.485826969
60279.15448478967,1.0,0.0,0.0,2023-12-01 03:42:27.485827684
60279.15449636374,1.0,1.0,0.0,2023-12-01 03:42:28.485827446
60279.15450793781,1.125,0.0,0.0006188118811881185,2023-12-01 03:42:29.485826969
60279.154519511896,1.25,0.0,0.0012376237623762379,2023-12-01 03:42:30.485827923
60279.154531085966,1.375,0.0,0.0018564356435643563,2023-12-01 03:42:31.485827446
60279.154542660035,1.5,0.0,0.002475247524752475,2023-12-01 03:42:32.485826969
60279.15455423412,1.625,0.0,0.003094059405940594,2023-12-01 03:42:33.485827923
60279.15456580819,1.75,0.0,0.0037128712871287136,2023-12-01 03:42:34.485827446
60279.15457738226,1.875,0.0,0.004331683168316831,2023-12-01 03:42:35.485827208
60279.154588956335,2.0,1.4142135623730951,0.0049504950495049506,2023-12-01 03:42:36.485827446
60279.15460053041,1.875,0.0,0.004331683168316831,2023-12-01 03:42:37.485827684
60279.15461210448,1.75,0.0,0.0037128712871287136,2023-12-01 03:42:38.485827208
60279.15462367856,1.625,0.0,0.003094059405940594,2023-12-01 03:42:39.485827446
60279.154635252635,1.5,0.0,0.002475247524752475,2023-12-01 03:42:40.485827684
60279.154646826704,1.375,0.0,0.0018564356435643563,2023-12-01 03:42:41.485827208
60279.15465840078,1.25,0.0,0.0012376237623762379,2023-12-01 03:42:42.485827446
60279.15466997486,1.125,0.0,0.0006188118811881185,2023-12-01 03:42:43.485827684
60279.15468154893,1.0,1.0,0.0,2023-12-01 03:42:44.485827208
60279.154693123,1.0,0.0,0.0,2023-12-01 03:42:45.485826969
60279.15470469708,1.0,0.0,0.0,2023-12-01 03:42:46.485827684
60279.15471627115,1.0,0.0,0.0,2023-12-01 03:42:47.485827446
60279.15472784522,1.0,0.0,0.0,2023-12-01 03:42:48.485826969
60279.154739419304,1.0,0.0,0.0,2023-12-01 03:42:49.485827923
60279.15475099337,1.0,0.0,0.0,2023-12-01 03:42:50.485827446
60279.15476256744,1.0,0.0,0.0,2023-12-01 03:42:51.485826969
60279.15477414152,1.0,1.0,0.0,2023-12-01 03:42:52.485827208
60279.1547857156,1.0,0.0,0.0,2023-12-01 03:42:53.485827446
60279.154797289666,1.0,0.0,0.0,2023-12-01 03:42:54.485827208
60279.15480886374,1.0,0.0,0.0,2023-12-01 03:42:55.485827446
60279.15482043782,1.0,0.0,0.0,2023-12-01 03:42:56.485827684
60279.15483201189,1.0,0.0,0.0,2023-12-01 03:42:57.485827208
60279.154843585966,1.0,0.0,0.0,2023-12-01 03:42:58.485827446
60279.15485516004,1.0,0.0,0.0,2023-12-01 03:42:59.485827684
60279.15486673411,1.0,0.0,0.0,2023-12-01 03:43:00.485827208
60279.15487830818,1.0,1.0,0.0,2023-12-01 03:43:01.485826969
60279.154889882266,1.0,0.0,0.0,2023-12-01 03:43:02.485827684
60279.154901456335,1.0,0.0,0.0,2023-12-01 03:43:03.485827446
60279.154913030405,1.0,0.0,0.0,2023-12-01 03:43:04.485826969
60279.15492460449,1.0,0.0,0.0,2023-12-01 03:43:05.485827923
60279.15493617856,1.0,0.0,0.0,2023-12-01 03:43:06.485827446
60279.15494775263,1.0,0.0,0.0,2023-12-01 03:43:07.485826969
60279.154959326705,1.0,1.0,0.0,2023-12-01 03:43:08.485827208
60279.15497090078,1.1818181818181819,0.0,0.0009000900090009008,2023-12-01 03:43:09.485827446
60279.15498247485,1.3636363636363638,0.0,0.0018001800180018008,2023-12-01 03:43:10.485827208
60279.15499404893,1.5454545454545454,0.0,0.0027002700270027,2023-12-01 03:43:11.485827446
60279.155005623004,1.7272727272727273,0.0,0.0036003600360036006,2023-12-01 03:43:12.485827684
60279.155017197074,1.9090909090909092,0.0,0.004500450045004501,2023-12-01 03:43:13.485827208
60279.15502877115,2.090909090909091,0.0,0.0054005400540054005,2023-12-01 03:43:14.485827446
60279.15504034523,2.2727272727272725,0.0,0.006300630063006299,2023-12-01 03:43:15.485827684
60279.1550519193,2.4545454545454546,0.0,0.0072007200720072,2023-12-01 03:43:16.485827208
60279.155063493374,2.6363636363636367,0.0,0.008100810081008103,2023-12-01 03:43:17.485827446
60279.15507506745,2.8181818181818183,0.0,0.009000900090009003,2023-12-01 03:43:18.485827684
60279.15508664152,3.0,1.7320508075688772,0.0099009900990099,2023-12-01 03:43:19.485827446
60279.15509821559,2.75,0.0,0.008663366336633664,2023-12-01 03:43:20.485826969
60279.15510978967,2.5,0.0,0.007425742574257426,2023-12-01 03:43:21.485827684
60279.15512136374,2.25,0.0,0.0061881188118811875,2023-12-01 03:43:22.485827446
60279.15513293781,2.0,1.4142135623730951,0.0049504950495049506,2023-12-01 03:43:23.485826969
60279.1551445119,2.142857142857143,0.0,0.005657708628005658,2023-12-01 03:43:24.485827923
60279.155156085966,2.2857142857142856,0.0,0.0063649222065063635,2023-12-01 03:43:25.485827446
60279.155167660036,2.4285714285714284,0.0,0.007072135785007071,2023-12-01 03:43:26.485826969
60279.15517923411,2.571428571428571,0.0,0.007779349363507778,2023-12-01 03:43:27.485827208
60279.15519080819,2.7142857142857144,0.0,0.008486562942008488,2023-12-01 03:43:28.485827446
60279.15520238226,2.857142857142857,0.0,0.009193776520509195,2023-12-01 03:43:29.485827208
60279.155213956336,3.0,1.7320508075688772,0.0099009900990099,2023-12-01 03:43:30.485827446
60279.15522553041,3.0,0.0,0.0099009900990099,2023-12-01 03:43:31.485827684
60279.15523710448,3.0,0.0,0.0099009900990099,2023-12-01 03:43:32.485827208
60279.15524867856,3.0,0.0,0.0099009900990099,2023-12-01 03:43:33.485827446
60279.155260252635,3.0,0.0,0.0099009900990099,2023-12-01 03:43:34.485827684
60279.155271826705,3.0,0.0,0.0099009900990099,2023-12-01 03:43:35.485827208
60279.155283400774,3.0,0.0,0.0099009900990099,2023-12-01 03:43:36.485826969
60279.15529497486,3.0,1.7320508075688772,0.0099009900990099,2023-12-01 03:43:37.485827684
60279.15530654893,2.888888888888889,0.0,0.00935093509350935,2023-12-01 03:43:38.485827446
60279.155318123,2.7777777777777777,0.0,0.008800880088008802,2023-12-01 03:43:39.485826969
60279.15532969708,2.6666666666666665,0.0,0.00825082508250825,2023-12-01 03:43:40.485827923
60279.15534127115,2.5555555555555554,0.0,0.007700770077007701,2023-12-01 03:43:41.485827446
60279.15535284522,2.4444444444444446,0.0,0.007150715071507152,2023-12-01 03:43:42.485826969
60279.1553644193,2.3333333333333335,0.0,0.006600660066006602,2023-12-01 03:43:43.485827208
60279.155375993374,2.2222222222222223,0.0,0.006050605060506051,2023-12-01 03:43:44.485827446
60279.15538756744,2.111111111111111,0.0,0.005500550055005501,2023-12-01 03:43:45.485827208
60279.15539914152,2.0,1.4142135623730951,0.0049504950495049506,2023-12-01 03:43:46.485827446
60279.1554107156,2.111111111111111,0.0,0.005500550055005501,2023-12-01 03:43:47.485827684
60279.15542228967,2.2222222222222223,0.0,0.006050605060506051,2023-12-01 03:43:48.485827208
60279.15543386374,2.3333333333333335,0.0,0.006600660066006602,2023-12-01 03:43:49.485827446
60279.15544543782,2.4444444444444446,0.0,0.007150715071507152,2023-12-01 03:43:50.485827684
60279.15545701189,2.5555555555555554,0.0,0.007700770077007701,2023-12-01 03:43:51.485827208
60279.15546858596,2.6666666666666665,0.0,0.00825082508250825,2023-12-01 03:43:52.485826969
60279.15548016004,2.7777777777777777,0.0,0.008800880088008802,2023-12-01 03:43:53.485827684
60279.15549173411,2.888888888888889,0.0,0.00935093509350935,2023-12-01 03:43:54.485827446
60279.15550330818,3.0,1.7320508075688772,0.0099009900990099,2023-12-01 03:43:55.485826969
60279.155514882266,3.1666666666666665,0.0,0.010726072607260724,2023-12-01 03:43:56.485827923
60279.155526456336,3.3333333333333335,0.0,0.011551155115511552,2023-12-01 03:43:57.485827446
60279.155538030405,3.5,0.0,0.012376237623762377,2023-12-01 03:43:58.485826969
60279.15554960449,3.6666666666666665,0.0,0.013201320132013201,2023-12-01 03:43:59.485827923
60279.15556117856,3.833333333333333,0.0,0.014026402640264023,2023-12-01 03:44:00.485827446
60279.15557275263,4.0,2.0,0.01485148514851485,2023-12-01 03:44:01.485827208
60279.155584326705,3.7272727272727275,0.0,0.013501350135013503,2023-12-01 03:44:02.485827208
60279.15559590078,3.4545454545454546,0.0,0.012151215121512151,2023-12-01 03:44:03.485827446
60279.15560747485,3.1818181818181817,0.0,0.0108010801080108,2023-12-01 03:44:04.485827208
60279.15561904893,2.909090909090909,0.0,0.009450945094509451,2023-12-01 03:44:05.485827446
60279.155630623005,2.6363636363636367,0.0,0.008100810081008103,2023-12-01 03:44:06.485827684
60279.155642197074,2.3636363636363638,0.0,0.006750675067506752,2023-12-01 03:44:07.485827208
60279.15565377115,2.090909090909091,0.0,0.0054005400540054005,2023-12-01 03:44:08.485827446
60279.15566534523,1.8181818181818183,0.0,0.004050405040504051,2023-12-01 03:44:09.485827684
60279.1556769193,1.5454545454545459,0.0,0.0027002700270027024,2023-12-01 03:44:10.485827208
60279.15568849337,1.272727272727273,0.0,0.0013501350135013508,2023-12-01 03:44:11.485826969
60279.15570006745,1.0,1.0,0.0,2023-12-01 03:44:12.485827684
60279.15571164152,1.0,0.0,0.0,2023-12-01 03:44:13.485827446
60279.15572321559,1.0,0.0,0.0,2023-12-01 03:44:14.485826969
60279.155734789674,1.0,0.0,0.0,2023-12-01 03:44:15.485827923
60279.155746363744,1.0,0.0,0.0,2023-12-01 03:44:16.485827446
60279.15575793781,1.0,0.0,0.0,2023-12-01 03:44:17.485826969
60279.15576951189,1.0,1.0,0.0,2023-12-01 03:44:18.485827208
60279.15578108597,1.0,0.0,0.0,2023-12-01 03:44:19.485827446
60279.155792660036,1.0,0.0,0.0,2023-12-01 03:44:20.485827208
60279.15580423411,1.0,1.0,0.0,2023-12-01 03:44:21.485827446
60279.15581580819,1.2222222222222223,0.0,0.0011001100110011007,2023-12-01 03:44:22.485827684
60279.15582738226,1.4444444444444444,0.0,0.0022002200220022005,2023-12-01 03:44:23.485827208
60279.155838956336,1.6666666666666665,0.0,0.0033003300330032995,2023-12-01 03:44:24.485827446
60279.15585053041,1.8888888888888888,0.0,0.0044004400440044,2023-12-01 03:44:25.485827684
60279.15586210448,2.111111111111111,0.0,0.005500550055005501,2023-12-01 03:44:26.485827208
60279.15587367855,2.333333333333333,0.0,0.0066006600660066,2023-12-01 03:44:27.485826969
60279.155885252636,2.5555555555555554,0.0,0.007700770077007701,2023-12-01 03:44:28.485827684
60279.155896826705,2.7777777777777777,0.0,0.008800880088008802,2023-12-01 03:44:29.485827446
60279.155908400775,3.0,1.7320508075688772,0.0099009900990099,2023-12-01 03:44:30.485826969
60279.15591997486,2.8666666666666667,0.0,0.009240924092409241,2023-12-01 03:44:31.485827923
60279.15593154893,2.7333333333333334,0.0,0.008580858085808583,2023-12-01 03:44:32.485827446
60279.155943123,2.6,0.0,0.007920792079207921,2023-12-01 03:44:33.485826969
60279.15595469708,2.466666666666667,0.0,0.007260726072607262,2023-12-01 03:44:34.485827923
60279.15596627115,2.3333333333333335,0.0,0.006600660066006602,2023-12-01 03:44:35.485827446
60279.15597784522,2.2,0.0,0.0059405940594059415,2023-12-01 03:44:36.485827208
60279.1559894193,2.0666666666666664,0.0,0.00528052805280528,2023-12-01 03:44:37.485827446
60279.156000993375,1.9333333333333333,0.0,0.004620462046204621,2023-12-01 03:44:38.485827684
60279.156012567444,1.8,0.0,0.003960396039603961,2023-12-01 03:44:39.485827208
60279.15602414152,1.6666666666666667,0.0,0.0033003300330033012,2023-12-01 03:44:40.485827446
60279.1560357156,1.5333333333333334,0.0,0.002640264026402641,2023-12-01 03:44:41.485827684
60279.15604728967,1.4,0.0,0.0019801980198019794,2023-12-01 03:44:42.485827208
60279.156058863744,1.2666666666666666,0.0,0.0013201320132013201,2023-12-01 03:44:43.485827446
60279.15607043782,1.1333333333333333,0.0,0.0006600660066006601,2023-12-01 03:44:44.485827684
60279.15608201189,1.0,1.0,0.0,2023-12-01 03:44:45.485827208
60279.15609358596,1.0769230769230769,0.0,0.00038080731150038055,2023-12-01 03:44:46.485826969
60279.156105160044,1.1538461538461537,0.0,0.0007616146230007611,2023-12-01 03:44:47.485827684
60279.15611673411,1.2307692307692308,0.0,0.0011424219345011425,2023-12-01 03:44:48.485827446
60279.15612830818,1.3076923076923077,0.0,0.001523229246001523,2023-12-01 03:44:49.485826969
60279.15613988227,1.3846153846153846,0.0,0.0019040365575019036,2023-12-01 03:44:50.485827923
60279.15615145634,1.4615384615384617,0.0,0.002284843869002286,2023-12-01 03:44:51.485827446
60279.156163030406,1.5384615384615385,0.0,0.0026656511805026664,2023-12-01 03:44:52.485826969
60279.15617460448,1.6153846153846154,0.0,0.003046458492003047,2023-12-01 03:44:53.485827208
60279.15618617856,1.6923076923076923,0.0,0.0034272658035034266,2023-12-01 03:44:54.485827446
60279.15619775263,1.7692307692307692,0.0,0.003808073115003808,2023-12-01 03:44:55.485827208
60279.156209326706,1.8461538461538463,0.0,0.0041888804265041895,2023-12-01 03:44:56.485827446
60279.15622090078,1.9230769230769231,0.0,0.004569687738004569,2023-12-01 03:44:57.485827684
60279.15623247485,2.0,1.4142135623730951,0.0049504950495049506,2023-12-01 03:44:58.485827208
60279.15624404893,1.0,1.0,0.0,2023-12-01 03:44:59.485827446
60279.156255623006,1.0,0.0,0.0,2023-12-01 03:45:00.485827684
60279.156267197075,1.0,0.0,0.0,2023-12-01 03:45:01.485827208
60279.156278771145,1.0,1.0,0.0,2023-12-01 03:45:02.485826969
60279.15629034523,1.1111111111111112,0.0,0.0005500550055005504,2023-12-01 03:45:03.485827684
60279.1563019193,1.2222222222222223,0.0,0.0011001100110011007,2023-12-01 03:45:04.485827446
60279.15631349337,1.3333333333333333,0.0,0.0016501650165016502,2023-12-01 03:45:05.485826969
60279.15632506745,1.4444444444444444,0.0,0.0022002200220022005,2023-12-01 03:45:06.485827923
60279.15633664152,1.5555555555555556,0.0,0.00275027502750275,2023-12-01 03:45:07.485827446
60279.15634821559,1.6666666666666665,0.0,0.0033003300330032995,2023-12-01 03:45:08.485826969
60279.15635978967,1.7777777777777777,0.0,0.00385038503850385,2023-12-01 03:45:09.485827208
60279.156371363744,1.8888888888888888,0.0,0.0044004400440044,2023-12-01 03:45:10.485827446
60279.156382937814,2.0,1.4142135623730951,0.0049504950495049506,2023-12-01 03:45:11.485827208
60279.15639451189,2.0,0.0,0.0049504950495049506,2023-12-01 03:45:12.485827446
60279.15640608597,2.0,0.0,0.0049504950495049506,2023-12-01 03:45:13.485827684
60279.15641766004,2.0,0.0,0.0049504950495049506,2023-12-01 03:45:14.485827208
60279.15642923411,2.0,0.0,0.0049504950495049506,2023-12-01 03:45:15.485827446
60279.15644080819,2.0,0.0,0.0049504950495049506,2023-12-01 03:45:16.485827684
60279.15645238226,2.0,0.0,0.0049504950495049506,2023-12-01 03:45:17.485827208
60279.15646395634,2.0,1.4142135623730951,0.0049504950495049506,2023-12-01 03:45:18.485827446
60279.15647553041,1.9,0.0,0.004455445544554455,2023-12-01 03:45:19.485827684
60279.15648710448,1.8,0.0,0.003960396039603961,2023-12-01 03:45:20.485827446
60279.15649867855,1.7,0.0,0.003465346534653466,2023-12-01 03:45:21.485826969
60279.15651025264,1.6,0.0,0.0029702970297029703,2023-12-01 03:45:22.485827684
60279.156521826706,1.5,0.0,0.002475247524752475,2023-12-01 03:45:23.485827446
60279.156533400776,1.4,0.0,0.0019801980198019794,2023-12-01 03:45:24.485826969
60279.15654497486,1.2999999999999998,0.0,0.0014851485148514839,2023-12-01 03:45:25.485827923
60279.15655654893,1.2,0.0,0.0009900990099009901,2023-12-01 03:45:26.485827446
60279.156568123,1.1,0.0,0.0004950495049504955,2023-12-01 03:45:27.485826969
60279.156579697075,1.0,1.0,0.0,2023-12-01 03:45:28.485827208
60279.15659127115,1.0,0.0,0.0,2023-12-01 03:45:29.485827446
60279.15660284522,1.0,0.0,0.0,2023-12-01 03:45:30.485827208
60279.1566144193,1.0,0.0,0.0,2023-12-01 03:45:31.485827446
60279.156625993375,1.0,0.0,0.0,2023-12-01 03:45:32.485827684
60279.156637567445,1.0,0.0,0.0,2023-12-01 03:45:33.485827208
60279.15664914152,1.0,0.0,0.0,2023-12-01 03:45:34.485827446
60279.1566607156,1.0,0.0,0.0,2023-12-01 03:45:35.485827684
60279.15667228967,1.0,0.0,0.0,2023-12-01 03:45:36.485827208
60279.15668386374,1.0,0.0,0.0,2023-12-01 03:45:37.485826969
60279.15669543782,1.0,0.0,0.0,2023-12-01 03:45:38.485827684
60279.15670701189,1.0,0.0,0.0,2023-12-01 03:45:39.485827446
60279.15671858596,1.0,0.0,0.0,2023-12-01 03:45:40.485826969
60279.156730160044,1.0,0.0,0.0,2023-12-01 03:45:41.485827923
60279.156741734114,1.0,1.0,0.0,2023-12-01 03:45:42.485827446
60279.15675330818,1.0,0.0,0.0,2023-12-01 03:45:43.485826969
60279.15676488226,1.0,0.0,0.0,2023-12-01 03:45:44.485827208
60279.15677645634,1.0,0.0,0.0,2023-12-01 03:45:45.485827446
60279.15678803041,1.0,0.0,0.0,2023-12-01 03:45:46.485827208
60279.15679960448,1.0,0.0,0.0,2023-12-01 03:45:47.485827446
60279.15681117856,1.0,0.0,0.0,2023-12-01 03:45:48.485827684
60279.15682275263,1.0,0.0,0.0,2023-12-01 03:45:49.485827208
60279.156834326706,1.0,1.0,0.0,2023-12-01 03:45:50.485827446
60279.15684590078,1.25,0.0,0.0012376237623762379,2023-12-01 03:45:51.485827684
60279.15685747485,1.5,0.0,0.002475247524752475,2023-12-01 03:45:52.485827208
60279.15686904893,1.75,0.0,0.0037128712871287136,2023-12-01 03:45:53.485827446
60279.156880623006,2.0,0.0,0.0049504950495049506,2023-12-01 03:45:54.485827684
60279.156892197076,2.25,0.0,0.0061881188118811875,2023-12-01 03:45:55.485827446
60279.156903771145,2.5,0.0,0.007425742574257426,2023-12-01 03:45:56.485826969
60279.15691534523,2.75,0.0,0.008663366336633664,2023-12-01 03:45:57.485827923
60279.1569269193,3.0,1.7320508075688772,0.0099009900990099,2023-12-01 03:45:58.485827446
60279.15693849337,2.888888888888889,0.0,0.00935093509350935,2023-12-01 03:45:59.485826969
60279.15695006745,2.7777777777777777,0.0,0.008800880088008802,2023-12-01 03:46:00.485827923
60279.15696164152,2.6666666666666665,0.0,0.00825082508250825,2023-12-01 03:46:01.485827446
60279.15697321559,2.5555555555555554,0.0,0.007700770077007701,2023-12-01 03:46:02.485826969
60279.15698478967,2.4444444444444446,0.0,0.007150715071507152,2023-12-01 03:46:03.485827208
60279.156996363745,2.3333333333333335,0.0,0.006600660066006602,2023-12-01 03:46:04.485827446
60279.157007937814,2.2222222222222223,0.0,0.006050605060506051,2023-12-01 03:46:05.485827208
60279.15701951189,2.111111111111111,0.0,0.005500550055005501,2023-12-01 03:46:06.485827446
60279.15703108597,2.0,1.4142135623730951,0.0049504950495049506,2023-12-01 03:46:07.485827684
60279.15704266004,1.8333333333333333,0.0,0.004125412541254126,2023-12-01 03:46:08.485827208
60279.157054234114,1.6666666666666667,0.0,0.0033003300330033012,2023-12-01 03:46:09.485827446
60279.15706580819,1.5,0.0,0.002475247524752475,2023-12-01 03:46:10.485827684
60279.15707738226,1.3333333333333335,0.0,0.001650165016501651,2023-12-01 03:46:11.485827208
60279.15708895633,1.1666666666666667,0.0,0.0008250825082508255,2023-12-01 03:46:12.485826969
60279.157100530414,1.0,1.0,0.0,2023-12-01 03:46:13.485827684
60279.15711210448,1.0,1.0,0.0,2023-12-01 03:46:14.485827446
60279.15712367855,1.3333333333333333,0.0,0.0016501650165016502,2023-12-01 03:46:15.485826969
60279.15713525264,1.6666666666666665,0.0,0.0033003300330032995,2023-12-01 03:46:16.485827923
60279.15714682671,2.0,0.0,0.0049504950495049506,2023-12-01 03:46:17.485827446
60279.157158400776,2.333333333333333,0.0,0.0066006600660066,2023-12-01 03:46:18.485826969
60279.15716997485,2.6666666666666665,0.0,0.00825082508250825,2023-12-01 03:46:19.485827208
60279.15718154893,3.0,1.7320508075688772,0.0099009900990099,2023-12-01 03:46:20.485827446
60279.157193123,2.875,0.0,0.009282178217821783,2023-12-01 03:46:21.485827208
60279.157204697076,2.75,0.0,0.008663366336633664,2023-12-01 03:46:22.485827446
60279.15721627115,2.625,0.0,0.008044554455445545,2023-12-01 03:46:23.485827684
60279.15722784522,2.5,0.0,0.007425742574257426,2023-12-01 03:46:24.485827208
60279.1572394193,2.375,0.0,0.006806930693069307,2023-12-01 03:46:25.485827446
60279.157250993376,2.25,0.0,0.0061881188118811875,2023-12-01 03:46:26.485827684
60279.157262567445,2.125,0.0,0.00556930693069307,2023-12-01 03:46:27.485827208
60279.157274141515,2.0,1.4142135623730951,0.0049504950495049506,2023-12-01 03:46:28.485826969
60279.1572857156,1.875,0.0,0.004331683168316831,2023-12-01 03:46:29.485827684
60279.15729728967,1.75,0.0,0.0037128712871287136,2023-12-01 03:46:30.485827446
60279.15730886374,1.625,0.0,0.003094059405940594,2023-12-01 03:46:31.485826969
60279.15732043782,1.5,0.0,0.002475247524752475,2023-12-01 03:46:32.485827923
60279.15733201189,1.375,0.0,0.0018564356435643563,2023-12-01 03:46:33.485827446
60279.15734358596,1.25,0.0,0.0012376237623762379,2023-12-01 03:46:34.485826969
60279.157355160045,1.125,0.0,0.0006188118811881185,2023-12-01 03:46:35.485827923
60279.157366734114,1.0,1.0,0.0,2023-12-01 03:46:36.485827446
60279.157378308184,1.125,0.0,0.0006188118811881185,2023-12-01 03:46:37.485827208
60279.15738988226,1.25,0.0,0.0012376237623762379,2023-12-01 03:46:38.485827446
60279.15740145634,1.375,0.0,0.0018564356435643563,2023-12-01 03:46:39.485827446
60279.15741303041,1.5,0.0,0.002475247524752475,2023-12-01 03:46:40.485827208
60279.157424604484,1.625,0.0,0.003094059405940594,2023-12-01 03:46:41.485827446
60279.15743617856,1.75,0.0,0.0037128712871287136,2023-12-01 03:46:42.485827684
60279.15744775263,1.875,0.0,0.004331683168316831,2023-12-01 03:46:43.485827208
60279.15745932671,2.0,1.4142135623730951,0.0049504950495049506,2023-12-01 03:46:44.485827446
60279.157470900784,1.0,1.0,0.0,2023-12-01 03:46:45.485827684
60279.15748247485,1.0,0.0,0.0,2023-12-01 03:46:46.485827208
60279.15749404892,1.0,0.0,0.0,2023-12-01 03:46:47.485826969
60279.15750562301,1.0,0.0,0.0,2023-12-01 03:46:48.485827684
60279.157517197076,1.0,0.0,0.0,2023-12-01 03:46:49.485827446
60279.157528771146,1.0,0.0,0.0,2023-12-01 03:46:50.485826969
60279.15754034523,1.0,1.0,0.0,2023-12-01 03:46:51.485827923
60279.1575519193,1.0,0.0,0.0,2023-12-01 03:46:52.485827446
60279.15756349337,1.0,0.0,0.0,2023-12-01 03:46:53.485826969
60279.157575067446,1.0,0.0,0.0,2023-12-01 03:46:54.485827208
60279.15758664152,1.0,0.0,0.0,2023-12-01 03:46:55.485827446
60279.15759821559,1.0,0.0,0.0,2023-12-01 03:46:56.485827208
60279.15760978967,1.0,0.0,0.0,2023-12-01 03:46:57.485827446
60279.157621363745,1.0,0.0,0.0,2023-12-01 03:46:58.485827684
60279.157632937815,1.0,0.0,0.0,2023-12-01 03:46:59.485827208
60279.15764451189,1.0,0.0,0.0,2023-12-01 03:47:00.485827446
60279.15765608597,1.0,1.0,0.0,2023-12-01 03:47:01.485827684
60279.15766766004,1.0,0.0,0.0,2023-12-01 03:47:02.485827208
60279.15767923411,1.0,0.0,0.0,2023-12-01 03:47:03.485826969
60279.15769080819,1.0,0.0,0.0,2023-12-01 03:47:04.485827684
60279.15770238226,1.0,0.0,0.0,2023-12-01 03:47:05.485827446
60279.15771395633,1.0,0.0,0.0,2023-12-01 03:47:06.485826969
60279.157725530415,1.0,0.0,0.0,2023-12-01 03:47:07.485827923
60279.157737104484,1.0,0.0,0.0,2023-12-01 03:47:08.485827446
60279.15774867855,1.0,0.0,0.0,2023-12-01 03:47:09.485826969
60279.15776025263,1.0,0.0,0.0,2023-12-01 03:47:10.485827208
60279.15777182671,1.0,0.0,0.0,2023-12-01 03:47:11.485827446
60279.15778340078,1.0,0.0,0.0,2023-12-01 03:47:12.485827208
60279.15779497485,1.0,0.0,0.0,2023-12-01 03:47:13.485827446
60279.15780654893,1.0,0.0,0.0,2023-12-01 03:47:14.485827684
60279.157818123,1.0,0.0,0.0,2023-12-01 03:47:15.485827208
60279.15782969708,1.0,0.0,0.0,2023-12-01 03:47:16.485827446
60279.15784127115,1.0,1.0,0.0,2023-12-01 03:47:17.485827684
60279.15785284522,1.1428571428571428,0.0,0.0007072135785007065,2023-12-01 03:47:18.485827208
60279.1578644193,1.2857142857142856,0.0,0.0014144271570014138,2023-12-01 03:47:19.485827446
60279.15787599338,1.4285714285714286,0.0,0.002121640735502122,2023-12-01 03:47:20.485827684
60279.157887567446,1.5714285714285714,0.0,0.0028288543140028285,2023-12-01 03:47:21.485827208
60279.157899141515,1.7142857142857142,0.0,0.003536067892503536,2023-12-01 03:47:22.485826969
60279.1579107156,1.8571428571428572,0.0,0.004243281471004243,2023-12-01 03:47:23.485827684
60279.15792228967,2.0,1.4142135623730951,0.0049504950495049506,2023-12-01 03:47:24.485827446
60279.15793386374,2.0,0.0,0.0049504950495049506,2023-12-01 03:47:25.485826969
60279.15794543782,2.0,0.0,0.0049504950495049506,2023-12-01 03:47:26.485827923
60279.15795701189,2.0,0.0,0.0049504950495049506,2023-12-01 03:47:27.485827446
60279.15796858596,2.0,0.0,0.0049504950495049506,2023-12-01 03:47:28.485826969
60279.15798016004,2.0,0.0,0.0049504950495049506,2023-12-01 03:47:29.485827208
60279.157991734115,2.0,0.0,0.0049504950495049506,2023-12-01 03:47:30.485827446
60279.158003308185,2.0,0.0,0.0049504950495049506,2023-12-01 03:47:31.485827208
60279.15801488226,2.0,0.0,0.0049504950495049506,2023-12-01 03:47:32.485827446
60279.15802645634,2.0,0.0,0.0049504950495049506,2023-12-01 03:47:33.485827684
60279.15803803041,2.0,0.0,0.0049504950495049506,2023-12-01 03:47:34.485827208
60279.158049604484,2.0,1.4142135623730951,0.0049504950495049506,2023-12-01 03:47:35.485827446
60279.15806117856,2.0,0.0,0.0049504950495049506,2023-12-01 03:47:36.485827684
60279.15807275263,2.0,0.0,0.0049504950495049506,2023-12-01 03:47:37.485827208
60279.1580843267,2.0,0.0,0.0049504950495049506,2023-12-01 03:47:38.485826969
60279.158095900784,2.0,0.0,0.0049504950495049506,2023-12-01 03:47:39.485827684
60279.158107474854,2.0,0.0,0.0049504950495049506,2023-12-01 03:47:40.485827446
60279.15811904892,2.0,0.0,0.0049504950495049506,2023-12-01 03:47:41.485826969
60279.15813062301,2.0,0.0,0.0049504950495049506,2023-12-01 03:47:42.485827923
60279.15814219708,2.0,0.0,0.0049504950495049506,2023-12-01 03:47:43.485827446
60279.158153771146,2.0,0.0,0.0049504950495049506,2023-12-01 03:47:44.485826969
60279.15816534522,2.0,0.0,0.0049504950495049506,2023-12-01 03:47:45.485827208
60279.1581769193,2.0,0.0,0.0049504950495049506,2023-12-01 03:47:46.485827446
60279.15818849337,2.0,0.0,0.0049504950495049506,2023-12-01 03:47:47.485827208
60279.158200067446,2.0,0.0,0.0049504950495049506,2023-12-01 03:47:48.485827446
60279.15821164152,2.0,0.0,0.0049504950495049506,2023-12-01 03:47:49.485827684
60279.15822321559,2.0,0.0,0.0049504950495049506,2023-12-01 03:47:50.485827208
60279.15823478967,2.0,0.0,0.0049504950495049506,2023-12-01 03:47:51.485827446
60279.158246363746,2.0,0.0,0.0049504950495049506,2023-12-01 03:47:52.485827684
60279.158257937816,2.0,0.0,0.0049504950495049506,2023-12-01 03:47:53.485827208
60279.15826951189,2.0,0.0,0.0049504950495049506,2023-12-01 03:47:54.485827446
60279.15828108597,2.0,0.0,0.0049504950495049506,2023-12-01 03:47:55.485827684
60279.15829266004,2.0,1.4142135623730951,0.0049504950495049506,2023-12-01 03:47:56.485827446
60279.15830423411,2.0,0.0,0.0049504950495049506,2023-12-01 03:47:57.485826969
60279.15831580819,2.0,0.0,0.0049504950495049506,2023-12-01 03:47:58.485827684
60279.15832738226,2.0,0.0,0.0049504950495049506,2023-12-01 03:47:59.485827446
60279.15833895633,2.0,0.0,0.0049504950495049506,2023-12-01 03:48:00.485826969
60279.158350530415,2.0,0.0,0.0049504950495049506,2023-12-01 03:48:01.485827923
60279.158362104485,2.0,0.0,0.0049504950495049506,2023-12-01 03:48:02.485827446
60279.158373678554,2.0,0.0,0.0049504950495049506,2023-12-01 03:48:03.485826969
60279.15838525263,2.0,1.4142135623730951,0.0049504950495049506,2023-12-01 03:48:04.485827208
60279.15839682671,1.9545454545454546,0.0,0.0047254725472547264,2023-12-01 03:48:05.485827446
60279.15840840078,1.9090909090909092,0.0,0.004500450045004501,2023-12-01 03:48:06.485827208
60279.158419974854,1.8636363636363638,0.0,0.0042754275427542765,2023-12-01 03:48:07.485827446
60279.15843154893,1.8181818181818181,0.0,0.004050405040504051,2023-12-01 03:48:08.485827684
60279.158443123,1.7727272727272727,0.0,0.0038253825382538248,2023-12-01 03:48:09.485827208
60279.15845469708,1.7272727272727273,0.0,0.0036003600360036006,2023-12-01 03:48:10.485827446
60279.158466271154,1.6818181818181819,0.0,0.0033753375337533765,2023-12-01 03:48:11.485827684
60279.15847784522,1.6363636363636362,0.0,0.003150315031503149,2023-12-01 03:48:12.485827208
60279.15848941929,1.5909090909090908,0.0,0.002925292529252925,2023-12-01 03:48:13.485826969
60279.15850099338,1.5454545454545454,0.0,0.0027002700270027,2023-12-01 03:48:14.485827684
60279.15851256745,1.5,0.0,0.002475247524752475,2023-12-01 03:48:15.485827446
60279.158524141516,1.4545454545454546,0.0,0.0022502250225022507,2023-12-01 03:48:16.485826969
60279.1585357156,1.4090909090909092,0.0,0.0020252025202520257,2023-12-01 03:48:17.485827923
60279.15854728967,1.3636363636363638,0.0,0.0018001800180018008,2023-12-01 03:48:18.485827446
60279.15855886374,1.3181818181818181,0.0,0.001575157515751575,2023-12-01 03:48:19.485826969
60279.158570437816,1.2727272727272727,0.0,0.00135013501350135,2023-12-01 03:48:20.485827208
60279.15858201189,1.2272727272727273,0.0,0.001125112511251125,2023-12-01 03:48:21.485827446
60279.15859358596,1.1818181818181817,0.0,0.0009000900090008991,2023-12-01 03:48:22.485827208
60279.15860516004,1.1363636363636362,0.0,0.0006750675067506741,2023-12-01 03:48:23.485827446
60279.158616734116,1.0909090909090908,0.0,0.00045004500450044997,2023-12-01 03:48:24.485827684
60279.158628308185,1.0454545454545454,0.0,0.00022502250225022499,2023-12-01 03:48:25.485827208
60279.15863988226,1.0,1.0,0.0,2023-12-01 03:48:26.485827446
60279.15865145634,1.0,0.0,0.0,2023-12-01 03:48:27.485827684
60279.15866303041,1.0,0.0,0.0,2023-12-01 03:48:28.485827208
60279.15867460448,1.0,0.0,0.0,2023-12-01 03:48:29.485826969
60279.15868617856,1.0,0.0,0.0,2023-12-01 03:48:30.485827684
60279.15869775263,1.0,0.0,0.0,2023-12-01 03:48:31.485827446
60279.1587093267,1.0,0.0,0.0,2023-12-01 03:48:32.485826969
60279.158720900785,1.0,0.0,0.0,2023-12-01 03:48:33.485827923
60279.158732474854,1.0,1.0,0.0,2023-12-01 03:48:34.485827446
60279.158744048924,1.0625,0.0,0.0003094059405940597,2023-12-01 03:48:35.485826969
60279.15875562301,1.125,0.0,0.0006188118811881185,2023-12-01 03:48:36.485827923
60279.15876719708,1.1875,0.0,0.0009282178217821782,2023-12-01 03:48:37.485827446
60279.15877877115,1.25,0.0,0.0012376237623762379,2023-12-01 03:48:38.485827208
60279.158790345224,1.3125,0.0,0.0015470297029702967,2023-12-01 03:48:39.485827208
60279.1588019193,1.375,0.0,0.0018564356435643563,2023-12-01 03:48:40.485827446
60279.15881349337,1.4375,0.0,0.002165841584158416,2023-12-01 03:48:41.485827208
60279.15882506745,1.5,0.0,0.002475247524752475,2023-12-01 03:48:42.485827446
60279.15883664152,1.5625,0.0,0.0027846534653465345,2023-12-01 03:48:43.485827684
60279.15884821559,1.625,0.0,0.003094059405940594,2023-12-01 03:48:44.485827208
60279.15885978967,1.6875,0.0,0.003403465346534654,2023-12-01 03:48:45.485827446
60279.15887136375,1.75,0.0,0.0037128712871287136,2023-12-01 03:48:46.485827684
60279.158882937816,1.8125,0.0,0.0040222772277227715,2023-12-01 03:48:47.485827208
60279.158894511886,1.875,0.0,0.004331683168316831,2023-12-01 03:48:48.485826969
60279.15890608597,1.9375,0.0,0.004641089108910891,2023-12-01 03:48:49.485827684
60279.15891766004,2.0,1.4142135623730951,0.0049504950495049506,2023-12-01 03:48:50.485827446
60279.15892923411,1.8888888888888888,0.0,0.0044004400440044,2023-12-01 03:48:51.485826969
60279.15894080819,1.7777777777777777,0.0,0.00385038503850385,2023-12-01 03:48:52.485827923
60279.15895238226,1.6666666666666667,0.0,0.0033003300330033012,2023-12-01 03:48:53.485827446
60279.15896395633,1.5555555555555556,0.0,0.00275027502750275,2023-12-01 03:48:54.485826969
60279.15897553041,1.4444444444444444,0.0,0.0022002200220022005,2023-12-01 03:48:55.485827208
60279.158987104485,1.3333333333333335,0.0,0.001650165016501651,2023-12-01 03:48:56.485827446
60279.158998678555,1.2222222222222223,0.0,0.0011001100110011007,2023-12-01 03:48:57.485827208
60279.15901025263,1.1111111111111112,0.0,0.0005500550055005504,2023-12-01 03:48:58.485827446
60279.15902182671,1.0,1.0,0.0,2023-12-01 03:48:59.485827684
60279.15903340078,1.125,0.0,0.0006188118811881185,2023-12-01 03:49:00.485827208
60279.159044974855,1.25,0.0,0.0012376237623762379,2023-12-01 03:49:01.485827446
60279.15905654893,1.375,0.0,0.0018564356435643563,2023-12-01 03:49:02.485827684
60279.159068123,1.5,0.0,0.002475247524752475,2023-12-01 03:49:03.485827208
60279.15907969707,1.625,0.0,0.003094059405940594,2023-12-01 03:49:04.485826969
60279.159091271154,1.75,0.0,0.0037128712871287136,2023-12-01 03:49:05.485827684
60279.159102845224,1.875,0.0,0.004331683168316831,2023-12-01 03:49:06.485827446
60279.15911441929,2.0,1.4142135623730951,0.0049504950495049506,2023-12-01 03:49:07.485826969
60279.15912599338,2.1666666666666665,0.0,0.005775577557755775,2023-12-01 03:49:08.485827923
60279.15913756745,2.3333333333333335,0.0,0.006600660066006602,2023-12-01 03:49:09.485827446
60279.15914914152,2.5,0.0,0.007425742574257426,2023-12-01 03:49:10.485826969
60279.1591607156,2.6666666666666665,0.0,0.00825082508250825,2023-12-01 03:49:11.485827923
60279.15917228967,2.833333333333333,0.0,0.009075907590759075,2023-12-01 03:49:12.485827446
60279.15918386374,3.0,1.7320508075688772,0.0099009900990099,2023-12-01 03:49:13.485827208
60279.15919543782,2.75,0.0,0.008663366336633664,2023-12-01 03:49:14.485827446
60279.15920701189,2.5,0.0,0.007425742574257426,2023-12-01 03:49:15.485827684
60279.15921858596,2.25,0.0,0.0061881188118811875,2023-12-01 03:49:16.485827208
60279.15923016004,2.0,0.0,0.0049504950495049506,2023-12-01 03:49:17.485827446
60279.159241734116,1.75,0.0,0.0037128712871287136,2023-12-01 03:49:18.485827684
60279.159253308186,1.5,0.0,0.002475247524752475,2023-12-01 03:49:19.485827208
60279.15926488226,1.25,0.0,0.0012376237623762379,2023-12-01 03:49:20.485827446
60279.15927645634,1.0,1.0,0.0,2023-12-01 03:49:21.485827684
60279.15928803041,1.0,0.0,0.0,2023-12-01 03:49:22.485827208
60279.15929960448,1.0,0.0,0.0,2023-12-01 03:49:23.485826969
60279.15931117856,1.0,0.0,0.0,2023-12-01 03:49:24.485827684
60279.15932275263,1.0,0.0,0.0,2023-12-01 03:49:25.485827446
60279.1593343267,1.0,0.0,0.0,2023-12-01 03:49:26.485826969
60279.159345900785,1.0,0.0,0.0,2023-12-01 03:49:27.485827923
60279.159357474855,1.0,0.0,0.0,2023-12-01 03:49:28.485827446
60279.159369048924,1.0,0.0,0.0,2023-12-01 03:49:29.485826969
60279.159380623,1.0,0.0,0.0,2023-12-01 03:49:30.485827208
60279.15939219708,1.0,0.0,0.0,2023-12-01 03:49:31.485827446
60279.15940377115,1.0,0.0,0.0,2023-12-01 03:49:32.485827208
60279.159415345224,1.0,0.0,0.0,2023-12-01 03:49:33.485827446
60279.1594269193,1.0,0.0,0.0,2023-12-01 03:49:34.485827684
60279.15943849337,1.0,1.0,0.0,2023-12-01 03:49:35.485827208
60279.15945006745,1.2,0.0,0.0009900990099009901,2023-12-01 03:49:36.485827446
60279.159461641524,1.4,0.0,0.0019801980198019794,2023-12-01 03:49:37.485827684
60279.15947321559,1.6,0.0,0.0029702970297029703,2023-12-01 03:49:38.485827208
60279.15948478966,1.8,0.0,0.003960396039603961,2023-12-01 03:49:39.485826969
60279.15949636375,2.0,1.4142135623730951,0.0049504950495049506,2023-12-01 03:49:40.485827684
60279.15950793782,1.0,1.0,0.0,2023-12-01 03:49:41.485827446
60279.159519511886,1.125,0.0,0.0006188118811881185,2023-12-01 03:49:42.485826969
60279.15953108597,1.25,0.0,0.0012376237623762379,2023-12-01 03:49:43.485827923
60279.15954266004,1.375,0.0,0.0018564356435643563,2023-12-01 03:49:44.485827446
60279.15955423411,1.5,0.0,0.002475247524752475,2023-12-01 03:49:45.485826969
60279.159565808186,1.625,0.0,0.003094059405940594,2023-12-01 03:49:46.485827208
60279.15957738226,1.75,0.0,0.0037128712871287136,2023-12-01 03:49:47.485827446
60279.15958895633,1.875,0.0,0.004331683168316831,2023-12-01 03:49:48.485827208
60279.15960053041,2.0,1.4142135623730951,0.0049504950495049506,2023-12-01 03:49:49.485827446
60279.159612104486,2.25,0.0,0.0061881188118811875,2023-12-01 03:49:50.485827684
60279.159623678555,2.5,0.0,0.007425742574257426,2023-12-01 03:49:51.485827208
60279.15963525263,2.75,0.0,0.008663366336633664,2023-12-01 03:49:52.485827446
60279.15964682671,3.0,0.0,0.0099009900990099,2023-12-01 03:49:53.485827684
60279.15965840078,3.25,0.0,0.011138613861386138,2023-12-01 03:49:54.485827208
60279.159669974855,3.5,0.0,0.012376237623762377,2023-12-01 03:49:55.485827446
60279.15968154893,3.75,0.0,0.013613861386138612,2023-12-01 03:49:56.485827684
60279.159693123,4.0,2.0,0.01485148514851485,2023-12-01 03:49:57.485827446
60279.15970469707,3.625,0.0,0.012995049504950493,2023-12-01 03:49:58.485826969
60279.159716271155,3.25,0.0,0.011138613861386138,2023-12-01 03:49:59.485827684
60279.159727845225,2.875,0.0,0.009282178217821783,2023-12-01 03:50:00.485827446
60279.159739419294,2.5,0.0,0.007425742574257426,2023-12-01 03:50:01.485826969
60279.15975099338,2.125,0.0,0.00556930693069307,2023-12-01 03:50:02.485827923
60279.15976256745,1.75,0.0,0.0037128712871287136,2023-12-01 03:50:03.485827446
60279.15977414152,1.375,0.0,0.0018564356435643563,2023-12-01 03:50:04.485826969
60279.159785715594,1.0,1.0,0.0,2023-12-01 03:50:05.485827208
60279.15979728967,1.1428571428571428,0.0,0.0007072135785007065,2023-12-01 03:50:06.485827446
60279.15980886374,1.2857142857142856,0.0,0.0014144271570014138,2023-12-01 03:50:07.485827208
60279.15982043782,1.4285714285714286,0.0,0.002121640735502122,2023-12-01 03:50:08.485827446
60279.159832011894,1.5714285714285714,0.0,0.0028288543140028285,2023-12-01 03:50:09.485827684
60279.15984358596,1.7142857142857142,0.0,0.003536067892503536,2023-12-01 03:50:10.485827208
60279.15985516004,1.8571428571428572,0.0,0.004243281471004243,2023-12-01 03:50:11.485827446
60279.15986673412,2.0,1.4142135623730951,0.0049504950495049506,2023-12-01 03:50:12.485827684
60279.159878308186,2.111111111111111,0.0,0.005500550055005501,2023-12-01 03:50:13.485827208
60279.159889882256,2.2222222222222223,0.0,0.006050605060506051,2023-12-01 03:50:14.485826969
60279.15990145634,2.3333333333333335,0.0,0.006600660066006602,2023-12-01 03:50:15.485827684
60279.15991303041,2.4444444444444446,0.0,0.007150715071507152,2023-12-01 03:50:16.485827446
60279.15992460448,2.5555555555555554,0.0,0.007700770077007701,2023-12-01 03:50:17.485826969
60279.15993617856,2.6666666666666665,0.0,0.00825082508250825,2023-12-01 03:50:18.485827923
60279.15994775263,2.7777777777777777,0.0,0.008800880088008802,2023-12-01 03:50:19.485827446
60279.1599593267,2.888888888888889,0.0,0.00935093509350935,2023-12-01 03:50:20.485826969
60279.15997090078,3.0,1.7320508075688772,0.0099009900990099,2023-12-01 03:50:21.485827208
60279.159982474855,3.4285714285714284,0.0,0.012022630834512021,2023-12-01 03:50:22.485827446
60279.159994048925,3.857142857142857,0.0,0.014144271570014143,2023-12-01 03:50:23.485827208
60279.160005623,4.285714285714286,0.0,0.016265912305516265,2023-12-01 03:50:24.485827446
60279.16001719708,4.714285714285714,0.0,0.018387553041018388,2023-12-01 03:50:25.485827684
60279.16002877115,5.142857142857142,0.0,0.020509193776520506,2023-12-01 03:50:26.485827208
60279.160040345225,5.571428571428571,0.0,0.022630834512022628,2023-12-01 03:50:27.485827446
60279.1600519193,6.0,2.449489742783178,0.02475247524752475,2023-12-01 03:50:28.485827684
60279.16006349337,5.444444444444445,0.0,0.022002200220022004,2023-12-01 03:50:29.485827208
60279.16007506744,4.888888888888889,0.0,0.019251925192519254,2023-12-01 03:50:30.485826969
60279.160086641525,4.333333333333333,0.0,0.0165016501650165,2023-12-01 03:50:31.485827684
60279.160098215594,3.7777777777777777,0.0,0.01375137513751375,2023-12-01 03:50:32.485827446
60279.160109789664,3.2222222222222223,0.0,0.011001100110011,2023-12-01 03:50:33.485826969
60279.16012136375,2.6666666666666665,0.0,0.00825082508250825,2023-12-01 03:50:34.485827923
60279.16013293782,2.1111111111111107,0.0,0.005500550055005499,2023-12-01 03:50:35.485827446
60279.16014451189,1.5555555555555554,0.0,0.002750275027502749,2023-12-01 03:50:36.485826969
60279.16015608597,1.0,1.0,0.0,2023-12-01 03:50:37.485827923
60279.16016766004,1.0,0.0,0.0,2023-12-01 03:50:38.485827446
60279.16017923411,1.0,0.0,0.0,2023-12-01 03:50:39.485826969
60279.16019080819,1.0,0.0,0.0,2023-12-01 03:50:40.485827208
60279.16020238226,1.0,0.0,0.0,2023-12-01 03:50:41.485827446
60279.16021395633,1.0,0.0,0.0,2023-12-01 03:50:42.485827208
60279.16022553041,1.0,0.0,0.0,2023-12-01 03:50:43.485827446
60279.16023710449,1.0,0.0,0.0,2023-12-01 03:50:44.485827684
60279.160248678556,1.0,1.0,0.0,2023-12-01 03:50:45.485827208
60279.16026025263,1.5714285714285714,0.0,0.0028288543140028285,2023-12-01 03:50:46.485827446
60279.16027182671,2.142857142857143,0.0,0.005657708628005658,2023-12-01 03:50:47.485827684
60279.16028340078,2.7142857142857144,0.0,0.008486562942008488,2023-12-01 03:50:48.485827208
60279.16029497485,3.2857142857142856,0.0,0.011315417256011314,2023-12-01 03:50:49.485826969
60279.16030654893,3.8571428571428568,0.0,0.01414427157001414,2023-12-01 03:50:50.485827684
60279.160318123,4.428571428571429,0.0,0.016973125884016973,2023-12-01 03:50:51.485827446
60279.16032969707,5.0,2.23606797749979,0.019801980198019802,2023-12-01 03:50:52.485826969
60279.160341271156,4.8,0.0,0.01881188118811881,2023-12-01 03:50:53.485827923
60279.160352845225,4.6,0.0,0.01782178217821782,2023-12-01 03:50:54.485827446
60279.160364419295,4.4,0.0,0.016831683168316833,2023-12-01 03:50:55.485826969
60279.16037599337,4.2,0.0,0.015841584158415842,2023-12-01 03:50:56.485827208
60279.16038756745,4.0,2.0,0.01485148514851485,2023-12-01 03:50:57.485827446
60279.16039914152,3.857142857142857,0.0,0.014144271570014143,2023-12-01 03:50:58.485827208
60279.160410715594,3.7142857142857144,0.0,0.013437057991513436,2023-12-01 03:50:59.485827446
60279.16042228967,3.5714285714285716,0.0,0.012729844413012729,2023-12-01 03:51:00.485827684
60279.16043386374,3.428571428571429,0.0,0.012022630834512025,2023-12-01 03:51:01.485827208
60279.16044543782,3.2857142857142856,0.0,0.011315417256011314,2023-12-01 03:51:02.485827446
60279.160457011894,3.142857142857143,0.0,0.010608203677510607,2023-12-01 03:51:03.485827684
60279.160468585964,3.0,1.7320508075688772,0.0099009900990099,2023-12-01 03:51:04.485827208
60279.16048016003,2.0,1.4142135623730951,0.0049504950495049506,2023-12-01 03:51:05.485826969
60279.16049173412,2.1666666666666665,0.0,0.005775577557755775,2023-12-01 03:51:06.485827684
60279.16050330819,2.3333333333333335,0.0,0.006600660066006602,2023-12-01 03:51:07.485827446
60279.16051488226,2.5,0.0,0.007425742574257426,2023-12-01 03:51:08.485826969
60279.16052645634,2.6666666666666665,0.0,0.00825082508250825,2023-12-01 03:51:09.485827923
60279.16053803041,2.833333333333333,0.0,0.009075907590759075,2023-12-01 03:51:10.485827446
60279.16054960448,3.0,1.7320508075688772,0.0099009900990099,2023-12-01 03:51:11.485826969
60279.16056117856,3.0,0.0,0.0099009900990099,2023-12-01 03:51:12.485827923
60279.16057275263,3.0,0.0,0.0099009900990099,2023-12-01 03:51:13.485827446
60279.1605843267,3.0,0.0,0.0099009900990099,2023-12-01 03:51:14.485827208
60279.16059590078,3.0,0.0,0.0099009900990099,2023-12-01 03:51:15.485827446
60279.160607474856,3.0,0.0,0.0099009900990099,2023-12-01 03:51:16.485827446
60279.160619048926,3.0,0.0,0.0099009900990099,2023-12-01 03:51:17.485827208
60279.160630623,3.0,0.0,0.0099009900990099,2023-12-01 03:51:18.485827446
60279.16064219708,3.0,1.7320508075688772,0.0099009900990099,2023-12-01 03:51:19.485827684
60279.16065377115,3.0,0.0,0.0099009900990099,2023-12-01 03:51:20.485827208
60279.160665345225,3.0,0.0,0.0099009900990099,2023-12-01 03:51:21.485827446
60279.1606769193,3.0,0.0,0.0099009900990099,2023-12-01 03:51:22.485827684
60279.16068849337,3.0,0.0,0.0099009900990099,2023-12-01 03:51:23.485827208
60279.16070006744,3.0,0.0,0.0099009900990099,2023-12-01 03:51:24.485826969
60279.160711641525,3.0,0.0,0.0099009900990099,2023-12-01 03:51:25.485827684
60279.160723215595,3.0,0.0,0.0099009900990099,2023-12-01 03:51:26.485827446
60279.160734789664,3.0,1.7320508075688772,0.0099009900990099,2023-12-01 03:51:27.485826969
60279.16074636375,2.857142857142857,0.0,0.009193776520509195,2023-12-01 03:51:28.485827923
60279.16075793782,2.7142857142857144,0.0,0.008486562942008488,2023-12-01 03:51:29.485827446
60279.16076951189,2.5714285714285716,0.0,0.00777934936350778,2023-12-01 03:51:30.485826969
60279.160781085964,2.428571428571429,0.0,0.007072135785007074,2023-12-01 03:51:31.485827208
60279.16079266004,2.2857142857142856,0.0,0.0063649222065063635,2023-12-01 03:51:32.485827446
60279.16080423411,2.142857142857143,0.0,0.005657708628005658,2023-12-01 03:51:33.485827208
60279.16081580819,2.0,0.0,0.0049504950495049506,2023-12-01 03:51:34.485827446
60279.160827382264,1.8571428571428572,0.0,0.004243281471004243,2023-12-01 03:51:35.485827684
60279.16083895633,1.7142857142857144,0.0,0.0035360678925035376,2023-12-01 03:51:36.485827208
60279.16085053041,1.5714285714285716,0.0,0.0028288543140028303,2023-12-01 03:51:37.485827446
60279.16086210449,1.4285714285714286,0.0,0.002121640735502122,2023-12-01 03:51:38.485827684
60279.16087367856,1.2857142857142858,0.0,0.0014144271570014147,2023-12-01 03:51:39.485827208
60279.160885252626,1.142857142857143,0.0,0.0007072135785007082,2023-12-01 03:51:40.485826969
60279.16089682671,1.0,1.0,0.0,2023-12-01 03:51:41.485827684
60279.16090840078,1.0,0.0,0.0,2023-12-01 03:51:42.485827446
60279.16091997485,1.0,1.0,0.0,2023-12-01 03:51:43.485826969
60279.16093154893,1.1666666666666667,0.0,0.0008250825082508255,2023-12-01 03:51:44.485827923
60279.160943123,1.3333333333333333,0.0,0.0016501650165016502,2023-12-01 03:51:45.485827446
60279.16095469707,1.5,0.0,0.002475247524752475,2023-12-01 03:51:46.485826969
60279.16096627115,1.6666666666666665,0.0,0.0033003300330032995,2023-12-01 03:51:47.485827208
60279.160977845226,1.8333333333333333,0.0,0.004125412541254126,2023-12-01 03:51:48.485827446
60279.160989419295,2.0,1.4142135623730951,0.0049504950495049506,2023-12-01 03:51:49.485827208
60279.16100099337,1.0,1.0,0.0,2023-12-01 03:51:50.485827446
60279.16101256745,1.0,0.0,0.0,2023-12-01 03:51:51.485827684
60279.16102414152,1.0,0.0,0.0,2023-12-01 03:51:52.485827208
60279.161035715595,1.0,0.0,0.0,2023-12-01 03:51:53.485827446
60279.16104728967,1.0,0.0,0.0,2023-12-01 03:51:54.485827684
60279.16105886374,1.0,0.0,0.0,2023-12-01 03:51:55.485827208
60279.16107043782,1.0,0.0,0.0,2023-12-01 03:51:56.485827446
60279.161082011895,1.0,1.0,0.0,2023-12-01 03:51:57.485827684
60279.161093585964,1.0,1.0,0.0,2023-12-01 03:51:58.485827208
60279.161105160034,1.375,0.0,0.0018564356435643563,2023-12-01 03:51:59.485826969
60279.16111673412,1.75,0.0,0.0037128712871287136,2023-12-01 03:52:00.485827684
60279.16112830819,2.125,0.0,0.00556930693069307,2023-12-01 03:52:01.485827446
60279.16113988226,2.5,0.0,0.007425742574257426,2023-12-01 03:52:02.485826969
60279.16115145634,2.875,0.0,0.009282178217821783,2023-12-01 03:52:03.485827923
60279.16116303041,3.25,0.0,0.011138613861386138,2023-12-01 03:52:04.485827446
60279.16117460448,3.625,0.0,0.012995049504950493,2023-12-01 03:52:05.485826969
60279.16118617856,4.0,2.0,0.01485148514851485,2023-12-01 03:52:06.485827208
60279.16119775263,3.5,0.0,0.012376237623762377,2023-12-01 03:52:07.485827446
60279.1612093267,3.0,0.0,0.0099009900990099,2023-12-01 03:52:08.485827208
60279.16122090078,2.5,0.0,0.007425742574257426,2023-12-01 03:52:09.485827446
60279.16123247486,2.0,0.0,0.0049504950495049506,2023-12-01 03:52:10.485827684
60279.161244048926,1.5,0.0,0.002475247524752475,2023-12-01 03:52:11.485827208
60279.161255623,1.0,1.0,0.0,2023-12-01 03:52:12.485827446
60279.16126719708,1.0,1.0,0.0,2023-12-01 03:52:13.485827684
60279.16127877115,1.2857142857142856,0.0,0.0014144271570014138,2023-12-01 03:52:14.485827208
60279.16129034522,1.5714285714285714,0.0,0.0028288543140028285,2023-12-01 03:52:15.485826969
60279.1613019193,1.8571428571428572,0.0,0.004243281471004243,2023-12-01 03:52:16.485827684
60279.16131349337,2.142857142857143,0.0,0.005657708628005658,2023-12-01 03:52:17.485827446
60279.16132506744,2.4285714285714284,0.0,0.007072135785007071,2023-12-01 03:52:18.485826969
60279.161336641526,2.7142857142857144,0.0,0.008486562942008488,2023-12-01 03:52:19.485827923
60279.161348215595,3.0,1.7320508075688772,0.0099009900990099,2023-12-01 03:52:20.485827446
60279.161359789665,2.0,1.4142135623730951,0.0049504950495049506,2023-12-01 03:52:21.485826969
60279.16137136374,2.0,0.0,0.0049504950495049506,2023-12-01 03:52:22.485827208
60279.16138293782,2.0,0.0,0.0049504950495049506,2023-12-01 03:52:23.485827446
60279.16139451189,2.0,0.0,0.0049504950495049506,2023-12-01 03:52:24.485827208
60279.161406085965,2.0,0.0,0.0049504950495049506,2023-12-01 03:52:25.485827446
60279.16141766004,2.0,0.0,0.0049504950495049506,2023-12-01 03:52:26.485827684
60279.16142923411,2.0,0.0,0.0049504950495049506,2023-12-01 03:52:27.485827208
60279.16144080819,2.0,1.4142135623730951,0.0049504950495049506,2023-12-01 03:52:28.485827446
60279.161452382265,2.0,0.0,0.0049504950495049506,2023-12-01 03:52:29.485827684
60279.161463956334,2.0,1.4142135623730951,0.0049504950495049506,2023-12-01 03:52:30.485827208
60279.16147553041,2.0,0.0,0.0049504950495049506,2023-12-01 03:52:31.485827446
60279.16148710449,2.0,0.0,0.0049504950495049506,2023-12-01 03:52:32.485827684
60279.16149867856,2.0,0.0,0.0049504950495049506,2023-12-01 03:52:33.485827446
60279.16151025263,2.0,0.0,0.0049504950495049506,2023-12-01 03:52:34.485826969
60279.16152182671,2.0,1.4142135623730951,0.0049504950495049506,2023-12-01 03:52:35.485827684
60279.16153340078,2.0,0.0,0.0049504950495049506,2023-12-01 03:52:36.485827446
60279.16154497485,2.0,0.0,0.0049504950495049506,2023-12-01 03:52:37.485826969
60279.161556548934,2.0,0.0,0.0049504950495049506,2023-12-01 03:52:38.485827923
60279.161568123,2.0,0.0,0.0049504950495049506,2023-12-01 03:52:39.485827446
60279.16157969707,2.0,0.0,0.0049504950495049506,2023-12-01 03:52:40.485826969
60279.16159127115,2.0,1.4142135623730951,0.0049504950495049506,2023-12-01 03:52:41.485827208
60279.161602845226,1.8888888888888888,0.0,0.0044004400440044,2023-12-01 03:52:42.485827446
60279.161614419296,1.7777777777777777,0.0,0.00385038503850385,2023-12-01 03:52:43.485827208
60279.16162599337,1.6666666666666667,0.0,0.0033003300330033012,2023-12-01 03:52:44.485827446
60279.16163756745,1.5555555555555556,0.0,0.00275027502750275,2023-12-01 03:52:45.485827684
60279.16164914152,1.4444444444444444,0.0,0.0022002200220022005,2023-12-01 03:52:46.485827208
60279.161660715596,1.3333333333333335,0.0,0.001650165016501651,2023-12-01 03:52:47.485827446
60279.16167228967,1.2222222222222223,0.0,0.0011001100110011007,2023-12-01 03:52:48.485827684
60279.16168386374,1.1111111111111112,0.0,0.0005500550055005504,2023-12-01 03:52:49.485827208
60279.16169543781,1.0,1.0,0.0,2023-12-01 03:52:50.485826969
60279.161707011895,1.25,0.0,0.0012376237623762379,2023-12-01 03:52:51.485827684
60279.161718585965,1.5,0.0,0.002475247524752475,2023-12-01 03:52:52.485827446
60279.161730160034,1.75,0.0,0.0037128712871287136,2023-12-01 03:52:53.485826969
60279.16174173412,2.0,0.0,0.0049504950495049506,2023-12-01 03:52:54.485827923
60279.16175330819,2.25,0.0,0.0061881188118811875,2023-12-01 03:52:55.485827446
60279.16176488226,2.5,0.0,0.007425742574257426,2023-12-01 03:52:56.485826969
60279.161776456334,2.75,0.0,0.008663366336633664,2023-12-01 03:52:57.485827208
60279.16178803041,3.0,1.7320508075688772,0.0099009900990099,2023-12-01 03:52:58.485827446
60279.16179960448,2.857142857142857,0.0,0.009193776520509195,2023-12-01 03:52:59.485827208
60279.16181117856,2.7142857142857144,0.0,0.008486562942008488,2023-12-01 03:53:00.485827446
60279.161822752634,2.5714285714285716,0.0,0.00777934936350778,2023-12-01 03:53:01.485827684
60279.161834326704,2.428571428571429,0.0,0.007072135785007074,2023-12-01 03:53:02.485827208
60279.16184590078,2.2857142857142856,0.0,0.0063649222065063635,2023-12-01 03:53:03.485827446
60279.16185747486,2.142857142857143,0.0,0.005657708628005658,2023-12-01 03:53:04.485827684
60279.16186904893,2.0,1.4142135623730951,0.0049504950495049506,2023-12-01 03:53:05.485827208
60279.161880622996,1.8888888888888888,0.0,0.0044004400440044,2023-12-01 03:53:06.485826969
60279.16189219708,1.7777777777777777,0.0,0.00385038503850385,2023-12-01 03:53:07.485827684
60279.16190377115,1.6666666666666667,0.0,0.0033003300330033012,2023-12-01 03:53:08.485827446
60279.16191534522,1.5555555555555556,0.0,0.00275027502750275,2023-12-01 03:53:09.485826969
60279.1619269193,1.4444444444444444,0.0,0.0022002200220022005,2023-12-01 03:53:10.485827923
60279.16193849337,1.3333333333333335,0.0,0.001650165016501651,2023-12-01 03:53:11.485827446
60279.16195006744,1.2222222222222223,0.0,0.0011001100110011007,2023-12-01 03:53:12.485826969
60279.16196164153,1.1111111111111112,0.0,0.0005500550055005504,2023-12-01 03:53:13.485827923
60279.161973215596,1.0,1.0,0.0,2023-12-01 03:53:14.485827446
60279.161984789665,1.5714285714285714,0.0,0.0028288543140028285,2023-12-01 03:53:15.485827208
60279.16199636374,2.142857142857143,0.0,0.005657708628005658,2023-12-01 03:53:16.485827446
60279.16200793782,2.7142857142857144,0.0,0.008486562942008488,2023-12-01 03:53:17.485827446
60279.16201951189,3.2857142857142856,0.0,0.011315417256011314,2023-12-01 03:53:18.485827208
60279.162031085965,3.8571428571428568,0.0,0.01414427157001414,2023-12-01 03:53:19.485827446
60279.16204266004,4.428571428571429,0.0,0.016973125884016973,2023-12-01 03:53:20.485827684
60279.16205423411,5.0,2.23606797749979,0.019801980198019802,2023-12-01 03:53:21.485827208
60279.16206580819,4.555555555555555,0.0,0.0176017601760176,2023-12-01 03:53:22.485827446
60279.162077382265,4.111111111111111,0.0,0.0154015401540154,2023-12-01 03:53:23.485827684
60279.162088956335,3.666666666666667,0.0,0.013201320132013201,2023-12-01 03:53:24.485827208
60279.162100530404,3.2222222222222223,0.0,0.011001100110011,2023-12-01 03:53:25.485826969
60279.16211210449,2.7777777777777777,0.0,0.008800880088008802,2023-12-01 03:53:26.485827684
60279.16212367856,2.3333333333333335,0.0,0.006600660066006602,2023-12-01 03:53:27.485827446
60279.16213525263,1.8888888888888893,0.0,0.004400440044004402,2023-12-01 03:53:28.485826969
60279.16214682671,1.4444444444444446,0.0,0.0022002200220022014,2023-12-01 03:53:29.485827923
60279.16215840078,1.0,1.0,0.0,2023-12-01 03:53:30.485827446
60279.16216997485,1.0714285714285714,0.0,0.0003536067892503537,2023-12-01 03:53:31.485826969
60279.16218154893,1.1428571428571428,0.0,0.0007072135785007065,2023-12-01 03:53:32.485827208
60279.162193123004,1.2142857142857142,0.0,0.0010608203677510602,2023-12-01 03:53:33.485827446
60279.16220469707,1.2857142857142856,0.0,0.0014144271570014138,2023-12-01 03:53:34.485827208
60279.16221627115,1.3571428571428572,0.0,0.0017680339462517684,2023-12-01 03:53:35.485827446
60279.16222784523,1.4285714285714286,0.0,0.002121640735502122,2023-12-01 03:53:36.485827684
60279.1622394193,1.5,0.0,0.002475247524752475,2023-12-01 03:53:37.485827208
60279.16225099337,1.5714285714285714,0.0,0.0028288543140028285,2023-12-01 03:53:38.485827446
60279.16226256745,1.6428571428571428,0.0,0.003182461103253182,2023-12-01 03:53:39.485827684
60279.16227414152,1.7142857142857142,0.0,0.003536067892503536,2023-12-01 03:53:40.485827208
60279.16228571559,1.7857142857142856,0.0,0.0038896746817538895,2023-12-01 03:53:41.485826969
60279.16229728967,1.8571428571428572,0.0,0.004243281471004243,2023-12-01 03:53:42.485827684
60279.16230886374,1.9285714285714284,0.0,0.004596888260254595,2023-12-01 03:53:43.485827446
60279.16232043781,2.0,1.4142135623730951,0.0049504950495049506,2023-12-01 03:53:44.485826969
60279.162332011896,2.2222222222222223,0.0,0.006050605060506051,2023-12-01 03:53:45.485827923
60279.162343585966,2.4444444444444446,0.0,0.007150715071507152,2023-12-01 03:53:46.485827446
60279.162355160035,2.6666666666666665,0.0,0.00825082508250825,2023-12-01 03:53:47.485826969
60279.16236673411,2.888888888888889,0.0,0.00935093509350935,2023-12-01 03:53:48.485827208
60279.16237830819,3.111111111111111,0.0,0.010451045104510451,2023-12-01 03:53:49.485827446
60279.16238988226,3.333333333333333,0.0,0.011551155115511549,2023-12-01 03:53:50.485827208
60279.162401456335,3.5555555555555554,0.0,0.01265126512651265,2023-12-01 03:53:51.485827446
60279.16241303041,3.7777777777777777,0.0,0.01375137513751375,2023-12-01 03:53:52.485827684
60279.16242460448,4.0,2.0,0.01485148514851485,2023-12-01 03:53:53.485827208
60279.16243617856,4.0,0.0,0.01485148514851485,2023-12-01 03:53:54.485827446
60279.162447752635,4.0,0.0,0.01485148514851485,2023-12-01 03:53:55.485827684
60279.162459326704,4.0,0.0,0.01485148514851485,2023-12-01 03:53:56.485827208
60279.16247090078,4.0,0.0,0.01485148514851485,2023-12-01 03:53:57.485827446
60279.16248247486,4.0,0.0,0.01485148514851485,2023-12-01 03:53:58.485827684
60279.16249404893,4.0,0.0,0.01485148514851485,2023-12-01 03:53:59.485827208
60279.162505623,4.0,0.0,0.01485148514851485,2023-12-01 03:54:00.485826969
60279.16251719708,4.0,0.0,0.01485148514851485,2023-12-01 03:54:01.485827684
60279.16252877115,4.0,0.0,0.01485148514851485,2023-12-01 03:54:02.485827446
60279.16254034522,4.0,0.0,0.01485148514851485,2023-12-01 03:54:03.485826969
60279.162551919304,4.0,0.0,0.01485148514851485,2023-12-01 03:54:04.485827923
60279.16256349337,4.0,0.0,0.01485148514851485,2023-12-01 03:54:05.485827446
60279.16257506744,4.0,0.0,0.01485148514851485,2023-12-01 03:54:06.485826969
60279.16258664152,4.0,0.0,0.01485148514851485,2023-12-01 03:54:07.485827208
60279.1625982156,4.0,0.0,0.01485148514851485,2023-12-01 03:54:08.485827446
60279.162609789666,4.0,0.0,0.01485148514851485,2023-12-01 03:54:09.485827208
60279.16262136374,4.0,0.0,0.01485148514851485,2023-12-01 03:54:10.485827446
60279.16263293782,4.0,0.0,0.01485148514851485,2023-12-01 03:54:11.485827684
60279.16264451189,4.0,0.0,0.01485148514851485,2023-12-01 03:54:12.485827208
60279.162656085966,4.0,0.0,0.01485148514851485,2023-12-01 03:54:13.485827446
60279.16266766004,4.0,0.0,0.01485148514851485,2023-12-01 03:54:14.485827684
60279.16267923411,4.0,0.0,0.01485148514851485,2023-12-01 03:54:15.485827208
60279.16269080818,4.0,0.0,0.01485148514851485,2023-12-01 03:54:16.485826969
60279.162702382266,4.0,0.0,0.01485148514851485,2023-12-01 03:54:17.485827684
60279.162713956335,4.0,0.0,0.01485148514851485,2023-12-01 03:54:18.485827446
60279.162725530405,4.0,0.0,0.01485148514851485,2023-12-01 03:54:19.485826969
60279.16273710449,4.0,0.0,0.01485148514851485,2023-12-01 03:54:20.485827923
60279.16274867856,4.0,0.0,0.01485148514851485,2023-12-01 03:54:21.485827446
60279.16276025263,4.0,0.0,0.01485148514851485,2023-12-01 03:54:22.485826969
60279.162771826705,4.0,0.0,0.01485148514851485,2023-12-01 03:54:23.485827208
60279.16278340078,4.0,0.0,0.01485148514851485,2023-12-01 03:54:24.485827446
60279.16279497485,4.0,2.0,0.01485148514851485,2023-12-01 03:54:25.485827208
60279.16280654893,3.7142857142857144,0.0,0.013437057991513436,2023-12-01 03:54:26.485827446
60279.162818123004,3.428571428571429,0.0,0.012022630834512025,2023-12-01 03:54:27.485827684
60279.162829697074,3.142857142857143,0.0,0.010608203677510607,2023-12-01 03:54:28.485827208
60279.16284127115,2.857142857142857,0.0,0.009193776520509195,2023-12-01 03:54:29.485827446
60279.16285284523,2.5714285714285716,0.0,0.00777934936350778,2023-12-01 03:54:30.485827684
60279.1628644193,2.2857142857142856,0.0,0.0063649222065063635,2023-12-01 03:54:31.485827208
60279.162875993374,2.0,1.4142135623730951,0.0049504950495049506,2023-12-01 03:54:32.485827446
60279.16288756745,2.0,0.0,0.0049504950495049506,2023-12-01 03:54:33.485827684
60279.16289914152,2.0,0.0,0.0049504950495049506,2023-12-01 03:54:34.485827446
60279.16291071559,2.0,0.0,0.0049504950495049506,2023-12-01 03:54:35.485826969
60279.16292228967,2.0,0.0,0.0049504950495049506,2023-12-01 03:54:36.485827684
60279.16293386374,2.0,0.0,0.0049504950495049506,2023-12-01 03:54:37.485827446
60279.16294543781,2.0,0.0,0.0049504950495049506,2023-12-01 03:54:38.485826969
60279.1629570119,2.0,0.0,0.0049504950495049506,2023-12-01 03:54:39.485827923
60279.162968585966,2.0,0.0,0.0049504950495049506,2023-12-01 03:54:40.485827446
60279.162980160036,2.0,1.4142135623730951,0.0049504950495049506,2023-12-01 03:54:41.485826969
60279.16299173411,1.9375,0.0,0.004641089108910891,2023-12-01 03:54:42.485827208
60279.16300330819,1.875,0.0,0.004331683168316831,2023-12-01 03:54:43.485827446
60279.16301488226,1.8125,0.0,0.0040222772277227715,2023-12-01 03:54:44.485827208
60279.163026456336,1.75,0.0,0.0037128712871287136,2023-12-01 03:54:45.485827446
60279.16303803041,1.6875,0.0,0.003403465346534654,2023-12-01 03:54:46.485827684
60279.16304960448,1.625,0.0,0.003094059405940594,2023-12-01 03:54:47.485827208
60279.16306117856,1.5625,0.0,0.0027846534653465345,2023-12-01 03:54:48.485827446
60279.163072752635,1.5,0.0,0.002475247524752475,2023-12-01 03:54:49.485827684
60279.163084326705,1.4375,0.0,0.002165841584158416,2023-12-01 03:54:50.485827208
60279.163095900774,1.375,0.0,0.0018564356435643563,2023-12-01 03:54:51.485826969
60279.16310747486,1.3125,0.0,0.0015470297029702967,2023-12-01 03:54:52.485827684
60279.16311904893,1.25,0.0,0.0012376237623762379,2023-12-01 03:54:53.485827446
60279.163130623,1.1875,0.0,0.0009282178217821782,2023-12-01 03:54:54.485826969
60279.16314219708,1.125,0.0,0.0006188118811881185,2023-12-01 03:54:55.485827923
60279.16315377115,1.0625,0.0,0.0003094059405940597,2023-12-01 03:54:56.485827446
60279.16316534522,1.0,1.0,0.0,2023-12-01 03:54:57.485826969
60279.1631769193,1.25,0.0,0.0012376237623762379,2023-12-01 03:54:58.485827208
60279.163188493374,1.5,0.0,0.002475247524752475,2023-12-01 03:54:59.485827446
60279.16320006744,1.75,0.0,0.0037128712871287136,2023-12-01 03:55:00.485827208
60279.16321164152,2.0,0.0,0.0049504950495049506,2023-12-01 03:55:01.485827446
60279.1632232156,2.25,0.0,0.0061881188118811875,2023-12-01 03:55:02.485827684
60279.16323478967,2.5,0.0,0.007425742574257426,2023-12-01 03:55:03.485827208
60279.16324636374,2.75,0.0,0.008663366336633664,2023-12-01 03:55:04.485827446
60279.16325793782,3.0,1.7320508075688772,0.0099009900990099,2023-12-01 03:55:05.485827684
60279.16326951189,2.9166666666666665,0.0,0.009488448844884489,2023-12-01 03:55:06.485827208
60279.16328108596,2.8333333333333335,0.0,0.009075907590759078,2023-12-01 03:55:07.485826969
60279.16329266004,2.75,0.0,0.008663366336633664,2023-12-01 03:55:08.485827684
60279.16330423411,2.6666666666666665,0.0,0.00825082508250825,2023-12-01 03:55:09.485827446
60279.16331580818,2.5833333333333335,0.0,0.00783828382838284,2023-12-01 03:55:10.485826969
60279.163327382266,2.5,0.0,0.007425742574257426,2023-12-01 03:55:11.485827923
60279.163338956336,2.416666666666667,0.0,0.007013201320132014,2023-12-01 03:55:12.485827446
60279.163350530405,2.3333333333333335,0.0,0.006600660066006602,2023-12-01 03:55:13.485826969
60279.16336210449,2.25,0.0,0.0061881188118811875,2023-12-01 03:55:14.485827923
60279.16337367856,2.166666666666667,0.0,0.005775577557755777,2023-12-01 03:55:15.485827446
60279.16338525263,2.0833333333333335,0.0,0.005363036303630365,2023-12-01 03:55:16.485827208
60279.163396826705,2.0,0.0,0.0049504950495049506,2023-12-01 03:55:17.485827208
60279.16340840078,1.9166666666666667,0.0,0.004537953795379538,2023-12-01 03:55:18.485827446
60279.16341997485,1.8333333333333335,0.0,0.004125412541254126,2023-12-01 03:55:19.485827208
60279.16343154893,1.75,0.0,0.0037128712871287136,2023-12-01 03:55:20.485827446
60279.163443123005,1.6666666666666667,0.0,0.0033003300330033012,2023-12-01 03:55:21.485827684
60279.163454697074,1.5833333333333335,0.0,0.002887788778877889,2023-12-01 03:55:22.485827208
60279.16346627115,1.5,0.0,0.002475247524752475,2023-12-01 03:55:23.485827446
60279.16347784523,1.4166666666666667,0.0,0.0020627062706270634,2023-12-01 03:55:24.485827684
60279.1634894193,1.3333333333333335,0.0,0.001650165016501651,2023-12-01 03:55:25.485827208
60279.16350099337,1.25,0.0,0.0012376237623762379,2023-12-01 03:55:26.485826969
60279.16351256745,1.1666666666666667,0.0,0.0008250825082508255,2023-12-01 03:55:27.485827684
60279.16352414152,1.0833333333333335,0.0,0.0004125412541254132,2023-12-01 03:55:28.485827446
60279.16353571559,1.0,1.0,0.0,2023-12-01 03:55:29.485826969
60279.163547289674,1.125,0.0,0.0006188118811881185,2023-12-01 03:55:30.485827923
60279.163558863744,1.25,0.0,0.0012376237623762379,2023-12-01 03:55:31.485827446
60279.16357043781,1.375,0.0,0.0018564356435643563,2023-12-01 03:55:32.485826969
60279.16358201189,1.5,0.0,0.002475247524752475,2023-12-01 03:55:33.485827208
60279.16359358597,1.625,0.0,0.003094059405940594,2023-12-01 03:55:34.485827446
60279.163605160036,1.75,0.0,0.0037128712871287136,2023-12-01 03:55:35.485827208
60279.16361673411,1.875,0.0,0.004331683168316831,2023-12-01 03:55:36.485827446
60279.16362830819,2.0,0.0,0.0049504950495049506,2023-12-01 03:55:37.485827684
60279.16363988226,2.125,0.0,0.00556930693069307,2023-12-01 03:55:38.485827208
60279.163651456336,2.25,0.0,0.0061881188118811875,2023-12-01 03:55:39.485827446
60279.16366303041,2.375,0.0,0.006806930693069307,2023-12-01 03:55:40.485827684
60279.16367460448,2.5,0.0,0.007425742574257426,2023-12-01 03:55:41.485827208
60279.16368617855,2.625,0.0,0.008044554455445545,2023-12-01 03:55:42.485826969
60279.163697752636,2.75,0.0,0.008663366336633664,2023-12-01 03:55:43.485827684
60279.163709326705,2.875,0.0,0.009282178217821783,2023-12-01 03:55:44.485827446
60279.163720900775,3.0,1.7320508075688772,0.0099009900990099,2023-12-01 03:55:45.485826969
60279.16373247486,2.9375,0.0,0.009591584158415843,2023-12-01 03:55:46.485827923
60279.16374404893,2.875,0.0,0.009282178217821783,2023-12-01 03:55:47.485827446
60279.163755623,2.8125,0.0,0.008972772277227724,2023-12-01 03:55:48.485826969
60279.16376719708,2.75,0.0,0.008663366336633664,2023-12-01 03:55:49.485827923
60279.16377877115,2.6875,0.0,0.008353960396039604,2023-12-01 03:55:50.485827446
60279.16379034522,2.625,0.0,0.008044554455445545,2023-12-01 03:55:51.485827208
60279.1638019193,2.5625,0.0,0.007735148514851486,2023-12-01 03:55:52.485827446
60279.163813493375,2.5,0.0,0.007425742574257426,2023-12-01 03:55:53.485827684
60279.163825067444,2.4375,0.0,0.007116336633663367,2023-12-01 03:55:54.485827208
60279.16383664152,2.375,0.0,0.006806930693069307,2023-12-01 03:55:55.485827446
60279.1638482156,2.3125,0.0,0.006497524752475247,2023-12-01 03:55:56.485827684
60279.16385978967,2.25,0.0,0.0061881188118811875,2023-12-01 03:55:57.485827208
60279.163871363744,2.1875,0.0,0.00587871287128713,2023-12-01 03:55:58.485827446
60279.16388293782,2.125,0.0,0.00556930693069307,2023-12-01 03:55:59.485827684
60279.16389451189,2.0625,0.0,0.00525990099009901,2023-12-01 03:56:00.485827208
60279.16390608596,2.0,1.4142135623730951,0.0049504950495049506,2023-12-01 03:56:01.485826969
60279.163917660044,2.0,0.0,0.0049504950495049506,2023-12-01 03:56:02.485827684
60279.16392923411,2.0,0.0,0.0049504950495049506,2023-12-01 03:56:03.485827446
60279.16394080818,2.0,0.0,0.0049504950495049506,2023-12-01 03:56:04.485826969
60279.16395238227,2.0,0.0,0.0049504950495049506,2023-12-01 03:56:05.485827923
60279.16396395634,2.0,0.0,0.0049504950495049506,2023-12-01 03:56:06.485827446
60279.163975530406,2.0,0.0,0.0049504950495049506,2023-12-01 03:56:07.485826969
60279.16398710448,2.0,0.0,0.0049504950495049506,2023-12-01 03:56:08.485827208
60279.16399867856,2.0,0.0,0.0049504950495049506,2023-12-01 03:56:09.485827446
60279.16401025263,2.0,0.0,0.0049504950495049506,2023-12-01 03:56:10.485827208
60279.164021826706,2.0,0.0,0.0049504950495049506,2023-12-01 03:56:11.485827446
60279.16403340078,2.0,0.0,0.0049504950495049506,2023-12-01 03:56:12.485827684
60279.16404497485,2.0,0.0,0.0049504950495049506,2023-12-01 03:56:13.485827208
60279.16405654893,2.0,0.0,0.0049504950495049506,2023-12-01 03:56:14.485827446
60279.164068123006,2.0,0.0,0.0049504950495049506,2023-12-01 03:56:15.485827684
60279.164079697075,2.0,1.4142135623730951,0.0049504950495049506,2023-12-01 03:56:16.485827208
60279.164091271145,1.8888888888888888,0.0,0.0044004400440044,2023-12-01 03:56:17.485826969
60279.16410284523,1.7777777777777777,0.0,0.00385038503850385,2023-12-01 03:56:18.485827684
60279.1641144193,1.6666666666666667,0.0,0.0033003300330033012,2023-12-01 03:56:19.485827446
60279.16412599337,1.5555555555555556,0.0,0.00275027502750275,2023-12-01 03:56:20.485826969
60279.16413756745,1.4444444444444444,0.0,0.0022002200220022005,2023-12-01 03:56:21.485827923
60279.16414914152,1.3333333333333335,0.0,0.001650165016501651,2023-12-01 03:56:22.485827446
60279.16416071559,1.2222222222222223,0.0,0.0011001100110011007,2023-12-01 03:56:23.485826969
60279.16417228967,1.1111111111111112,0.0,0.0005500550055005504,2023-12-01 03:56:24.485827208
60279.164183863744,1.0,1.0,0.0,2023-12-01 03:56:25.485827446
60279.164195437814,1.0,0.0,0.0,2023-12-01 03:56:26.485827208
60279.16420701189,1.0,0.0,0.0,2023-12-01 03:56:27.485827446
60279.16421858597,1.0,0.0,0.0,2023-12-01 03:56:28.485827684
60279.16423016004,1.0,0.0,0.0,2023-12-01 03:56:29.485827208
60279.16424173411,1.0,0.0,0.0,2023-12-01 03:56:30.485827446
60279.16425330819,1.0,0.0,0.0,2023-12-01 03:56:31.485827684
60279.16426488226,1.0,0.0,0.0,2023-12-01 03:56:32.485827208
60279.16427645634,1.0,1.0,0.0,2023-12-01 03:56:33.485827446
60279.16428803041,1.125,0.0,0.0006188118811881185,2023-12-01 03:56:34.485827684
60279.16429960448,1.25,0.0,0.0012376237623762379,2023-12-01 03:56:35.485827446
60279.16431117855,1.375,0.0,0.0018564356435643563,2023-12-01 03:56:36.485826969
60279.16432275264,1.5,0.0,0.002475247524752475,2023-12-01 03:56:37.485827684
60279.164334326706,1.625,0.0,0.003094059405940594,2023-12-01 03:56:38.485827446
60279.164345900776,1.75,0.0,0.0037128712871287136,2023-12-01 03:56:39.485826969
60279.16435747486,1.875,0.0,0.004331683168316831,2023-12-01 03:56:40.485827923
60279.16436904893,2.0,1.4142135623730951,0.0049504950495049506,2023-12-01 03:56:41.485827446
60279.164380623,1.9333333333333333,0.0,0.004620462046204621,2023-12-01 03:56:42.485826969
60279.164392197075,1.8666666666666667,0.0,0.0042904290429042905,2023-12-01 03:56:43.485827208
60279.16440377115,1.8,0.0,0.003960396039603961,2023-12-01 03:56:44.485827446
60279.16441534522,1.7333333333333334,0.0,0.0036303630363036304,2023-12-01 03:56:45.485827208
60279.1644269193,1.6666666666666667,0.0,0.0033003300330033012,2023-12-01 03:56:46.485827446
60279.164438493375,1.6,0.0,0.0029702970297029703,2023-12-01 03:56:47.485827684
60279.164450067445,1.5333333333333332,0.0,0.0026402640264026394,2023-12-01 03:56:48.485827208
60279.16446164152,1.4666666666666668,0.0,0.002310231023102311,2023-12-01 03:56:49.485827446
60279.1644732156,1.4,0.0,0.0019801980198019794,2023-12-01 03:56:50.485827684
60279.16448478967,1.3333333333333335,0.0,0.001650165016501651,2023-12-01 03:56:51.485827208
60279.16449636374,1.2666666666666666,0.0,0.0013201320132013201,2023-12-01 03:56:52.485826969
60279.16450793782,1.2,0.0,0.0009900990099009901,2023-12-01 03:56:53.485827684
60279.16451951189,1.1333333333333333,0.0,0.0006600660066006601,2023-12-01 03:56:54.485827446
60279.16453108596,1.0666666666666667,0.0,0.00033003300330033004,2023-12-01 03:56:55.485826969
60279.164542660044,1.0,1.0,0.0,2023-12-01 03:56:56.485827923
60279.164554234114,1.1176470588235294,0.0,0.0005824111822946999,2023-12-01 03:56:57.485827446
60279.16456580818,1.2352941176470589,0.0,0.0011648223645894006,2023-12-01 03:56:58.485826969
60279.16457738226,1.3529411764705883,0.0,0.0017472335468841005,2023-12-01 03:56:59.485827208
60279.16458895634,1.4705882352941178,0.0,0.002329644729178801,2023-12-01 03:57:00.485827446
60279.16460053041,1.5882352941176472,0.0,0.0029120559114735,2023-12-01 03:57:01.485827208
60279.16461210448,1.7058823529411764,0.0,0.0034944670937682,2023-12-01 03:57:02.485827446
60279.16462367856,1.8235294117647058,0.0,0.0040768782760629,2023-12-01 03:57:03.485827684
60279.16463525263,1.9411764705882353,0.0,0.0046592894583576,2023-12-01 03:57:04.485827208
60279.164646826706,2.0588235294117645,0.0,0.0052417006406523,2023-12-01 03:57:05.485827446
60279.16465840078,2.1764705882352944,0.0,0.005824111822947001,2023-12-01 03:57:06.485827684
60279.16466997485,2.2941176470588234,0.0,0.006406523005241699,2023-12-01 03:57:07.485827208
60279.16468154892,2.411764705882353,0.0,0.006988934187536401,2023-12-01 03:57:08.485826969
60279.164693123006,2.5294117647058822,0.0,0.007571345369831101,2023-12-01 03:57:09.485827684
60279.164704697076,2.6470588235294117,0.0,0.008153756552125802,2023-12-01 03:57:10.485827446
60279.164716271145,2.764705882352941,0.0,0.0087361677344205,2023-12-01 03:57:11.485826969
60279.16472784523,2.8823529411764706,0.0,0.009318578916715201,2023-12-01 03:57:12.485827923
60279.1647394193,3.0,1.7320508075688772,0.0099009900990099,2023-12-01 03:57:13.485827446
60279.16475099337,2.9565217391304346,0.0,0.009685751183814033,2023-12-01 03:57:14.485826969
60279.16476256745,2.9130434782608696,0.0,0.009470512268618166,2023-12-01 03:57:15.485827923
60279.16477414152,2.869565217391304,0.0,0.0092552733534223,2023-12-01 03:57:16.485827446
60279.16478571559,2.8260869565217392,0.0,0.009040034438226433,2023-12-01 03:57:17.485826969
60279.16479728967,2.782608695652174,0.0,0.008824795523030563,2023-12-01 03:57:18.485827208
60279.164808863745,2.739130434782609,0.0,0.008609556607834697,2023-12-01 03:57:19.485827446
60279.164820437814,2.6956521739130435,0.0,0.00839431769263883,2023-12-01 03:57:20.485827208
60279.16483201189,2.6521739130434785,0.0,0.008179078777442964,2023-12-01 03:57:21.485827446
60279.16484358597,2.608695652173913,0.0,0.007963839862247094,2023-12-01 03:57:22.485827684
60279.16485516004,2.5652173913043477,0.0,0.007748600947051226,2023-12-01 03:57:23.485827208
60279.164866734114,2.5217391304347827,0.0,0.0075333620318553595,2023-12-01 03:57:24.485827446
60279.16487830819,2.4782608695652173,0.0,0.007318123116659491,2023-12-01 03:57:25.485827684
60279.16488988226,2.4347826086956523,0.0,0.007102884201463625,2023-12-01 03:57:26.485827208
60279.16490145633,2.391304347826087,0.0,0.006887645286267756,2023-12-01 03:57:27.485826969
60279.164913030414,2.3478260869565215,0.0,0.006672406371071888,2023-12-01 03:57:28.485827684
60279.16492460448,2.3043478260869565,0.0,0.006457167455876023,2023-12-01 03:57:29.485827446
60279.16493617855,2.2608695652173916,0.0,0.006241928540680157,2023-12-01 03:57:30.485826969
60279.16494775264,2.217391304347826,0.0,0.0060266896254842885,2023-12-01 03:57:31.485827923
60279.16495932671,2.1739130434782608,0.0,0.00581145071028842,2023-12-01 03:57:32.485827446
60279.164970900776,2.130434782608696,0.0,0.005596211795092554,2023-12-01 03:57:33.485826969
60279.16498247485,2.0869565217391304,0.0,0.005380972879896685,2023-12-01 03:57:34.485827208
60279.16499404893,2.0434782608695654,0.0,0.005165733964700819,2023-12-01 03:57:35.485827446
60279.165005623,2.0,1.4142135623730951,0.0049504950495049506,2023-12-01 03:57:36.485827208
60279.165017197076,2.2222222222222223,0.0,0.006050605060506051,2023-12-01 03:57:37.485827446
60279.16502877115,2.4444444444444446,0.0,0.007150715071507152,2023-12-01 03:57:38.485827684
60279.16504034522,2.6666666666666665,0.0,0.00825082508250825,2023-12-01 03:57:39.485827208
60279.1650519193,2.888888888888889,0.0,0.00935093509350935,2023-12-01 03:57:40.485827446
60279.165063493376,3.111111111111111,0.0,0.010451045104510451,2023-12-01 03:57:41.485827684
60279.165075067445,3.333333333333333,0.0,0.011551155115511549,2023-12-01 03:57:42.485827208
60279.165086641515,3.5555555555555554,0.0,0.01265126512651265,2023-12-01 03:57:43.485826969
60279.1650982156,3.7777777777777777,0.0,0.01375137513751375,2023-12-01 03:57:44.485827684
60279.16510978967,4.0,2.0,0.01485148514851485,2023-12-01 03:57:45.485827446
60279.16512136374,3.8125,0.0,0.013923267326732672,2023-12-01 03:57:46.485826969
60279.16513293782,3.625,0.0,0.012995049504950493,2023-12-01 03:57:47.485827923
60279.16514451189,3.4375,0.0,0.012066831683168317,2023-12-01 03:57:48.485827446
60279.16515608596,3.25,0.0,0.011138613861386138,2023-12-01 03:57:49.485826969
60279.165167660045,3.0625,0.0,0.010210396039603959,2023-12-01 03:57:50.485827923
60279.165179234114,2.875,0.0,0.009282178217821783,2023-12-01 03:57:51.485827446
60279.165190808184,2.6875,0.0,0.008353960396039604,2023-12-01 03:57:52.485827208
60279.16520238226,2.5,0.0,0.007425742574257426,2023-12-01 03:57:53.485827446
60279.16521395634,2.3125,0.0,0.006497524752475247,2023-12-01 03:57:54.485827446
60279.16522553041,2.125,0.0,0.00556930693069307,2023-12-01 03:57:55.485827208
60279.165237104484,1.9375,0.0,0.004641089108910891,2023-12-01 03:57:56.485827446
60279.16524867856,1.75,0.0,0.0037128712871287136,2023-12-01 03:57:57.485827684
60279.16526025263,1.5625,0.0,0.0027846534653465345,2023-12-01 03:57:58.485827208
60279.16527182671,1.375,0.0,0.0018564356435643563,2023-12-01 03:57:59.485827446
60279.165283400784,1.1875,0.0,0.0009282178217821782,2023-12-01 03:58:00.485827684
60279.16529497485,1.0,1.0,0.0,2023-12-01 03:58:01.485827208
60279.16530654892,1.125,0.0,0.0006188118811881185,2023-12-01 03:58:02.485826969
60279.16531812301,1.25,0.0,0.0012376237623762379,2023-12-01 03:58:03.485827684
60279.165329697076,1.375,0.0,0.0018564356435643563,2023-12-01 03:58:04.485827446
60279.165341271146,1.5,0.0,0.002475247524752475,2023-12-01 03:58:05.485826969
60279.16535284523,1.625,0.0,0.003094059405940594,2023-12-01 03:58:06.485827923
60279.1653644193,1.75,0.0,0.0037128712871287136,2023-12-01 03:58:07.485827446
60279.16537599337,1.875,0.0,0.004331683168316831,2023-12-01 03:58:08.485826969
60279.165387567446,2.0,1.4142135623730951,0.0049504950495049506,2023-12-01 03:58:09.485827208
60279.16539914152,1.8571428571428572,0.0,0.004243281471004243,2023-12-01 03:58:10.485827446
60279.16541071559,1.7142857142857144,0.0,0.0035360678925035376,2023-12-01 03:58:11.485827208
60279.16542228967,1.5714285714285714,0.0,0.0028288543140028285,2023-12-01 03:58:12.485827446
60279.165433863745,1.4285714285714286,0.0,0.002121640735502122,2023-12-01 03:58:13.485827684
60279.165445437815,1.2857142857142858,0.0,0.0014144271570014147,2023-12-01 03:58:14.485827208
60279.16545701189,1.1428571428571428,0.0,0.0007072135785007065,2023-12-01 03:58:15.485827446
60279.16546858597,1.0,1.0,0.0,2023-12-01 03:58:16.485827684
60279.16548016004,1.1111111111111112,0.0,0.0005500550055005504,2023-12-01 03:58:17.485827208
60279.16549173411,1.2222222222222223,0.0,0.0011001100110011007,2023-12-01 03:58:18.485826969
60279.16550330819,1.3333333333333333,0.0,0.0016501650165016502,2023-12-01 03:58:19.485827684
60279.16551488226,1.4444444444444444,0.0,0.0022002200220022005,2023-12-01 03:58:20.485827446
60279.16552645633,1.5555555555555556,0.0,0.00275027502750275,2023-12-01 03:58:21.485826969
60279.165538030415,1.6666666666666665,0.0,0.0033003300330032995,2023-12-01 03:58:22.485827923
60279.165549604484,1.7777777777777777,0.0,0.00385038503850385,2023-12-01 03:58:23.485827446
60279.16556117855,1.8888888888888888,0.0,0.0044004400440044,2023-12-01 03:58:24.485826969
60279.16557275263,2.0,1.4142135623730951,0.0049504950495049506,2023-12-01 03:58:25.485827208
60279.16558432671,1.875,0.0,0.004331683168316831,2023-12-01 03:58:26.485827446
60279.16559590078,1.75,0.0,0.0037128712871287136,2023-12-01 03:58:27.485827208
60279.16560747485,1.625,0.0,0.003094059405940594,2023-12-01 03:58:28.485827446
60279.16561904893,1.5,0.0,0.002475247524752475,2023-12-01 03:58:29.485827684
60279.165630623,1.375,0.0,0.0018564356435643563,2023-12-01 03:58:30.485827208
60279.16564219708,1.25,0.0,0.0012376237623762379,2023-12-01 03:58:31.485827446
60279.16565377115,1.125,0.0,0.0006188118811881185,2023-12-01 03:58:32.485827684
60279.16566534522,1.0,1.0,0.0,2023-12-01 03:58:33.485827208
60279.1656769193,1.1666666666666667,0.0,0.0008250825082508255,2023-12-01 03:58:34.485827446
60279.16568849338,1.3333333333333333,0.0,0.0016501650165016502,2023-12-01 03:58:35.485827684
60279.165700067446,1.5,0.0,0.002475247524752475,2023-12-01 03:58:36.485827208
60279.165711641515,1.6666666666666665,0.0,0.0033003300330032995,2023-12-01 03:58:37.485826969
60279.1657232156,1.8333333333333333,0.0,0.004125412541254126,2023-12-01 03:58:38.485827684
60279.16573478967,2.0,1.4142135623730951,0.0049504950495049506,2023-12-01 03:58:39.485827446
60279.16574636374,2.0,0.0,0.0049504950495049506,2023-12-01 03:58:40.485826969
60279.16575793782,2.0,0.0,0.0049504950495049506,2023-12-01 03:58:41.485827923
60279.16576951189,2.0,0.0,0.0049504950495049506,2023-12-01 03:58:42.485827446
60279.16578108596,2.0,0.0,0.0049504950495049506,2023-12-01 03:58:43.485826969
60279.16579266004,2.0,0.0,0.0049504950495049506,2023-12-01 03:58:44.485827208
60279.165804234115,2.0,0.0,0.0049504950495049506,2023-12-01 03:58:45.485827446
60279.165815808185,2.0,0.0,0.0049504950495049506,2023-12-01 03:58:46.485827208
60279.16582738226,2.0,0.0,0.0049504950495049506,2023-12-01 03:58:47.485827446
60279.16583895634,2.0,0.0,0.0049504950495049506,2023-12-01 03:58:48.485827684
60279.16585053041,2.0,0.0,0.0049504950495049506,2023-12-01 03:58:49.485827208
60279.165862104484,2.0,0.0,0.0049504950495049506,2023-12-01 03:58:50.485827446
60279.16587367856,2.0,0.0,0.0049504950495049506,2023-12-01 03:58:51.485827684
60279.16588525263,2.0,0.0,0.0049504950495049506,2023-12-01 03:58:52.485827208
60279.1658968267,2.0,0.0,0.0049504950495049506,2023-12-01 03:58:53.485826969
60279.165908400784,2.0,0.0,0.0049504950495049506,2023-12-01 03:58:54.485827684
60279.165919974854,2.0,0.0,0.0049504950495049506,2023-12-01 03:58:55.485827446
60279.16593154892,2.0,0.0,0.0049504950495049506,2023-12-01 03:58:56.485826969
60279.16594312301,2.0,0.0,0.0049504950495049506,2023-12-01 03:58:57.485827923
60279.16595469708,2.0,0.0,0.0049504950495049506,2023-12-01 03:58:58.485827446
60279.165966271146,2.0,0.0,0.0049504950495049506,2023-12-01 03:58:59.485826969
60279.16597784522,2.0,0.0,0.0049504950495049506,2023-12-01 03:59:00.485827208
60279.1659894193,2.0,0.0,0.0049504950495049506,2023-12-01 03:59:01.485827446
60279.16600099337,2.0,0.0,0.0049504950495049506,2023-12-01 03:59:02.485827208
60279.166012567446,2.0,0.0,0.0049504950495049506,2023-12-01 03:59:03.485827446
60279.16602414152,2.0,0.0,0.0049504950495049506,2023-12-01 03:59:04.485827684
60279.16603571559,2.0,1.4142135623730951,0.0049504950495049506,2023-12-01 03:59:05.485827208
60279.16604728967,2.0,0.0,0.0049504950495049506,2023-12-01 03:59:06.485827446
60279.166058863746,2.0,0.0,0.0049504950495049506,2023-12-01 03:59:07.485827684
60279.166070437816,2.0,0.0,0.0049504950495049506,2023-12-01 03:59:08.485827208
60279.16608201189,2.0,0.0,0.0049504950495049506,2023-12-01 03:59:09.485827446
60279.16609358597,2.0,0.0,0.0049504950495049506,2023-12-01 03:59:10.485827684
60279.16610516004,2.0,0.0,0.0049504950495049506,2023-12-01 03:59:11.485827446
60279.16611673411,2.0,0.0,0.0049504950495049506,2023-12-01 03:59:12.485826969
60279.16612830819,2.0,1.4142135623730951,0.0049504950495049506,2023-12-01 03:59:13.485827684
60279.16613988226,2.2857142857142856,0.0,0.0063649222065063635,2023-12-01 03:59:14.485827446
60279.16615145633,2.571428571428571,0.0,0.007779349363507778,2023-12-01 03:59:15.485826969
60279.166163030415,2.857142857142857,0.0,0.009193776520509195,2023-12-01 03:59:16.485827923
60279.166174604485,3.142857142857143,0.0,0.010608203677510607,2023-12-01 03:59:17.485827446
60279.166186178554,3.4285714285714284,0.0,0.012022630834512021,2023-12-01 03:59:18.485826969
60279.16619775263,3.7142857142857144,0.0,0.013437057991513436,2023-12-01 03:59:19.485827208
60279.16620932671,4.0,2.0,0.01485148514851485,2023-12-01 03:59:20.485827446
60279.16622090078,3.8125,0.0,0.013923267326732672,2023-12-01 03:59:21.485827208
60279.166232474854,3.625,0.0,0.012995049504950493,2023-12-01 03:59:22.485827446
60279.16624404893,3.4375,0.0,0.012066831683168317,2023-12-01 03:59:23.485827684
60279.166255623,3.25,0.0,0.011138613861386138,2023-12-01 03:59:24.485827208
60279.16626719708,3.0625,0.0,0.010210396039603959,2023-12-01 03:59:25.485827446
60279.166278771154,2.875,0.0,0.009282178217821783,2023-12-01 03:59:26.485827684
60279.16629034522,2.6875,0.0,0.008353960396039604,2023-12-01 03:59:27.485827208
60279.16630191929,2.5,0.0,0.007425742574257426,2023-12-01 03:59:28.485826969
60279.16631349338,2.3125,0.0,0.006497524752475247,2023-12-01 03:59:29.485827684
60279.16632506745,2.125,0.0,0.00556930693069307,2023-12-01 03:59:30.485827446
60279.166336641516,1.9375,0.0,0.004641089108910891,2023-12-01 03:59:31.485826969
60279.1663482156,1.75,0.0,0.0037128712871287136,2023-12-01 03:59:32.485827923
60279.16635978967,1.5625,0.0,0.0027846534653465345,2023-12-01 03:59:33.485827446
60279.16637136374,1.375,0.0,0.0018564356435643563,2023-12-01 03:59:34.485826969
60279.166382937816,1.1875,0.0,0.0009282178217821782,2023-12-01 03:59:35.485827208
60279.16639451189,1.0,1.0,0.0,2023-12-01 03:59:36.485827446
60279.16640608596,1.2857142857142856,0.0,0.0014144271570014138,2023-12-01 03:59:37.485827208
60279.16641766004,1.5714285714285714,0.0,0.0028288543140028285,2023-12-01 03:59:38.485827446
60279.166429234116,1.8571428571428572,0.0,0.004243281471004243,2023-12-01 03:59:39.485827684
60279.166440808185,2.142857142857143,0.0,0.005657708628005658,2023-12-01 03:59:40.485827208
60279.16645238226,2.4285714285714284,0.0,0.007072135785007071,2023-12-01 03:59:41.485827446
60279.16646395634,2.7142857142857144,0.0,0.008486562942008488,2023-12-01 03:59:42.485827684
60279.16647553041,3.0,1.7320508075688772,0.0099009900990099,2023-12-01 03:59:43.485827208
60279.16648710448,3.111111111111111,0.0,0.010451045104510451,2023-12-01 03:59:44.485826969
60279.16649867856,3.2222222222222223,0.0,0.011001100110011,2023-12-01 03:59:45.485827684
60279.16651025263,3.3333333333333335,0.0,0.011551155115511552,2023-12-01 03:59:46.485827446
60279.1665218267,3.4444444444444446,0.0,0.0121012101210121,2023-12-01 03:59:47.485826969
60279.166533400785,3.5555555555555554,0.0,0.01265126512651265,2023-12-01 03:59:48.485827923
60279.166544974854,3.6666666666666665,0.0,0.013201320132013201,2023-12-01 03:59:49.485827446
60279.166556548924,3.7777777777777777,0.0,0.01375137513751375,2023-12-01 03:59:50.485826969
60279.16656812301,3.888888888888889,0.0,0.014301430143014302,2023-12-01 03:59:51.485827923
60279.16657969708,4.0,2.0,0.01485148514851485,2023-12-01 03:59:52.485827446
60279.16659127115,4.25,0.0,0.01608910891089109,2023-12-01 03:59:53.485827208
60279.166602845224,4.5,0.0,0.017326732673267325,2023-12-01 03:59:54.485827208
60279.1666144193,4.75,0.0,0.018564356435643563,2023-12-01 03:59:55.485827446
60279.16662599337,5.0,0.0,0.019801980198019802,2023-12-01 03:59:56.485827208
60279.16663756745,5.25,0.0,0.021039603960396037,2023-12-01 03:59:57.485827446
60279.16664914152,5.5,0.0,0.022277227722772276,2023-12-01 03:59:58.485827684
60279.16666071559,5.75,0.0,0.023514851485148515,2023-12-01 03:59:59.485827208
60279.16667228967,6.0,2.449489742783178,0.02475247524752475,2023-12-01 04:00:00.485827446
60279.16668386375,5.8,0.0,0.02376237623762376,2023-12-01 04:00:01.485827684
60279.166695437816,5.6,0.0,0.022772277227722768,2023-12-01 04:00:02.485827208
60279.166707011886,5.4,0.0,0.021782178217821784,2023-12-01 04:00:03.485826969
60279.16671858597,5.2,0.0,0.020792079207920793,2023-12-01 04:00:04.485827684
60279.16673016004,5.0,0.0,0.019801980198019802,2023-12-01 04:00:05.485827446
60279.16674173411,4.8,0.0,0.01881188118811881,2023-12-01 04:00:06.485826969
60279.16675330819,4.6,0.0,0.01782178217821782,2023-12-01 04:00:07.485827923
60279.16676488226,4.4,0.0,0.016831683168316833,2023-12-01 04:00:08.485827446
60279.16677645633,4.2,0.0,0.015841584158415842,2023-12-01 04:00:09.485826969
60279.16678803041,4.0,2.0,0.01485148514851485,2023-12-01 04:00:10.485827208
60279.166799604485,3.4,0.0,0.011881188118811881,2023-12-01 04:00:11.485827446
60279.166811178555,2.8,0.0,0.008910891089108908,2023-12-01 04:00:12.485827208
60279.16682275263,2.2,0.0,0.0059405940594059415,2023-12-01 04:00:13.485827446
60279.16683432671,1.6,0.0,0.0029702970297029703,2023-12-01 04:00:14.485827684
60279.16684590078,1.0,1.0,0.0,2023-12-01 04:00:15.485827208
60279.166857474855,1.1428571428571428,0.0,0.0007072135785007065,2023-12-01 04:00:16.485827446
60279.16686904893,1.2857142857142856,0.0,0.0014144271570014138,2023-12-01 04:00:17.485827684
60279.166880623,1.4285714285714286,0.0,0.002121640735502122,2023-12-01 04:00:18.485827208
60279.16689219707,1.5714285714285714,0.0,0.0028288543140028285,2023-12-01 04:00:19.485826969
60279.166903771154,1.7142857142857142,0.0,0.003536067892503536,2023-12-01 04:00:20.485827684
60279.166915345224,1.8571428571428572,0.0,0.004243281471004243,2023-12-01 04:00:21.485827446
60279.16692691929,2.0,1.4142135623730951,0.0049504950495049506,2023-12-01 04:00:22.485826969
60279.16693849338,2.2222222222222223,0.0,0.006050605060506051,2023-12-01 04:00:23.485827923
60279.16695006745,2.4444444444444446,0.0,0.007150715071507152,2023-12-01 04:00:24.485827446
60279.16696164152,2.6666666666666665,0.0,0.00825082508250825,2023-12-01 04:00:25.485826969
60279.16697321559,2.888888888888889,0.0,0.00935093509350935,2023-12-01 04:00:26.485827208
60279.16698478967,3.111111111111111,0.0,0.010451045104510451,2023-12-01 04:00:27.485827446
60279.16699636374,3.333333333333333,0.0,0.011551155115511549,2023-12-01 04:00:28.485827208
60279.16700793782,3.5555555555555554,0.0,0.01265126512651265,2023-12-01 04:00:29.485827446
60279.16701951189,3.7777777777777777,0.0,0.01375137513751375,2023-12-01 04:00:30.485827684
60279.16703108596,4.0,2.0,0.01485148514851485,2023-12-01 04:00:31.485827208
60279.16704266004,3.625,0.0,0.012995049504950493,2023-12-01 04:00:32.485827446
60279.167054234116,3.25,0.0,0.011138613861386138,2023-12-01 04:00:33.485827684
60279.167065808186,2.875,0.0,0.009282178217821783,2023-12-01 04:00:34.485827208
60279.16707738226,2.5,0.0,0.007425742574257426,2023-12-01 04:00:35.485827446
60279.16708895634,2.125,0.0,0.00556930693069307,2023-12-01 04:00:36.485827684
60279.16710053041,1.75,0.0,0.0037128712871287136,2023-12-01 04:00:37.485827208
60279.16711210448,1.375,0.0,0.0018564356435643563,2023-12-01 04:00:38.485826969
60279.16712367856,1.0,1.0,0.0,2023-12-01 04:00:39.485827684
60279.16713525263,1.1428571428571428,0.0,0.0007072135785007065,2023-12-01 04:00:40.485827446
60279.1671468267,1.2857142857142856,0.0,0.0014144271570014138,2023-12-01 04:00:41.485826969
60279.167158400785,1.4285714285714286,0.0,0.002121640735502122,2023-12-01 04:00:42.485827923
60279.167169974855,1.5714285714285714,0.0,0.0028288543140028285,2023-12-01 04:00:43.485827446
60279.167181548924,1.7142857142857142,0.0,0.003536067892503536,2023-12-01 04:00:44.485826969
60279.167193123,1.8571428571428572,0.0,0.004243281471004243,2023-12-01 04:00:45.485827208
60279.16720469708,2.0,1.4142135623730951,0.0049504950495049506,2023-12-01 04:00:46.485827446
60279.16721627115,2.111111111111111,0.0,0.005500550055005501,2023-12-01 04:00:47.485827208
60279.167227845224,2.2222222222222223,0.0,0.006050605060506051,2023-12-01 04:00:48.485827446
60279.1672394193,2.3333333333333335,0.0,0.006600660066006602,2023-12-01 04:00:49.485827684
60279.16725099337,2.4444444444444446,0.0,0.007150715071507152,2023-12-01 04:00:50.485827208
60279.16726256745,2.5555555555555554,0.0,0.007700770077007701,2023-12-01 04:00:51.485827446
60279.167274141524,2.6666666666666665,0.0,0.00825082508250825,2023-12-01 04:00:52.485827684
60279.16728571559,2.7777777777777777,0.0,0.008800880088008802,2023-12-01 04:00:53.485827208
60279.16729728966,2.888888888888889,0.0,0.00935093509350935,2023-12-01 04:00:54.485826969
60279.16730886375,3.0,1.7320508075688772,0.0099009900990099,2023-12-01 04:00:55.485827684
60279.16732043782,3.0,0.0,0.0099009900990099,2023-12-01 04:00:56.485827446
60279.167332011886,3.0,0.0,0.0099009900990099,2023-12-01 04:00:57.485826969
60279.16734358597,3.0,0.0,0.0099009900990099,2023-12-01 04:00:58.485827923
60279.16735516004,3.0,0.0,0.0099009900990099,2023-12-01 04:00:59.485827446
60279.16736673411,3.0,0.0,0.0099009900990099,2023-12-01 04:01:00.485826969
60279.167378308186,3.0,0.0,0.0099009900990099,2023-12-01 04:01:01.485827208
60279.16738988226,3.0,1.7320508075688772,0.0099009900990099,2023-12-01 04:01:02.485827446
60279.16740145633,3.0,0.0,0.0099009900990099,2023-12-01 04:01:03.485827208
60279.16741303041,3.0,0.0,0.0099009900990099,2023-12-01 04:01:04.485827446
60279.167424604486,3.0,0.0,0.0099009900990099,2023-12-01 04:01:05.485827684
60279.167436178555,3.0,0.0,0.0099009900990099,2023-12-01 04:01:06.485827208
60279.16744775263,3.0,0.0,0.0099009900990099,2023-12-01 04:01:07.485827446
60279.16745932671,3.0,0.0,0.0099009900990099,2023-12-01 04:01:08.485827684
60279.16747090078,3.0,0.0,0.0099009900990099,2023-12-01 04:01:09.485827208
60279.167482474855,3.0,0.0,0.0099009900990099,2023-12-01 04:01:10.485827446
60279.16749404893,3.0,1.7320508075688772,0.0099009900990099,2023-12-01 04:01:11.485827684
60279.167505623,3.375,0.0,0.011757425742574257,2023-12-01 04:01:12.485827446
60279.16751719707,3.75,0.0,0.013613861386138612,2023-12-01 04:01:13.485826969
60279.167528771155,4.125,0.0,0.01547029702970297,2023-12-01 04:01:14.485827684
60279.167540345225,4.5,0.0,0.017326732673267325,2023-12-01 04:01:15.485827446
60279.167551919294,4.875,0.0,0.019183168316831683,2023-12-01 04:01:16.485826969
60279.16756349338,5.25,0.0,0.021039603960396037,2023-12-01 04:01:17.485827923
60279.16757506745,5.625,0.0,0.022896039603960396,2023-12-01 04:01:18.485827446
60279.16758664152,6.0,2.449489742783178,0.02475247524752475,2023-12-01 04:01:19.485826969
60279.167598215594,5.9375,0.0,0.024443069306930694,2023-12-01 04:01:20.485827208
60279.16760978967,5.875,0.0,0.024133663366336634,2023-12-01 04:01:21.485827446
60279.16762136374,5.8125,0.0,0.023824257425742575,2023-12-01 04:01:22.485827208
60279.16763293782,5.75,0.0,0.023514851485148515,2023-12-01 04:01:23.485827446
60279.167644511894,5.6875,0.0,0.023205445544554455,2023-12-01 04:01:24.485827684
60279.16765608596,5.625,0.0,0.022896039603960396,2023-12-01 04:01:25.485827208
60279.16766766004,5.5625,0.0,0.022586633663366336,2023-12-01 04:01:26.485827446
60279.16767923412,5.5,0.0,0.022277227722772276,2023-12-01 04:01:27.485827684
60279.167690808186,5.4375,0.0,0.021967821782178217,2023-12-01 04:01:28.485827208
60279.167702382256,5.375,0.0,0.021658415841584157,2023-12-01 04:01:29.485826969
60279.16771395634,5.3125,0.0,0.021349009900990097,2023-12-01 04:01:30.485827684
60279.16772553041,5.25,0.0,0.021039603960396037,2023-12-01 04:01:31.485827446
60279.16773710448,5.1875,0.0,0.02073019801980198,2023-12-01 04:01:32.485826969
60279.16774867856,5.125,0.0,0.02042079207920792,2023-12-01 04:01:33.485827923
60279.16776025263,5.0625,0.0,0.020111386138613862,2023-12-01 04:01:34.485827446
60279.1677718267,5.0,2.23606797749979,0.019801980198019802,2023-12-01 04:01:35.485826969
60279.16778340078,4.625,0.0,0.017945544554455444,2023-12-01 04:01:36.485827208
60279.167794974855,4.25,0.0,0.01608910891089109,2023-12-01 04:01:37.485827446
60279.167806548925,3.875,0.0,0.014232673267326731,2023-12-01 04:01:38.485827208
60279.167818123,3.5,0.0,0.012376237623762377,2023-12-01 04:01:39.485827446
60279.16782969708,3.125,0.0,0.010519801980198019,2023-12-01 04:01:40.485827684
60279.16784127115,2.75,0.0,0.008663366336633664,2023-12-01 04:01:41.485827208
60279.167852845225,2.375,0.0,0.006806930693069307,2023-12-01 04:01:42.485827446
60279.1678644193,2.0,1.4142135623730951,0.0049504950495049506,2023-12-01 04:01:43.485827684
60279.16787599337,1.8571428571428572,0.0,0.004243281471004243,2023-12-01 04:01:44.485827208
60279.16788756744,1.7142857142857144,0.0,0.0035360678925035376,2023-12-01 04:01:45.485826969
60279.167899141525,1.5714285714285714,0.0,0.0028288543140028285,2023-12-01 04:01:46.485827684
60279.167910715594,1.4285714285714286,0.0,0.002121640735502122,2023-12-01 04:01:47.485827446
60279.167922289664,1.2857142857142858,0.0,0.0014144271570014147,2023-12-01 04:01:48.485826969
60279.16793386375,1.1428571428571428,0.0,0.0007072135785007065,2023-12-01 04:01:49.485827923
60279.16794543782,1.0,1.0,0.0,2023-12-01 04:01:50.485827446
60279.16795701189,1.0,0.0,0.0,2023-12-01 04:01:51.485826969
60279.16796858597,1.0,0.0,0.0,2023-12-01 04:01:52.485827923
60279.16798016004,1.0,0.0,0.0,2023-12-01 04:01:53.485827446
60279.16799173411,1.0,0.0,0.0,2023-12-01 04:01:54.485826969
60279.16800330819,1.0,0.0,0.0,2023-12-01 04:01:55.485827208
60279.16801488226,1.0,0.0,0.0,2023-12-01 04:01:56.485827446
60279.16802645633,1.0,0.0,0.0,2023-12-01 04:01:57.485827208
60279.16803803041,1.0,0.0,0.0,2023-12-01 04:01:58.485827446
60279.16804960449,1.0,0.0,0.0,2023-12-01 04:01:59.485827684
60279.168061178556,1.0,0.0,0.0,2023-12-01 04:02:00.485827208
60279.16807275263,1.0,0.0,0.0,2023-12-01 04:02:01.485827446
60279.16808432671,1.0,0.0,0.0,2023-12-01 04:02:02.485827684
60279.16809590078,1.0,1.0,0.0,2023-12-01 04:02:03.485827208
60279.16810747485,1.3333333333333333,0.0,0.0016501650165016502,2023-12-01 04:02:04.485826969
60279.16811904893,1.6666666666666665,0.0,0.0033003300330032995,2023-12-01 04:02:05.485827684
60279.168130623,2.0,0.0,0.0049504950495049506,2023-12-01 04:02:06.485827446
60279.16814219707,2.333333333333333,0.0,0.0066006600660066,2023-12-01 04:02:07.485826969
60279.168153771156,2.6666666666666665,0.0,0.00825082508250825,2023-12-01 04:02:08.485827923
60279.168165345225,3.0,0.0,0.0099009900990099,2023-12-01 04:02:09.485827446
60279.168176919295,3.333333333333333,0.0,0.011551155115511549,2023-12-01 04:02:10.485826969
60279.16818849337,3.6666666666666665,0.0,0.013201320132013201,2023-12-01 04:02:11.485827208
60279.16820006745,4.0,2.0,0.01485148514851485,2023-12-01 04:02:12.485827446
60279.16821164152,3.7142857142857144,0.0,0.013437057991513436,2023-12-01 04:02:13.485827208
60279.168223215594,3.428571428571429,0.0,0.012022630834512025,2023-12-01 04:02:14.485827446
60279.16823478967,3.142857142857143,0.0,0.010608203677510607,2023-12-01 04:02:15.485827684
60279.16824636374,2.857142857142857,0.0,0.009193776520509195,2023-12-01 04:02:16.485827208
60279.16825793782,2.5714285714285716,0.0,0.00777934936350778,2023-12-01 04:02:17.485827446
60279.168269511894,2.2857142857142856,0.0,0.0063649222065063635,2023-12-01 04:02:18.485827684
60279.168281085964,2.0,1.4142135623730951,0.0049504950495049506,2023-12-01 04:02:19.485827208
60279.16829266003,2.2222222222222223,0.0,0.006050605060506051,2023-12-01 04:02:20.485826969
60279.16830423412,2.4444444444444446,0.0,0.007150715071507152,2023-12-01 04:02:21.485827684
60279.16831580819,2.6666666666666665,0.0,0.00825082508250825,2023-12-01 04:02:22.485827446
60279.16832738226,2.888888888888889,0.0,0.00935093509350935,2023-12-01 04:02:23.485826969
60279.16833895634,3.111111111111111,0.0,0.010451045104510451,2023-12-01 04:02:24.485827923
60279.16835053041,3.333333333333333,0.0,0.011551155115511549,2023-12-01 04:02:25.485827446
60279.16836210448,3.5555555555555554,0.0,0.01265126512651265,2023-12-01 04:02:26.485826969
60279.16837367856,3.7777777777777777,0.0,0.01375137513751375,2023-12-01 04:02:27.485827923
60279.16838525263,4.0,2.0,0.01485148514851485,2023-12-01 04:02:28.485827446
60279.1683968267,4.0,0.0,0.01485148514851485,2023-12-01 04:02:29.485827208
60279.16840840078,4.0,0.0,0.01485148514851485,2023-12-01 04:02:30.485827446
60279.168419974856,4.0,0.0,0.01485148514851485,2023-12-01 04:02:31.485827446
60279.168431548926,4.0,0.0,0.01485148514851485,2023-12-01 04:02:32.485827208
60279.168443123,4.0,0.0,0.01485148514851485,2023-12-01 04:02:33.485827446
60279.16845469708,4.0,0.0,0.01485148514851485,2023-12-01 04:02:34.485827684
60279.16846627115,4.0,2.0,0.01485148514851485,2023-12-01 04:02:35.485827208
60279.168477845225,4.25,0.0,0.01608910891089109,2023-12-01 04:02:36.485827446
60279.1684894193,4.5,0.0,0.017326732673267325,2023-12-01 04:02:37.485827684
60279.16850099337,4.75,0.0,0.018564356435643563,2023-12-01 04:02:38.485827208
60279.16851256744,5.0,0.0,0.019801980198019802,2023-12-01 04:02:39.485826969
60279.168524141525,5.25,0.0,0.021039603960396037,2023-12-01 04:02:40.485827684
60279.168535715595,5.5,0.0,0.022277227722772276,2023-12-01 04:02:41.485827446
60279.168547289664,5.75,0.0,0.023514851485148515,2023-12-01 04:02:42.485826969
60279.16855886375,6.0,2.449489742783178,0.02475247524752475,2023-12-01 04:02:43.485827923
60279.16857043782,5.777777777777778,0.0,0.023652365236523653,2023-12-01 04:02:44.485827446
60279.16858201189,5.555555555555555,0.0,0.022552255225522552,2023-12-01 04:02:45.485826969
60279.168593585964,5.333333333333333,0.0,0.02145214521452145,2023-12-01 04:02:46.485827208
60279.16860516004,5.111111111111111,0.0,0.02035203520352035,2023-12-01 04:02:47.485827446
60279.16861673411,4.888888888888889,0.0,0.019251925192519254,2023-12-01 04:02:48.485827208
60279.16862830819,4.666666666666667,0.0,0.018151815181518153,2023-12-01 04:02:49.485827446
60279.168639882264,4.444444444444445,0.0,0.017051705170517052,2023-12-01 04:02:50.485827684
60279.16865145633,4.222222222222222,0.0,0.01595159515951595,2023-12-01 04:02:51.485827208
60279.16866303041,4.0,2.0,0.01485148514851485,2023-12-01 04:02:52.485827446
60279.16867460449,4.0,0.0,0.01485148514851485,2023-12-01 04:02:53.485827684
60279.16868617856,4.0,0.0,0.01485148514851485,2023-12-01 04:02:54.485827208
60279.168697752626,4.0,0.0,0.01485148514851485,2023-12-01 04:02:55.485826969
60279.16870932671,4.0,0.0,0.01485148514851485,2023-12-01 04:02:56.485827684
60279.16872090078,4.0,0.0,0.01485148514851485,2023-12-01 04:02:57.485827446
60279.16873247485,4.0,0.0,0.01485148514851485,2023-12-01 04:02:58.485826969
60279.16874404893,4.0,2.0,0.01485148514851485,2023-12-01 04:02:59.485827923
60279.168755623,3.7777777777777777,0.0,0.01375137513751375,2023-12-01 04:03:00.485827446
60279.16876719707,3.5555555555555554,0.0,0.01265126512651265,2023-12-01 04:03:01.485826969
60279.16877877115,3.3333333333333335,0.0,0.011551155115511552,2023-12-01 04:03:02.485827208
60279.168790345226,3.111111111111111,0.0,0.010451045104510451,2023-12-01 04:03:03.485827446
60279.168801919295,2.888888888888889,0.0,0.00935093509350935,2023-12-01 04:03:04.485827208
60279.16881349337,2.666666666666667,0.0,0.008250825082508254,2023-12-01 04:03:05.485827446
60279.16882506745,2.4444444444444446,0.0,0.007150715071507152,2023-12-01 04:03:06.485827684
60279.16883664152,2.2222222222222223,0.0,0.006050605060506051,2023-12-01 04:03:07.485827208
60279.168848215595,2.0,1.4142135623730951,0.0049504950495049506,2023-12-01 04:03:08.485827446
60279.16885978967,2.1333333333333333,0.0,0.005610561056105611,2023-12-01 04:03:09.485827684
60279.16887136374,2.2666666666666666,0.0,0.006270627062706271,2023-12-01 04:03:10.485827208
60279.16888293782,2.4,0.0,0.006930693069306931,2023-12-01 04:03:11.485827446
60279.168894511895,2.533333333333333,0.0,0.007590759075907591,2023-12-01 04:03:12.485827684
60279.168906085964,2.6666666666666665,0.0,0.00825082508250825,2023-12-01 04:03:13.485827208
60279.168917660034,2.8,0.0,0.008910891089108908,2023-12-01 04:03:14.485826969
60279.16892923412,2.9333333333333336,0.0,0.009570957095709574,2023-12-01 04:03:15.485827684
60279.16894080819,3.0666666666666664,0.0,0.010231023102310229,2023-12-01 04:03:16.485827446
60279.16895238226,3.2,0.0,0.01089108910891089,2023-12-01 04:03:17.485826969
60279.16896395634,3.333333333333333,0.0,0.011551155115511549,2023-12-01 04:03:18.485827923
60279.16897553041,3.466666666666667,0.0,0.01221122112211221,2023-12-01 04:03:19.485827446
60279.16898710448,3.6,0.0,0.012871287128712872,2023-12-01 04:03:20.485826969
60279.16899867856,3.7333333333333334,0.0,0.01353135313531353,2023-12-01 04:03:21.485827208
60279.16901025263,3.8666666666666667,0.0,0.014191419141914192,2023-12-01 04:03:22.485827446
60279.1690218267,4.0,2.0,0.01485148514851485,2023-12-01 04:03:23.485827208
60279.16903340078,3.6666666666666665,0.0,0.013201320132013201,2023-12-01 04:03:24.485827446
60279.16904497486,3.3333333333333335,0.0,0.011551155115511552,2023-12-01 04:03:25.485827684
60279.169056548926,3.0,0.0,0.0099009900990099,2023-12-01 04:03:26.485827208
60279.169068123,2.666666666666667,0.0,0.008250825082508254,2023-12-01 04:03:27.485827446
60279.16907969708,2.3333333333333335,0.0,0.006600660066006602,2023-12-01 04:03:28.485827684
60279.16909127115,2.0,0.0,0.0049504950495049506,2023-12-01 04:03:29.485827208
60279.16910284522,1.666666666666667,0.0,0.0033003300330033012,2023-12-01 04:03:30.485826969
60279.1691144193,1.3333333333333335,0.0,0.001650165016501651,2023-12-01 04:03:31.485827684
60279.16912599337,1.0,1.0,0.0,2023-12-01 04:03:32.485827446
60279.16913756744,1.2857142857142856,0.0,0.0014144271570014138,2023-12-01 04:03:33.485826969
60279.169149141526,1.5714285714285714,0.0,0.0028288543140028285,2023-12-01 04:03:34.485827923
60279.169160715595,1.8571428571428572,0.0,0.004243281471004243,2023-12-01 04:03:35.485827446
60279.169172289665,2.142857142857143,0.0,0.005657708628005658,2023-12-01 04:03:36.485826969
60279.16918386374,2.4285714285714284,0.0,0.007072135785007071,2023-12-01 04:03:37.485827208
60279.16919543782,2.7142857142857144,0.0,0.008486562942008488,2023-12-01 04:03:38.485827446
60279.16920701189,3.0,1.7320508075688772,0.0099009900990099,2023-12-01 04:03:39.485827208
60279.169218585965,2.75,0.0,0.008663366336633664,2023-12-01 04:03:40.485827446
60279.16923016004,2.5,0.0,0.007425742574257426,2023-12-01 04:03:41.485827684
60279.16924173411,2.25,0.0,0.0061881188118811875,2023-12-01 04:03:42.485827208
60279.16925330819,2.0,0.0,0.0049504950495049506,2023-12-01 04:03:43.485827446
60279.169264882265,1.75,0.0,0.0037128712871287136,2023-12-01 04:03:44.485827684
60279.169276456334,1.5,0.0,0.002475247524752475,2023-12-01 04:03:45.485827208
60279.1692880304,1.25,0.0,0.0012376237623762379,2023-12-01 04:03:46.485826969
60279.16929960449,1.0,1.0,0.0,2023-12-01 04:03:47.485827684
60279.16931117856,1.1875,0.0,0.0009282178217821782,2023-12-01 04:03:48.485827446
60279.16932275263,1.375,0.0,0.0018564356435643563,2023-12-01 04:03:49.485826969
60279.16933432671,1.5625,0.0,0.0027846534653465345,2023-12-01 04:03:50.485827684
60279.16934590078,1.75,0.0,0.0037128712871287136,2023-12-01 04:03:51.485827446
60279.16935747485,1.9375,0.0,0.004641089108910891,2023-12-01 04:03:52.485826969
60279.169369048934,2.125,0.0,0.00556930693069307,2023-12-01 04:03:53.485827923
60279.169380623,2.3125,0.0,0.006497524752475247,2023-12-01 04:03:54.485827446
60279.16939219707,2.5,0.0,0.007425742574257426,2023-12-01 04:03:55.485826969
60279.16940377115,2.6875,0.0,0.008353960396039604,2023-12-01 04:03:56.485827208
60279.169415345226,2.875,0.0,0.009282178217821783,2023-12-01 04:03:57.485827446
60279.169426919296,3.0625,0.0,0.010210396039603959,2023-12-01 04:03:58.485827208
60279.16943849337,3.25,0.0,0.011138613861386138,2023-12-01 04:03:59.485827446
60279.16945006745,3.4375,0.0,0.012066831683168317,2023-12-01 04:04:00.485827684
60279.16946164152,3.625,0.0,0.012995049504950493,2023-12-01 04:04:01.485827208
60279.169473215596,3.8125,0.0,0.013923267326732672,2023-12-01 04:04:02.485827446
60279.16948478967,4.0,2.0,0.01485148514851485,2023-12-01 04:04:03.485827684
60279.16949636374,3.6666666666666665,0.0,0.013201320132013201,2023-12-01 04:04:04.485827208
60279.16950793781,3.3333333333333335,0.0,0.011551155115511552,2023-12-01 04:04:05.485826969
60279.169519511895,3.0,0.0,0.0099009900990099,2023-12-01 04:04:06.485827684
60279.169531085965,2.666666666666667,0.0,0.008250825082508254,2023-12-01 04:04:07.485827446
60279.169542660034,2.3333333333333335,0.0,0.006600660066006602,2023-12-01 04:04:08.485826969
60279.16955423412,2.0,0.0,0.0049504950495049506,2023-12-01 04:04:09.485827923
60279.16956580819,1.666666666666667,0.0,0.0033003300330033012,2023-12-01 04:04:10.485827446
60279.16957738226,1.3333333333333335,0.0,0.001650165016501651,2023-12-01 04:04:11.485826969
60279.169588956334,1.0,1.0,0.0,2023-12-01 04:04:12.485827208
60279.16960053041,1.0,0.0,0.0,2023-12-01 04:04:13.485827446
60279.16961210448,1.0,0.0,0.0,2023-12-01 04:04:14.485827208
60279.16962367856,1.0,0.0,0.0,2023-12-01 04:04:15.485827446
60279.169635252634,1.0,0.0,0.0,2023-12-01 04:04:16.485827684
60279.169646826704,1.0,0.0,0.0,2023-12-01 04:04:17.485827208
60279.16965840078,1.0,0.0,0.0,2023-12-01 04:04:18.485827446
60279.16966997486,1.0,0.0,0.0,2023-12-01 04:04:19.485827684
60279.16968154893,1.0,1.0,0.0,2023-12-01 04:04:20.485827208
60279.169693122996,1.1428571428571428,0.0,0.0007072135785007065,2023-12-01 04:04:21.485826969
60279.16970469708,1.2857142857142856,0.0,0.0014144271570014138,2023-12-01 04:04:22.485827684
60279.16971627115,1.4285714285714286,0.0,0.002121640735502122,2023-12-01 04:04:23.485827446
60279.16972784522,1.5714285714285714,0.0,0.0028288543140028285,2023-12-01 04:04:24.485826969
60279.1697394193,1.7142857142857142,0.0,0.003536067892503536,2023-12-01 04:04:25.485827923
60279.16975099337,1.8571428571428572,0.0,0.004243281471004243,2023-12-01 04:04:26.485827446
60279.16976256744,2.0,1.4142135623730951,0.0049504950495049506,2023-12-01 04:04:27.485826969
60279.16977414153,2.4444444444444446,0.0,0.007150715071507152,2023-12-01 04:04:28.485827923
60279.169785715596,2.888888888888889,0.0,0.00935093509350935,2023-12-01 04:04:29.485827446
60279.169797289665,3.333333333333333,0.0,0.011551155115511549,2023-12-01 04:04:30.485827208
60279.16980886374,3.7777777777777777,0.0,0.01375137513751375,2023-12-01 04:04:31.485827446
60279.16982043782,4.222222222222222,0.0,0.01595159515951595,2023-12-01 04:04:32.485827446
60279.16983201189,4.666666666666666,0.0,0.01815181518151815,2023-12-01 04:04:33.485827208
60279.169843585965,5.111111111111111,0.0,0.02035203520352035,2023-12-01 04:04:34.485827446
60279.16985516004,5.555555555555555,0.0,0.022552255225522552,2023-12-01 04:04:35.485827684
60279.16986673411,6.0,2.449489742783178,0.02475247524752475,2023-12-01 04:04:36.485827208
60279.16987830819,5.875,0.0,0.024133663366336634,2023-12-01 04:04:37.485827446
60279.169889882265,5.75,0.0,0.023514851485148515,2023-12-01 04:04:38.485827684
60279.169901456335,5.625,0.0,0.022896039603960396,2023-12-01 04:04:39.485827208
60279.169913030404,5.5,0.0,0.022277227722772276,2023-12-01 04:04:40.485826969
60279.16992460449,5.375,0.0,0.021658415841584157,2023-12-01 04:04:41.485827684
60279.16993617856,5.25,0.0,0.021039603960396037,2023-12-01 04:04:42.485827446
60279.16994775263,5.125,0.0,0.02042079207920792,2023-12-01 04:04:43.485826969
60279.16995932671,5.0,0.0,0.019801980198019802,2023-12-01 04:04:44.485827923
60279.16997090078,4.875,0.0,0.019183168316831683,2023-12-01 04:04:45.485827446
60279.16998247485,4.75,0.0,0.018564356435643563,2023-12-01 04:04:46.485826969
60279.16999404893,4.625,0.0,0.017945544554455444,2023-12-01 04:04:47.485827208
60279.170005623004,4.5,0.0,0.017326732673267325,2023-12-01 04:04:48.485827446
60279.17001719707,4.375,0.0,0.01670792079207921,2023-12-01 04:04:49.485827208
60279.17002877115,4.25,0.0,0.01608910891089109,2023-12-01 04:04:50.485827446
60279.17004034523,4.125,0.0,0.01547029702970297,2023-12-01 04:04:51.485827684
60279.1700519193,4.0,0.0,0.01485148514851485,2023-12-01 04:04:52.485827208
60279.17006349337,3.875,0.0,0.014232673267326731,2023-12-01 04:04:53.485827446
60279.17007506745,3.75,0.0,0.013613861386138612,2023-12-01 04:04:54.485827684
60279.17008664152,3.625,0.0,0.012995049504950493,2023-12-01 04:04:55.485827208
60279.17009821559,3.5,0.0,0.012376237623762377,2023-12-01 04:04:56.485826969
60279.17010978967,3.375,0.0,0.011757425742574257,2023-12-01 04:04:57.485827684
60279.17012136374,3.25,0.0,0.011138613861386138,2023-12-01 04:04:58.485827446
60279.17013293781,3.125,0.0,0.010519801980198019,2023-12-01 04:04:59.485826969
60279.170144511896,3.0,1.7320508075688772,0.0099009900990099,2023-12-01 04:05:00.485827923
60279.170156085966,2.7142857142857144,0.0,0.008486562942008488,2023-12-01 04:05:01.485827446
60279.170167660035,2.428571428571429,0.0,0.007072135785007074,2023-12-01 04:05:02.485826969
60279.17017923411,2.142857142857143,0.0,0.005657708628005658,2023-12-01 04:05:03.485827208
60279.17019080819,1.8571428571428572,0.0,0.004243281471004243,2023-12-01 04:05:04.485827446
60279.17020238226,1.5714285714285716,0.0,0.0028288543140028303,2023-12-01 04:05:05.485827208
60279.170213956335,1.2857142857142858,0.0,0.0014144271570014147,2023-12-01 04:05:06.485827446
60279.17022553041,1.0,1.0,0.0,2023-12-01 04:05:07.485827684
60279.17023710448,1.0,0.0,0.0,2023-12-01 04:05:08.485827208
60279.17024867856,1.0,0.0,0.0,2023-12-01 04:05:09.485827446
60279.170260252635,1.0,0.0,0.0,2023-12-01 04:05:10.485827684
60279.170271826704,1.0,0.0,0.0,2023-12-01 04:05:11.485827208
60279.17028340078,1.0,0.0,0.0,2023-12-01 04:05:12.485827446
60279.17029497486,1.0,0.0,0.0,2023-12-01 04:05:13.485827684
60279.17030654893,1.0,0.0,0.0,2023-12-01 04:05:14.485827208
60279.170318123,1.0,0.0,0.0,2023-12-01 04:05:15.485826969
60279.17032969708,1.0,1.0,0.0,2023-12-01 04:05:16.485827684
60279.17034127115,1.0,0.0,0.0,2023-12-01 04:05:17.485827446
60279.17035284522,1.0,0.0,0.0,2023-12-01 04:05:18.485826969
60279.170364419304,1.0,0.0,0.0,2023-12-01 04:05:19.485827923
60279.17037599337,1.0,0.0,0.0,2023-12-01 04:05:20.485827446
60279.17038756744,1.0,0.0,0.0,2023-12-01 04:05:21.485826969
60279.17039914152,1.0,0.0,0.0,2023-12-01 04:05:22.485827208
60279.1704107156,1.0,0.0,0.0,2023-12-01 04:05:23.485827446
60279.170422289666,1.0,1.0,0.0,2023-12-01 04:05:24.485827208
60279.17043386374,1.0,0.0,0.0,2023-12-01 04:05:25.485827446
60279.17044543782,1.0,0.0,0.0,2023-12-01 04:05:26.485827684
60279.17045701189,1.0,0.0,0.0,2023-12-01 04:05:27.485827208
60279.170468585966,1.0,0.0,0.0,2023-12-01 04:05:28.485827446
60279.17048016004,1.0,0.0,0.0,2023-12-01 04:05:29.485827684
60279.17049173411,1.0,0.0,0.0,2023-12-01 04:05:30.485827208
60279.17050330818,1.0,0.0,0.0,2023-12-01 04:05:31.485826969
60279.170514882266,1.0,0.0,0.0,2023-12-01 04:05:32.485827684
60279.170526456335,1.0,0.0,0.0,2023-12-01 04:05:33.485827446
60279.170538030405,1.0,0.0,0.0,2023-12-01 04:05:34.485826969
60279.17054960449,1.0,0.0,0.0,2023-12-01 04:05:35.485827923
60279.17056117856,1.0,0.0,0.0,2023-12-01 04:05:36.485827446
60279.17057275263,1.0,0.0,0.0,2023-12-01 04:05:37.485826969
60279.170584326705,1.0,0.0,0.0,2023-12-01 04:05:38.485827208
60279.17059590078,1.0,0.0,0.0,2023-12-01 04:05:39.485827446
60279.17060747485,1.0,0.0,0.0,2023-12-01 04:05:40.485827208
60279.17061904893,1.0,0.0,0.0,2023-12-01 04:05:41.485827446
60279.170630623004,1.0,0.0,0.0,2023-12-01 04:05:42.485827684
60279.170642197074,1.0,0.0,0.0,2023-12-01 04:05:43.485827208
60279.17065377115,1.0,0.0,0.0,2023-12-01 04:05:44.485827446
60279.17066534523,1.0,0.0,0.0,2023-12-01 04:05:45.485827684
60279.1706769193,1.0,1.0,0.0,2023-12-01 04:05:46.485827208
60279.170688493374,1.03125,0.0,0.00015470297029702984,2023-12-01 04:05:47.485827446
60279.17070006745,1.0625,0.0,0.0003094059405940597,2023-12-01 04:05:48.485827684
60279.17071164152,1.09375,0.0,0.0004641089108910895,2023-12-01 04:05:49.485827446
60279.17072321559,1.125,0.0,0.0006188118811881185,2023-12-01 04:05:50.485826969
60279.17073478967,1.15625,0.0,0.0007735148514851483,2023-12-01 04:05:51.485827684
60279.17074636374,1.1875,0.0,0.0009282178217821782,2023-12-01 04:05:52.485827446
60279.17075793781,1.21875,0.0,0.001082920792079208,2023-12-01 04:05:53.485826969
60279.1707695119,1.25,0.0,0.0012376237623762379,2023-12-01 04:05:54.485827923
60279.170781085966,1.28125,0.0,0.0013923267326732677,2023-12-01 04:05:55.485827446
60279.170792660036,1.3125,0.0,0.0015470297029702967,2023-12-01 04:05:56.485826969
60279.17080423411,1.34375,0.0,0.0017017326732673265,2023-12-01 04:05:57.485827208
60279.17081580819,1.375,0.0,0.0018564356435643563,2023-12-01 04:05:58.485827446
60279.17082738226,1.40625,0.0,0.002011138613861386,2023-12-01 04:05:59.485827208
60279.170838956336,1.4375,0.0,0.002165841584158416,2023-12-01 04:06:00.485827446
60279.17085053041,1.46875,0.0,0.002320544554455446,2023-12-01 04:06:01.485827684
60279.17086210448,1.5,0.0,0.002475247524752475,2023-12-01 04:06:02.485827208
60279.17087367856,1.53125,0.0,0.0026299504950495047,2023-12-01 04:06:03.485827446
60279.170885252635,1.5625,0.0,0.0027846534653465345,2023-12-01 04:06:04.485827684
60279.170896826705,1.59375,0.0,0.0029393564356435644,2023-12-01 04:06:05.485827208
60279.170908400774,1.625,0.0,0.003094059405940594,2023-12-01 04:06:06.485826969
60279.17091997486,1.65625,0.0,0.003248762376237624,2023-12-01 04:06:07.485827684
60279.17093154893,1.6875,0.0,0.003403465346534654,2023-12-01 04:06:08.485827446
60279.170943123,1.71875,0.0,0.0035581683168316837,2023-12-01 04:06:09.485826969
60279.17095469708,1.75,0.0,0.0037128712871287136,2023-12-01 04:06:10.485827923
60279.17096627115,1.78125,0.0,0.0038675742574257434,2023-12-01 04:06:11.485827446
60279.17097784522,1.8125,0.0,0.0040222772277227715,2023-12-01 04:06:12.485826969
60279.1709894193,1.84375,0.0,0.004176980198019801,2023-12-01 04:06:13.485827208
60279.171000993374,1.875,0.0,0.004331683168316831,2023-12-01 04:06:14.485827446
60279.17101256744,1.90625,0.0,0.004486386138613861,2023-12-01 04:06:15.485827208
60279.17102414152,1.9375,0.0,0.004641089108910891,2023-12-01 04:06:16.485827446
60279.1710357156,1.96875,0.0,0.004795792079207921,2023-12-01 04:06:17.485827684
60279.17104728967,2.0,1.4142135623730951,0.0049504950495049506,2023-12-01 04:06:18.485827208
60279.17105886374,2.0,0.0,0.0049504950495049506,2023-12-01 04:06:19.485827446
60279.17107043782,2.0,0.0,0.0049504950495049506,2023-12-01 04:06:20.485827684
60279.17108201189,2.0,0.0,0.0049504950495049506,2023-12-01 04:06:21.485827208
60279.17109358596,2.0,0.0,0.0049504950495049506,2023-12-01 04:06:22.485826969
60279.17110516004,2.0,0.0,0.0049504950495049506,2023-12-01 04:06:23.485827684
60279.17111673411,2.0,0.0,0.0049504950495049506,2023-12-01 04:06:24.485827446
60279.17112830818,2.0,0.0,0.0049504950495049506,2023-12-01 04:06:25.485826969
60279.171139882266,2.0,1.4142135623730951,0.0049504950495049506,2023-12-01 04:06:26.485827923
60279.171151456336,1.8888888888888888,0.0,0.0044004400440044,2023-12-01 04:06:27.485827446
60279.171163030405,1.7777777777777777,0.0,0.00385038503850385,2023-12-01 04:06:28.485826969
60279.17117460449,1.6666666666666667,0.0,0.0033003300330033012,2023-12-01 04:06:29.485827923
60279.17118617856,1.5555555555555556,0.0,0.00275027502750275,2023-12-01 04:06:30.485827446
60279.17119775263,1.4444444444444444,0.0,0.0022002200220022005,2023-12-01 04:06:31.485827208
60279.171209326705,1.3333333333333335,0.0,0.001650165016501651,2023-12-01 04:06:32.485827208
60279.17122090078,1.2222222222222223,0.0,0.0011001100110011007,2023-12-01 04:06:33.485827446
60279.17123247485,1.1111111111111112,0.0,0.0005500550055005504,2023-12-01 04:06:34.485827208
60279.17124404893,1.0,1.0,0.0,2023-12-01 04:06:35.485827446
60279.171255623005,1.0,0.0,0.0,2023-12-01 04:06:36.485827684
60279.171267197074,1.0,0.0,0.0,2023-12-01 04:06:37.485827208
60279.17127877115,1.0,0.0,0.0,2023-12-01 04:06:38.485827446
60279.17129034523,1.0,0.0,0.0,2023-12-01 04:06:39.485827684
60279.1713019193,1.0,0.0,0.0,2023-12-01 04:06:40.485827208
60279.17131349337,1.0,0.0,0.0,2023-12-01 04:06:41.485826969
60279.17132506745,1.0,1.0,0.0,2023-12-01 04:06:42.485827684
60279.17133664152,1.0,0.0,0.0,2023-12-01 04:06:43.485827446
60279.17134821559,1.0,0.0,0.0,2023-12-01 04:06:44.485826969
60279.171359789674,1.0,0.0,0.0,2023-12-01 04:06:45.485827923
60279.171371363744,1.0,0.0,0.0,2023-12-01 04:06:46.485827446
60279.17138293781,1.0,0.0,0.0,2023-12-01 04:06:47.485826969
60279.17139451189,1.0,0.0,0.0,2023-12-01 04:06:48.485827208
60279.17140608597,1.0,0.0,0.0,2023-12-01 04:06:49.485827446
60279.171417660036,1.0,1.0,0.0,2023-12-01 04:06:50.485827208
60279.17142923411,1.0,0.0,0.0,2023-12-01 04:06:51.485827446
60279.17144080819,1.0,0.0,0.0,2023-12-01 04:06:52.485827684
60279.17145238226,1.0,0.0,0.0,2023-12-01 04:06:53.485827208
60279.171463956336,1.0,0.0,0.0,2023-12-01 04:06:54.485827446
60279.17147553041,1.0,0.0,0.0,2023-12-01 04:06:55.485827684
60279.17148710448,1.0,0.0,0.0,2023-12-01 04:06:56.485827208
60279.17149867855,1.0,0.0,0.0,2023-12-01 04:06:57.485826969
60279.171510252636,1.0,0.0,0.0,2023-12-01 04:06:58.485827684
60279.171521826705,1.0,1.0,0.0,2023-12-01 04:06:59.485827446
60279.171533400775,1.2857142857142856,0.0,0.0014144271570014138,2023-12-01 04:07:00.485826969
60279.17154497486,1.5714285714285714,0.0,0.0028288543140028285,2023-12-01 04:07:01.485827923
60279.17155654893,1.8571428571428572,0.0,0.004243281471004243,2023-12-01 04:07:02.485827446
60279.171568123,2.142857142857143,0.0,0.005657708628005658,2023-12-01 04:07:03.485826969
60279.171579697075,2.4285714285714284,0.0,0.007072135785007071,2023-12-01 04:07:04.485827208
60279.17159127115,2.7142857142857144,0.0,0.008486562942008488,2023-12-01 04:07:05.485827446
60279.17160284522,3.0,1.7320508075688772,0.0099009900990099,2023-12-01 04:07:06.485827208
60279.1716144193,2.7777777777777777,0.0,0.008800880088008802,2023-12-01 04:07:07.485827446
60279.171625993375,2.5555555555555554,0.0,0.007700770077007701,2023-12-01 04:07:08.485827684
60279.171637567444,2.3333333333333335,0.0,0.006600660066006602,2023-12-01 04:07:09.485827208
60279.17164914152,2.111111111111111,0.0,0.005500550055005501,2023-12-01 04:07:10.485827446
60279.1716607156,1.8888888888888888,0.0,0.0044004400440044,2023-12-01 04:07:11.485827684
60279.17167228967,1.6666666666666667,0.0,0.0033003300330033012,2023-12-01 04:07:12.485827208
60279.171683863744,1.4444444444444446,0.0,0.0022002200220022014,2023-12-01 04:07:13.485827446
60279.17169543782,1.2222222222222223,0.0,0.0011001100110011007,2023-12-01 04:07:14.485827684
60279.17170701189,1.0,1.0,0.0,2023-12-01 04:07:15.485827208
60279.17171858596,1.0,0.0,0.0,2023-12-01 04:07:16.485826969
60279.171730160044,1.0,0.0,0.0,2023-12-01 04:07:17.485827684
60279.17174173411,1.0,0.0,0.0,2023-12-01 04:07:18.485827446
60279.17175330818,1.0,0.0,0.0,2023-12-01 04:07:19.485826969
60279.17176488227,1.0,0.0,0.0,2023-12-01 04:07:20.485827923
60279.17177645634,1.0,0.0,0.0,2023-12-01 04:07:21.485827446
60279.171788030406,1.0,1.0,0.0,2023-12-01 04:07:22.485826969
60279.17179960448,1.0,0.0,0.0,2023-12-01 04:07:23.485827208
60279.17181117856,1.0,0.0,0.0,2023-12-01 04:07:24.485827446
60279.17182275263,1.0,0.0,0.0,2023-12-01 04:07:25.485827208
60279.171834326706,1.0,0.0,0.0,2023-12-01 04:07:26.485827446
60279.17184590078,1.0,0.0,0.0,2023-12-01 04:07:27.485827684
60279.17185747485,1.0,0.0,0.0,2023-12-01 04:07:28.485827208
60279.17186904893,1.0,0.0,0.0,2023-12-01 04:07:29.485827446
60279.171880623006,1.0,1.0,0.0,2023-12-01 04:07:30.485827684
60279.171892197075,1.0,0.0,0.0,2023-12-01 04:07:31.485827208
60279.171903771145,1.0,0.0,0.0,2023-12-01 04:07:32.485826969
60279.17191534523,1.0,0.0,0.0,2023-12-01 04:07:33.485827684
60279.1719269193,1.0,0.0,0.0,2023-12-01 04:07:34.485827446
60279.17193849337,1.0,0.0,0.0,2023-12-01 04:07:35.485826969
60279.17195006745,1.0,0.0,0.0,2023-12-01 04:07:36.485827923
60279.17196164152,1.0,0.0,0.0,2023-12-01 04:07:37.485827446
60279.17197321559,1.0,0.0,0.0,2023-12-01 04:07:38.485826969
60279.17198478967,1.0,1.0,0.0,2023-12-01 04:07:39.485827208
60279.171996363744,1.0,0.0,0.0,2023-12-01 04:07:40.485827446
60279.172007937814,1.0,0.0,0.0,2023-12-01 04:07:41.485827208
60279.17201951189,1.0,0.0,0.0,2023-12-01 04:07:42.485827446
60279.17203108597,1.0,0.0,0.0,2023-12-01 04:07:43.485827684
60279.17204266004,1.0,0.0,0.0,2023-12-01 04:07:44.485827208
60279.17205423411,1.0,0.0,0.0,2023-12-01 04:07:45.485827446
60279.17206580819,1.0,1.0,0.0,2023-12-01 04:07:46.485827684
60279.17207738226,1.0,0.0,0.0,2023-12-01 04:07:47.485827208
60279.17208895634,1.0,0.0,0.0,2023-12-01 04:07:48.485827446
60279.17210053041,1.0,0.0,0.0,2023-12-01 04:07:49.485827684
60279.17211210448,1.0,0.0,0.0,2023-12-01 04:07:50.485827446
60279.17212367855,1.0,0.0,0.0,2023-12-01 04:07:51.485826969
60279.17213525264,1.0,0.0,0.0,2023-12-01 04:07:52.485827684
60279.172146826706,1.0,0.0,0.0,2023-12-01 04:07:53.485827446
60279.172158400776,1.0,1.0,0.0,2023-12-01 04:07:54.485826969
60279.17216997486,1.0,0.0,0.0,2023-12-01 04:07:55.485827923
60279.17218154893,1.0,0.0,0.0,2023-12-01 04:07:56.485827446
60279.172193123,1.0,0.0,0.0,2023-12-01 04:07:57.485826969
60279.172204697075,1.0,0.0,0.0,2023-12-01 04:07:58.485827208
60279.17221627115,1.0,0.0,0.0,2023-12-01 04:07:59.485827446
60279.17222784522,1.0,0.0,0.0,2023-12-01 04:08:00.485827208
60279.1722394193,1.0,0.0,0.0,2023-12-01 04:08:01.485827446
60279.172250993375,1.0,0.0,0.0,2023-12-01 04:08:02.485827684
60279.172262567445,1.0,0.0,0.0,2023-12-01 04:08:03.485827208
60279.17227414152,1.0,0.0,0.0,2023-12-01 04:08:04.485827446
60279.1722857156,1.0,0.0,0.0,2023-12-01 04:08:05.485827684
60279.17229728967,1.0,0.0,0.0,2023-12-01 04:08:06.485827208
60279.17230886374,1.0,0.0,0.0,2023-12-01 04:08:07.485826969
60279.17232043782,1.0,0.0,0.0,2023-12-01 04:08:08.485827684
60279.17233201189,1.0,1.0,0.0,2023-12-01 04:08:09.485827446
60279.17234358596,1.0,1.0,0.0,2023-12-01 04:08:10.485826969
60279.172355160044,1.0,0.0,0.0,2023-12-01 04:08:11.485827923
60279.172366734114,1.0,0.0,0.0,2023-12-01 04:08:12.485827446
60279.17237830818,1.0,0.0,0.0,2023-12-01 04:08:13.485826969
60279.17238988226,1.0,0.0,0.0,2023-12-01 04:08:14.485827208
60279.17240145634,1.0,0.0,0.0,2023-12-01 04:08:15.485827446
60279.17241303041,1.0,1.0,0.0,2023-12-01 04:08:16.485827208
60279.17242460448,1.0,0.0,0.0,2023-12-01 04:08:17.485827446
60279.17243617856,1.0,0.0,0.0,2023-12-01 04:08:18.485827684
60279.17244775263,1.0,0.0,0.0,2023-12-01 04:08:19.485827208
60279.172459326706,1.0,0.0,0.0,2023-12-01 04:08:20.485827446
60279.17247090078,1.0,0.0,0.0,2023-12-01 04:08:21.485827684
60279.17248247485,1.0,1.0,0.0,2023-12-01 04:08:22.485827208
60279.17249404892,1.25,0.0,0.0012376237623762379,2023-12-01 04:08:23.485826969
60279.172505623006,1.5,0.0,0.002475247524752475,2023-12-01 04:08:24.485827684
60279.172517197076,1.75,0.0,0.0037128712871287136,2023-12-01 04:08:25.485827446
60279.172528771145,2.0,0.0,0.0049504950495049506,2023-12-01 04:08:26.485826969
60279.17254034523,2.25,0.0,0.0061881188118811875,2023-12-01 04:08:27.485827923
60279.1725519193,2.5,0.0,0.007425742574257426,2023-12-01 04:08:28.485827446
60279.17256349337,2.75,0.0,0.008663366336633664,2023-12-01 04:08:29.485826969
60279.17257506745,3.0,1.7320508075688772,0.0099009900990099,2023-12-01 04:08:30.485827923
60279.17258664152,2.857142857142857,0.0,0.009193776520509195,2023-12-01 04:08:31.485827446
60279.17259821559,2.7142857142857144,0.0,0.008486562942008488,2023-12-01 04:08:32.485826969
60279.17260978967,2.5714285714285716,0.0,0.00777934936350778,2023-12-01 04:08:33.485827208
60279.172621363745,2.428571428571429,0.0,0.007072135785007074,2023-12-01 04:08:34.485827446
60279.172632937814,2.2857142857142856,0.0,0.0063649222065063635,2023-12-01 04:08:35.485827208
60279.17264451189,2.142857142857143,0.0,0.005657708628005658,2023-12-01 04:08:36.485827446
60279.17265608597,2.0,0.0,0.0049504950495049506,2023-12-01 04:08:37.485827684
60279.17266766004,1.8571428571428572,0.0,0.004243281471004243,2023-12-01 04:08:38.485827208
60279.172679234114,1.7142857142857144,0.0,0.0035360678925035376,2023-12-01 04:08:39.485827446
60279.17269080819,1.5714285714285716,0.0,0.0028288543140028303,2023-12-01 04:08:40.485827684
60279.17270238226,1.4285714285714286,0.0,0.002121640735502122,2023-12-01 04:08:41.485827208
60279.17271395633,1.2857142857142858,0.0,0.0014144271570014147,2023-12-01 04:08:42.485826969
60279.172725530414,1.142857142857143,0.0,0.0007072135785007082,2023-12-01 04:08:43.485827684
60279.17273710448,1.0,1.0,0.0,2023-12-01 04:08:44.485827446
60279.17274867855,1.2857142857142856,0.0,0.0014144271570014138,2023-12-01 04:08:45.485826969
60279.17276025264,1.5714285714285714,0.0,0.0028288543140028285,2023-12-01 04:08:46.485827923
60279.17277182671,1.8571428571428572,0.0,0.004243281471004243,2023-12-01 04:08:47.485827446
60279.172783400776,2.142857142857143,0.0,0.005657708628005658,2023-12-01 04:08:48.485826969
60279.17279497485,2.4285714285714284,0.0,0.007072135785007071,2023-12-01 04:08:49.485827208
60279.17280654893,2.7142857142857144,0.0,0.008486562942008488,2023-12-01 04:08:50.485827446
60279.172818123,3.0,1.7320508075688772,0.0099009900990099,2023-12-01 04:08:51.485827208
60279.172829697076,2.7777777777777777,0.0,0.008800880088008802,2023-12-01 04:08:52.485827446
60279.17284127115,2.5555555555555554,0.0,0.007700770077007701,2023-12-01 04:08:53.485827684
60279.17285284522,2.3333333333333335,0.0,0.006600660066006602,2023-12-01 04:08:54.485827208
60279.1728644193,2.111111111111111,0.0,0.005500550055005501,2023-12-01 04:08:55.485827446
60279.172875993376,1.8888888888888888,0.0,0.0044004400440044,2023-12-01 04:08:56.485827684
60279.172887567445,1.6666666666666667,0.0,0.0033003300330033012,2023-12-01 04:08:57.485827208
60279.172899141515,1.4444444444444446,0.0,0.0022002200220022014,2023-12-01 04:08:58.485826969
60279.1729107156,1.2222222222222223,0.0,0.0011001100110011007,2023-12-01 04:08:59.485827684
60279.17292228967,1.0,1.0,0.0,2023-12-01 04:09:00.485827446
60279.17293386374,1.0,0.0,0.0,2023-12-01 04:09:01.485826969
60279.17294543782,1.0,0.0,0.0,2023-12-01 04:09:02.485827923
60279.17295701189,1.0,0.0,0.0,2023-12-01 04:09:03.485827446
60279.17296858596,1.0,0.0,0.0,2023-12-01 04:09:04.485826969
60279.172980160045,1.0,0.0,0.0,2023-12-01 04:09:05.485827923
60279.172991734114,1.0,0.0,0.0,2023-12-01 04:09:06.485827446
60279.173003308184,1.0,0.0,0.0,2023-12-01 04:09:07.485827208
60279.17301488226,1.0,1.0,0.0,2023-12-01 04:09:08.485827446
60279.17302645634,1.0,0.0,0.0,2023-12-01 04:09:09.485827446
60279.17303803041,1.0,0.0,0.0,2023-12-01 04:09:10.485827208
60279.173049604484,1.0,0.0,0.0,2023-12-01 04:09:11.485827446
60279.17306117856,1.0,1.0,0.0,2023-12-01 04:09:12.485827684
60279.17307275263,1.0,0.0,0.0,2023-12-01 04:09:13.485827208
60279.17308432671,1.0,1.0,0.0,2023-12-01 04:09:14.485827446
60279.173095900784,1.0,0.0,0.0,2023-12-01 04:09:15.485827684
60279.17310747485,1.0,0.0,0.0,2023-12-01 04:09:16.485827208
60279.17311904892,1.0,0.0,0.0,2023-12-01 04:09:17.485826969
60279.17313062301,1.0,0.0,0.0,2023-12-01 04:09:18.485827684
60279.173142197076,1.0,0.0,0.0,2023-12-01 04:09:19.485827446
60279.173153771146,1.0,0.0,0.0,2023-12-01 04:09:20.485826969
60279.17316534523,1.0,0.0,0.0,2023-12-01 04:09:21.485827923
60279.1731769193,1.0,0.0,0.0,2023-12-01 04:09:22.485827446
60279.17318849337,1.0,0.0,0.0,2023-12-01 04:09:23.485826969
60279.173200067446,1.0,0.0,0.0,2023-12-01 04:09:24.485827208
60279.17321164152,1.0,0.0,0.0,2023-12-01 04:09:25.485827446
60279.17322321559,1.0,0.0,0.0,2023-12-01 04:09:26.485827208
60279.17323478967,1.0,0.0,0.0,2023-12-01 04:09:27.485827446
60279.173246363745,1.0,0.0,0.0,2023-12-01 04:09:28.485827684
60279.173257937815,1.0,0.0,0.0,2023-12-01 04:09:29.485827208
60279.17326951189,1.0,0.0,0.0,2023-12-01 04:09:30.485827446
60279.17328108597,1.0,0.0,0.0,2023-12-01 04:09:31.485827684
60279.17329266004,1.0,1.0,0.0,2023-12-01 04:09:32.485827208
60279.17330423411,1.0,0.0,0.0,2023-12-01 04:09:33.485826969
60279.17331580819,1.0,0.0,0.0,2023-12-01 04:09:34.485827684
60279.17332738226,1.0,0.0,0.0,2023-12-01 04:09:35.485827446
60279.17333895633,1.0,0.0,0.0,2023-12-01 04:09:36.485826969
60279.173350530415,1.0,0.0,0.0,2023-12-01 04:09:37.485827923
60279.173362104484,1.0,0.0,0.0,2023-12-01 04:09:38.485827446
60279.17337367855,1.0,0.0,0.0,2023-12-01 04:09:39.485826969
60279.17338525263,1.0,0.0,0.0,2023-12-01 04:09:40.485827208
60279.17339682671,1.0,0.0,0.0,2023-12-01 04:09:41.485827446
60279.17340840078,1.0,0.0,0.0,2023-12-01 04:09:42.485827208
60279.17341997485,1.0,0.0,0.0,2023-12-01 04:09:43.485827446
60279.17343154893,1.0,0.0,0.0,2023-12-01 04:09:44.485827684
60279.173443123,1.0,0.0,0.0,2023-12-01 04:09:45.485827208
60279.17345469708,1.0,0.0,0.0,2023-12-01 04:09:46.485827446
60279.17346627115,1.0,0.0,0.0,2023-12-01 04:09:47.485827684
60279.17347784522,1.0,0.0,0.0,2023-12-01 04:09:48.485827208
60279.1734894193,1.0,0.0,0.0,2023-12-01 04:09:49.485827446
60279.17350099338,1.0,0.0,0.0,2023-12-01 04:09:50.485827684
60279.173512567446,1.0,0.0,0.0,2023-12-01 04:09:51.485827208
60279.173524141515,1.0,1.0,0.0,2023-12-01 04:09:52.485826969
60279.1735357156,1.0,0.0,0.0,2023-12-01 04:09:53.485827684
60279.17354728967,1.0,0.0,0.0,2023-12-01 04:09:54.485827446
60279.17355886374,1.0,0.0,0.0,2023-12-01 04:09:55.485826969
60279.17357043782,1.0,0.0,0.0,2023-12-01 04:09:56.485827923
60279.17358201189,1.0,1.0,0.0,2023-12-01 04:09:57.485827446
60279.17359358596,1.0,1.0,0.0,2023-12-01 04:09:58.485826969
60279.17360516004,1.0,0.0,0.0,2023-12-01 04:09:59.485827208
60279.173616734115,1.0,0.0,0.0,2023-12-01 04:10:00.485827446
60279.173628308185,1.0,0.0,0.0,2023-12-01 04:10:01.485827208
60279.17363988226,1.0,0.0,0.0,2023-12-01 04:10:02.485827446
60279.17365145634,1.0,0.0,0.0,2023-12-01 04:10:03.485827684
60279.17366303041,1.0,0.0,0.0,2023-12-01 04:10:04.485827208
60279.173674604484,1.0,0.0,0.0,2023-12-01 04:10:05.485827446
60279.17368617856,1.0,0.0,0.0,2023-12-01 04:10:06.485827684
60279.17369775263,1.0,0.0,0.0,2023-12-01 04:10:07.485827208
60279.1737093267,1.0,0.0,0.0,2023-12-01 04:10:08.485826969
60279.173720900784,1.0,0.0,0.0,2023-12-01 04:10:09.485827684
60279.173732474854,1.0,1.0,0.0,2023-12-01 04:10:10.485827446
60279.17374404892,1.25,0.0,0.0012376237623762379,2023-12-01 04:10:11.485826969
60279.17375562301,1.5,0.0,0.002475247524752475,2023-12-01 04:10:12.485827923
60279.17376719708,1.75,0.0,0.0037128712871287136,2023-12-01 04:10:13.485827446
60279.173778771146,2.0,0.0,0.0049504950495049506,2023-12-01 04:10:14.485826969
60279.17379034522,2.25,0.0,0.0061881188118811875,2023-12-01 04:10:15.485827208
60279.1738019193,2.5,0.0,0.007425742574257426,2023-12-01 04:10:16.485827446
60279.17381349337,2.75,0.0,0.008663366336633664,2023-12-01 04:10:17.485827208
60279.173825067446,3.0,1.7320508075688772,0.0099009900990099,2023-12-01 04:10:18.485827446
60279.17383664152,2.7142857142857144,0.0,0.008486562942008488,2023-12-01 04:10:19.485827684
60279.17384821559,2.428571428571429,0.0,0.007072135785007074,2023-12-01 04:10:20.485827208
60279.17385978967,2.142857142857143,0.0,0.005657708628005658,2023-12-01 04:10:21.485827446
60279.173871363746,1.8571428571428572,0.0,0.004243281471004243,2023-12-01 04:10:22.485827684
60279.173882937816,1.5714285714285716,0.0,0.0028288543140028303,2023-12-01 04:10:23.485827208
60279.173894511885,1.2857142857142858,0.0,0.0014144271570014147,2023-12-01 04:10:24.485826969
60279.17390608597,1.0,1.0,0.0,2023-12-01 04:10:25.485827684
60279.17391766004,1.0,0.0,0.0,2023-12-01 04:10:26.485827446
60279.17392923411,1.0,0.0,0.0,2023-12-01 04:10:27.485826969
60279.17394080819,1.0,0.0,0.0,2023-12-01 04:10:28.485827684
60279.17395238226,1.0,0.0,0.0,2023-12-01 04:10:29.485827446
60279.17396395633,1.0,0.0,0.0,2023-12-01 04:10:30.485826969
60279.173975530415,1.0,0.0,0.0,2023-12-01 04:10:31.485827923
60279.173987104485,1.0,1.0,0.0,2023-12-01 04:10:32.485827446
60279.173998678554,1.0,0.0,0.0,2023-12-01 04:10:33.485826969
60279.17401025263,1.0,0.0,0.0,2023-12-01 04:10:34.485827208
60279.17402182671,1.0,0.0,0.0,2023-12-01 04:10:35.485827446
60279.17403340078,1.0,0.0,0.0,2023-12-01 04:10:36.485827208
60279.174044974854,1.0,0.0,0.0,2023-12-01 04:10:37.485827446
60279.17405654893,1.0,1.0,0.0,2023-12-01 04:10:38.485827684
60279.174068123,1.0,0.0,0.0,2023-12-01 04:10:39.485827208
60279.17407969708,1.0,0.0,0.0,2023-12-01 04:10:40.485827446
60279.174091271154,1.0,0.0,0.0,2023-12-01 04:10:41.485827684
60279.17410284522,1.0,0.0,0.0,2023-12-01 04:10:42.485827208
60279.17411441929,1.0,1.0,0.0,2023-12-01 04:10:43.485826969
60279.17412599338,1.0,0.0,0.0,2023-12-01 04:10:44.485827684
60279.17413756745,1.0,0.0,0.0,2023-12-01 04:10:45.485827446
60279.174149141516,1.0,0.0,0.0,2023-12-01 04:10:46.485826969
60279.1741607156,1.0,0.0,0.0,2023-12-01 04:10:47.485827923
60279.17417228967,1.0,0.0,0.0,2023-12-01 04:10:48.485827446
60279.17418386374,1.0,0.0,0.0,2023-12-01 04:10:49.485826969
60279.174195437816,1.0,0.0,0.0,2023-12-01 04:10:50.485827208
60279.17420701189,1.0,0.0,0.0,2023-12-01 04:10:51.485827446
60279.17421858596,1.0,0.0,0.0,2023-12-01 04:10:52.485827208
60279.17423016004,1.0,0.0,0.0,2023-12-01 04:10:53.485827446
60279.174241734116,1.0,0.0,0.0,2023-12-01 04:10:54.485827684
60279.174253308185,1.0,0.0,0.0,2023-12-01 04:10:55.485827208
60279.17426488226,1.0,0.0,0.0,2023-12-01 04:10:56.485827446
60279.17427645634,1.0,1.0,0.0,2023-12-01 04:10:57.485827684
60279.17428803041,1.0,0.0,0.0,2023-12-01 04:10:58.485827208
60279.17429960448,1.0,0.0,0.0,2023-12-01 04:10:59.485826969
60279.17431117856,1.0,0.0,0.0,2023-12-01 04:11:00.485827684
60279.17432275263,1.0,0.0,0.0,2023-12-01 04:11:01.485827446
60279.1743343267,1.0,0.0,0.0,2023-12-01 04:11:02.485826969
60279.174345900785,1.0,0.0,0.0,2023-12-01 04:11:03.485827923
60279.174357474854,1.0,0.0,0.0,2023-12-01 04:11:04.485827446
60279.174369048924,1.0,1.0,0.0,2023-12-01 04:11:05.485826969
60279.17438062301,1.1666666666666667,0.0,0.0008250825082508255,2023-12-01 04:11:06.485827923
60279.17439219708,1.3333333333333333,0.0,0.0016501650165016502,2023-12-01 04:11:07.485827446
60279.17440377115,1.5,0.0,0.002475247524752475,2023-12-01 04:11:08.485827208
60279.174415345224,1.6666666666666665,0.0,0.0033003300330032995,2023-12-01 04:11:09.485827208
60279.1744269193,1.8333333333333333,0.0,0.004125412541254126,2023-12-01 04:11:10.485827446
60279.17443849337,2.0,1.4142135623730951,0.0049504950495049506,2023-12-01 04:11:11.485827208
60279.17445006745,1.0,1.0,0.0,2023-12-01 04:11:12.485827446
60279.17446164152,1.0,0.0,0.0,2023-12-01 04:11:13.485827684
60279.17447321559,1.0,0.0,0.0,2023-12-01 04:11:14.485827208
60279.17448478967,1.0,0.0,0.0,2023-12-01 04:11:15.485827446
60279.17449636375,1.0,0.0,0.0,2023-12-01 04:11:16.485827684
60279.174507937816,1.0,0.0,0.0,2023-12-01 04:11:17.485827208
60279.174519511886,1.0,0.0,0.0,2023-12-01 04:11:18.485826969
60279.17453108597,1.0,0.0,0.0,2023-12-01 04:11:19.485827684
60279.17454266004,1.0,0.0,0.0,2023-12-01 04:11:20.485827446
60279.17455423411,1.0,0.0,0.0,2023-12-01 04:11:21.485826969
60279.17456580819,1.0,0.0,0.0,2023-12-01 04:11:22.485827923
60279.17457738226,1.0,0.0,0.0,2023-12-01 04:11:23.485827446
60279.17458895633,1.0,0.0,0.0,2023-12-01 04:11:24.485826969
60279.17460053041,1.0,0.0,0.0,2023-12-01 04:11:25.485827208
60279.174612104485,1.0,0.0,0.0,2023-12-01 04:11:26.485827446
60279.174623678555,1.0,1.0,0.0,2023-12-01 04:11:27.485827208
60279.17463525263,1.0,1.0,0.0,2023-12-01 04:11:28.485827446
60279.17464682671,1.0,0.0,0.0,2023-12-01 04:11:29.485827684
60279.17465840078,1.0,0.0,0.0,2023-12-01 04:11:30.485827208
60279.174669974855,1.0,0.0,0.0,2023-12-01 04:11:31.485827446
60279.17468154893,1.0,0.0,0.0,2023-12-01 04:11:32.485827684
60279.174693123,1.0,0.0,0.0,2023-12-01 04:11:33.485827208
60279.17470469707,1.0,1.0,0.0,2023-12-01 04:11:34.485826969
60279.174716271154,1.0,0.0,0.0,2023-12-01 04:11:35.485827684
60279.174727845224,1.0,0.0,0.0,2023-12-01 04:11:36.485827446
60279.17473941929,1.0,0.0,0.0,2023-12-01 04:11:37.485826969
60279.17475099338,1.0,0.0,0.0,2023-12-01 04:11:38.485827923
60279.17476256745,1.0,0.0,0.0,2023-12-01 04:11:39.485827446
60279.17477414152,1.0,1.0,0.0,2023-12-01 04:11:40.485826969
60279.17478571559,1.0,0.0,0.0,2023-12-01 04:11:41.485827208
60279.17479728967,1.0,0.0,0.0,2023-12-01 04:11:42.485827446
60279.17480886374,1.0,0.0,0.0,2023-12-01 04:11:43.485827208
60279.17482043782,1.0,0.0,0.0,2023-12-01 04:11:44.485827446
60279.17483201189,1.0,0.0,0.0,2023-12-01 04:11:45.485827684
60279.17484358596,1.0,1.0,0.0,2023-12-01 04:11:46.485827208
60279.17485516004,1.0,0.0,0.0,2023-12-01 04:11:47.485827446
60279.174866734116,1.0,0.0,0.0,2023-12-01 04:11:48.485827684
60279.174878308186,1.0,0.0,0.0,2023-12-01 04:11:49.485827208
60279.17488988226,1.0,0.0,0.0,2023-12-01 04:11:50.485827446
60279.17490145634,1.0,0.0,0.0,2023-12-01 04:11:51.485827684
60279.17491303041,1.0,0.0,0.0,2023-12-01 04:11:52.485827208
60279.17492460448,1.0,0.0,0.0,2023-12-01 04:11:53.485826969
60279.17493617856,1.0,0.0,0.0,2023-12-01 04:11:54.485827684
60279.17494775263,1.0,0.0,0.0,2023-12-01 04:11:55.485827446
60279.1749593267,1.0,0.0,0.0,2023-12-01 04:11:56.485826969
60279.174970900785,1.0,0.0,0.0,2023-12-01 04:11:57.485827923
60279.174982474855,1.0,0.0,0.0,2023-12-01 04:11:58.485827446
60279.174994048924,1.0,0.0,0.0,2023-12-01 04:11:59.485826969
60279.175005623,1.0,1.0,0.0,2023-12-01 04:12:00.485827208
60279.17501719708,1.5,0.0,0.002475247524752475,2023-12-01 04:12:01.485827446
60279.17502877115,2.0,0.0,0.0049504950495049506,2023-12-01 04:12:02.485827208
60279.175040345224,2.5,0.0,0.007425742574257426,2023-12-01 04:12:03.485827446
60279.1750519193,3.0,0.0,0.0099009900990099,2023-12-01 04:12:04.485827684
60279.17506349337,3.5,0.0,0.012376237623762377,2023-12-01 04:12:05.485827208
60279.17507506745,4.0,2.0,0.01485148514851485,2023-12-01 04:12:06.485827446
60279.175086641524,1.0,1.0,0.0,2023-12-01 04:12:07.485827684
60279.17509821559,1.3333333333333333,0.0,0.0016501650165016502,2023-12-01 04:12:08.485827208
60279.17510978966,1.6666666666666665,0.0,0.0033003300330032995,2023-12-01 04:12:09.485826969
60279.17512136375,2.0,0.0,0.0049504950495049506,2023-12-01 04:12:10.485827684
60279.17513293782,2.333333333333333,0.0,0.0066006600660066,2023-12-01 04:12:11.485827446
60279.175144511886,2.6666666666666665,0.0,0.00825082508250825,2023-12-01 04:12:12.485826969
60279.17515608597,3.0,1.7320508075688772,0.0099009900990099,2023-12-01 04:12:13.485827923
60279.17516766004,2.7142857142857144,0.0,0.008486562942008488,2023-12-01 04:12:14.485827446
60279.17517923411,2.428571428571429,0.0,0.007072135785007074,2023-12-01 04:12:15.485826969
60279.175190808186,2.142857142857143,0.0,0.005657708628005658,2023-12-01 04:12:16.485827208
60279.17520238226,1.8571428571428572,0.0,0.004243281471004243,2023-12-01 04:12:17.485827446
60279.17521395633,1.5714285714285716,0.0,0.0028288543140028303,2023-12-01 04:12:18.485827208
60279.17522553041,1.2857142857142858,0.0,0.0014144271570014147,2023-12-01 04:12:19.485827446
60279.175237104486,1.0,1.0,0.0,2023-12-01 04:12:20.485827684
60279.175248678555,1.375,0.0,0.0018564356435643563,2023-12-01 04:12:21.485827208
60279.17526025263,1.75,0.0,0.0037128712871287136,2023-12-01 04:12:22.485827446
60279.17527182671,2.125,0.0,0.00556930693069307,2023-12-01 04:12:23.485827684
60279.17528340078,2.5,0.0,0.007425742574257426,2023-12-01 04:12:24.485827208
60279.175294974855,2.875,0.0,0.009282178217821783,2023-12-01 04:12:25.485827446
60279.17530654893,3.25,0.0,0.011138613861386138,2023-12-01 04:12:26.485827684
60279.175318123,3.625,0.0,0.012995049504950493,2023-12-01 04:12:27.485827446
60279.17532969707,4.0,2.0,0.01485148514851485,2023-12-01 04:12:28.485826969
60279.175341271155,4.0,0.0,0.01485148514851485,2023-12-01 04:12:29.485827684
60279.175352845225,4.0,0.0,0.01485148514851485,2023-12-01 04:12:30.485827446
60279.175364419294,4.0,0.0,0.01485148514851485,2023-12-01 04:12:31.485826969
60279.17537599338,4.0,0.0,0.01485148514851485,2023-12-01 04:12:32.485827923
60279.17538756745,4.0,0.0,0.01485148514851485,2023-12-01 04:12:33.485827446
60279.17539914152,4.0,0.0,0.01485148514851485,2023-12-01 04:12:34.485826969
60279.175410715594,4.0,2.0,0.01485148514851485,2023-12-01 04:12:35.485827208
60279.17542228967,3.6666666666666665,0.0,0.013201320132013201,2023-12-01 04:12:36.485827446
60279.17543386374,3.3333333333333335,0.0,0.011551155115511552,2023-12-01 04:12:37.485827208
60279.17544543782,3.0,0.0,0.0099009900990099,2023-12-01 04:12:38.485827446
60279.175457011894,2.666666666666667,0.0,0.008250825082508254,2023-12-01 04:12:39.485827684
60279.17546858596,2.3333333333333335,0.0,0.006600660066006602,2023-12-01 04:12:40.485827208
60279.17548016004,2.0,1.4142135623730951,0.0049504950495049506,2023-12-01 04:12:41.485827446
60279.17549173412,2.5,0.0,0.007425742574257426,2023-12-01 04:12:42.485827684
60279.175503308186,3.0,1.7320508075688772,0.0099009900990099,2023-12-01 04:12:43.485827208
60279.175514882256,2.3333333333333335,0.0,0.006600660066006602,2023-12-01 04:12:44.485826969
60279.17552645634,1.6666666666666667,0.0,0.0033003300330033012,2023-12-01 04:12:45.485827684
60279.17553803041,1.0,1.0,0.0,2023-12-01 04:12:46.485827446
60279.17554960448,1.3333333333333333,0.0,0.0016501650165016502,2023-12-01 04:12:47.485826969
60279.17556117856,1.6666666666666665,0.0,0.0033003300330032995,2023-12-01 04:12:48.485827923
60279.17557275263,2.0,0.0,0.0049504950495049506,2023-12-01 04:12:49.485827446
60279.1755843267,2.333333333333333,0.0,0.0066006600660066,2023-12-01 04:12:50.485826969
60279.17559590078,2.6666666666666665,0.0,0.00825082508250825,2023-12-01 04:12:51.485827208
60279.175607474855,3.0,0.0,0.0099009900990099,2023-12-01 04:12:52.485827446
60279.175619048925,3.333333333333333,0.0,0.011551155115511549,2023-12-01 04:12:53.485827208
60279.175630623,3.6666666666666665,0.0,0.013201320132013201,2023-12-01 04:12:54.485827446
60279.17564219708,4.0,0.0,0.01485148514851485,2023-12-01 04:12:55.485827684
60279.17565377115,4.333333333333333,0.0,0.0165016501650165,2023-12-01 04:12:56.485827208
60279.175665345225,4.666666666666666,0.0,0.01815181518151815,2023-12-01 04:12:57.485827446
60279.1756769193,5.0,0.0,0.019801980198019802,2023-12-01 04:12:58.485827684
60279.17568849337,5.333333333333333,0.0,0.02145214521452145,2023-12-01 04:12:59.485827208
60279.17570006744,5.666666666666666,0.0,0.023102310231023097,2023-12-01 04:13:00.485826969
60279.175711641525,6.0,2.449489742783178,0.02475247524752475,2023-12-01 04:13:01.485827684
60279.175723215594,5.857142857142857,0.0,0.024045261669024043,2023-12-01 04:13:02.485827446
60279.175734789664,5.714285714285714,0.0,0.02333804809052334,2023-12-01 04:13:03.485826969
60279.17574636375,5.571428571428571,0.0,0.022630834512022628,2023-12-01 04:13:04.485827923
60279.17575793782,5.428571428571429,0.0,0.021923620933521924,2023-12-01 04:13:05.485827446
60279.17576951189,5.285714285714286,0.0,0.021216407355021213,2023-12-01 04:13:06.485826969
60279.17578108597,5.142857142857143,0.0,0.02050919377652051,2023-12-01 04:13:07.485827923
60279.17579266004,5.0,2.23606797749979,0.019801980198019802,2023-12-01 04:13:08.485827446
60279.17580423411,5.166666666666667,0.0,0.020627062706270627,2023-12-01 04:13:09.485826969
60279.17581580819,5.333333333333333,0.0,0.02145214521452145,2023-12-01 04:13:10.485827208
60279.17582738226,5.5,0.0,0.022277227722772276,2023-12-01 04:13:11.485827446
60279.17583895633,5.666666666666667,0.0,0.023102310231023104,2023-12-01 04:13:12.485827208
60279.17585053041,5.833333333333333,0.0,0.023927392739273926,2023-12-01 04:13:13.485827446
60279.17586210449,6.0,2.449489742783178,0.02475247524752475,2023-12-01 04:13:14.485827684
60279.175873678556,5.666666666666667,0.0,0.023102310231023104,2023-12-01 04:13:15.485827208
60279.17588525263,5.333333333333333,0.0,0.02145214521452145,2023-12-01 04:13:16.485827446
60279.17589682671,5.0,0.0,0.019801980198019802,2023-12-01 04:13:17.485827684
60279.17590840078,4.666666666666667,0.0,0.018151815181518153,2023-12-01 04:13:18.485827208
60279.17591997485,4.333333333333334,0.0,0.016501650165016504,2023-12-01 04:13:19.485826969
60279.17593154893,4.0,0.0,0.01485148514851485,2023-12-01 04:13:20.485827684
60279.175943123,3.666666666666667,0.0,0.013201320132013201,2023-12-01 04:13:21.485827446
60279.17595469707,3.3333333333333335,0.0,0.011551155115511552,2023-12-01 04:13:22.485826969
60279.175966271156,3.0,0.0,0.0099009900990099,2023-12-01 04:13:23.485827923
60279.175977845225,2.666666666666667,0.0,0.008250825082508254,2023-12-01 04:13:24.485827446
60279.175989419295,2.3333333333333335,0.0,0.006600660066006602,2023-12-01 04:13:25.485826969
60279.17600099337,2.0,1.4142135623730951,0.0049504950495049506,2023-12-01 04:13:26.485827208
60279.17601256745,3.75,0.0,0.013613861386138612,2023-12-01 04:13:27.485827446
60279.17602414152,5.5,0.0,0.022277227722772276,2023-12-01 04:13:28.485827208
60279.176035715594,7.25,0.0,0.030940594059405937,2023-12-01 04:13:29.485827446
60279.17604728967,9.0,3.0,0.039603960396039604,2023-12-01 04:13:30.485827684
60279.17605886374,7.666666666666667,0.0,0.03300330033003301,2023-12-01 04:13:31.485827208
60279.17607043782,6.333333333333334,0.0,0.026402640264026406,2023-12-01 04:13:32.485827446
60279.176082011894,5.0,2.23606797749979,0.019801980198019802,2023-12-01 04:13:33.485827684
60279.176093585964,5.0,0.0,0.019801980198019802,2023-12-01 04:13:34.485827208
60279.17610516003,5.0,0.0,0.019801980198019802,2023-12-01 04:13:35.485826969
60279.17611673412,5.0,0.0,0.019801980198019802,2023-12-01 04:13:36.485827684
60279.17612830819,5.0,0.0,0.019801980198019802,2023-12-01 04:13:37.485827446
60279.17613988226,5.0,0.0,0.019801980198019802,2023-12-01 04:13:38.485826969
60279.17615145634,5.0,0.0,0.019801980198019802,2023-12-01 04:13:39.485827923
60279.17616303041,5.0,0.0,0.019801980198019802,2023-12-01 04:13:40.485827446
60279.17617460448,5.0,2.23606797749979,0.019801980198019802,2023-12-01 04:13:41.485826969
60279.176186178556,3.5,0.0,0.012376237623762377,2023-12-01 04:13:42.485827208
60279.17619775263,2.0,1.4142135623730951,0.0049504950495049506,2023-12-01 04:13:43.485827446
60279.1762093267,1.75,0.0,0.0037128712871287136,2023-12-01 04:13:44.485827208
60279.17622090078,1.5,0.0,0.002475247524752475,2023-12-01 04:13:45.485827446
60279.176232474856,1.25,0.0,0.0012376237623762379,2023-12-01 04:13:46.485827446
60279.176244048926,1.0,1.0,0.0,2023-12-01 04:13:47.485827208
60279.176255623,1.0,1.0,0.0,2023-12-01 04:13:48.485827446
60279.17626719708,2.2,0.0,0.0059405940594059415,2023-12-01 04:13:49.485827684
60279.17627877115,3.4,0.0,0.011881188118811881,2023-12-01 04:13:50.485827208
60279.176290345225,4.6,0.0,0.01782178217821782,2023-12-01 04:13:51.485827446
60279.1763019193,5.8,0.0,0.02376237623762376,2023-12-01 04:13:52.485827684
60279.17631349337,7.0,2.6457513110645907,0.029702970297029705,2023-12-01 04:13:53.485827208
60279.17632506744,7.25,0.0,0.030940594059405937,2023-12-01 04:13:54.485826969
60279.176336641525,7.5,0.0,0.03217821782178218,2023-12-01 04:13:55.485827684
60279.176348215595,7.75,0.0,0.03341584158415842,2023-12-01 04:13:56.485827446
60279.176359789664,8.0,0.0,0.034653465346534656,2023-12-01 04:13:57.485826969
60279.17637136375,8.25,0.0,0.035891089108910895,2023-12-01 04:13:58.485827923
60279.17638293782,8.5,0.0,0.037128712871287134,2023-12-01 04:13:59.485827446
60279.17639451189,8.75,0.0,0.03836633663366337,2023-12-01 04:14:00.485826969
60279.176406085964,9.0,3.0,0.039603960396039604,2023-12-01 04:14:01.485827208
60279.17641766004,8.625,0.0,0.03774752475247525,2023-12-01 04:14:02.485827446
60279.17642923411,8.25,0.0,0.035891089108910895,2023-12-01 04:14:03.485827208
60279.17644080819,7.875,0.0,0.03403465346534654,2023-12-01 04:14:04.485827446
60279.176452382264,7.5,0.0,0.03217821782178218,2023-12-01 04:14:05.485827684
60279.17646395633,7.125,0.0,0.030321782178217824,2023-12-01 04:14:06.485827208
60279.17647553041,6.75,0.0,0.028465346534653466,2023-12-01 04:14:07.485827446
60279.17648710449,6.375,0.0,0.026608910891089108,2023-12-01 04:14:08.485827684
60279.17649867856,6.0,2.449489742783178,0.02475247524752475,2023-12-01 04:14:09.485827208
60279.176510252626,5.75,0.0,0.023514851485148515,2023-12-01 04:14:10.485826969
60279.17652182671,5.5,0.0,0.022277227722772276,2023-12-01 04:14:11.485827684
60279.17653340078,5.25,0.0,0.021039603960396037,2023-12-01 04:14:12.485827446
60279.17654497485,5.0,0.0,0.019801980198019802,2023-12-01 04:14:13.485826969
60279.17655654893,4.75,0.0,0.018564356435643563,2023-12-01 04:14:14.485827923
60279.176568123,4.5,0.0,0.017326732673267325,2023-12-01 04:14:15.485827446
60279.17657969707,4.25,0.0,0.01608910891089109,2023-12-01 04:14:16.485826969
60279.17659127115,4.0,2.0,0.01485148514851485,2023-12-01 04:14:17.485827208
60279.176602845226,3.7142857142857144,0.0,0.013437057991513436,2023-12-01 04:14:18.485827446
60279.176614419295,3.428571428571429,0.0,0.012022630834512025,2023-12-01 04:14:19.485827208
60279.17662599337,3.142857142857143,0.0,0.010608203677510607,2023-12-01 04:14:20.485827446
60279.17663756745,2.857142857142857,0.0,0.009193776520509195,2023-12-01 04:14:21.485827684
60279.17664914152,2.5714285714285716,0.0,0.00777934936350778,2023-12-01 04:14:22.485827208
60279.176660715595,2.2857142857142856,0.0,0.0063649222065063635,2023-12-01 04:14:23.485827446
60279.17667228967,2.0,1.4142135623730951,0.0049504950495049506,2023-12-01 04:14:24.485827684
60279.17668386374,2.6666666666666665,0.0,0.00825082508250825,2023-12-01 04:14:25.485827208
60279.17669543782,3.333333333333333,0.0,0.011551155115511549,2023-12-01 04:14:26.485827446
60279.176707011895,4.0,0.0,0.01485148514851485,2023-12-01 04:14:27.485827684
60279.176718585964,4.666666666666666,0.0,0.01815181518151815,2023-12-01 04:14:28.485827208
60279.176730160034,5.333333333333333,0.0,0.02145214521452145,2023-12-01 04:14:29.485826969
60279.17674173412,6.0,2.449489742783178,0.02475247524752475,2023-12-01 04:14:30.485827684
60279.17675330819,5.166666666666667,0.0,0.020627062706270627,2023-12-01 04:14:31.485827446
60279.17676488226,4.333333333333333,0.0,0.0165016501650165,2023-12-01 04:14:32.485826969
60279.17677645634,3.5,0.0,0.012376237623762377,2023-12-01 04:14:33.485827923
60279.17678803041,2.6666666666666665,0.0,0.00825082508250825,2023-12-01 04:14:34.485827446
60279.17679960448,1.833333333333333,0.0,0.004125412541254124,2023-12-01 04:14:35.485826969
60279.17681117856,1.0,1.0,0.0,2023-12-01 04:14:36.485827208
60279.17682275263,4.0,2.0,0.01485148514851485,2023-12-01 04:14:37.485827446
60279.1768343267,4.25,0.0,0.01608910891089109,2023-12-01 04:14:38.485827208
60279.17684590078,4.5,0.0,0.017326732673267325,2023-12-01 04:14:39.485827446
60279.17685747486,4.75,0.0,0.018564356435643563,2023-12-01 04:14:40.485827684
60279.176869048926,5.0,0.0,0.019801980198019802,2023-12-01 04:14:41.485827208
60279.176880623,5.25,0.0,0.021039603960396037,2023-12-01 04:14:42.485827446
60279.17689219708,5.5,0.0,0.022277227722772276,2023-12-01 04:14:43.485827684
60279.17690377115,5.75,0.0,0.023514851485148515,2023-12-01 04:14:44.485827208
60279.17691534522,6.0,2.449489742783178,0.02475247524752475,2023-12-01 04:14:45.485826969
60279.1769269193,5.0,0.0,0.019801980198019802,2023-12-01 04:14:46.485827684
60279.17693849337,4.0,0.0,0.01485148514851485,2023-12-01 04:14:47.485827446
60279.17695006744,3.0,0.0,0.0099009900990099,2023-12-01 04:14:48.485826969
60279.176961641526,2.0,0.0,0.0049504950495049506,2023-12-01 04:14:49.485827923
60279.176973215595,1.0,1.0,0.0,2023-12-01 04:14:50.485827446
60279.176984789665,4.0,2.0,0.01485148514851485,2023-12-01 04:14:51.485826969
60279.17699636374,3.6,0.0,0.012871287128712872,2023-12-01 04:14:52.485827208
60279.17700793782,3.2,0.0,0.01089108910891089,2023-12-01 04:14:53.485827446
60279.17701951189,2.8,0.0,0.008910891089108908,2023-12-01 04:14:54.485827208
60279.177031085965,2.4,0.0,0.006930693069306931,2023-12-01 04:14:55.485827446
60279.17704266004,2.0,1.4142135623730951,0.0049504950495049506,2023-12-01 04:14:56.485827684
60279.17705423411,1.0,1.0,0.0,2023-12-01 04:14:57.485827208
60279.17706580819,1.0,0.0,0.0,2023-12-01 04:14:58.485827446
60279.177077382265,1.0,0.0,0.0,2023-12-01 04:14:59.485827684
60279.177088956334,1.0,0.0,0.0,2023-12-01 04:15:00.485827208
60279.1771005304,1.0,0.0,0.0,2023-12-01 04:15:01.485826969
60279.17711210449,1.0,0.0,0.0,2023-12-01 04:15:02.485827684
60279.17712367856,1.0,1.0,0.0,2023-12-01 04:15:03.485827446
60279.17713525263,1.125,0.0,0.0006188118811881185,2023-12-01 04:15:04.485826969
60279.17714682671,1.25,0.0,0.0012376237623762379,2023-12-01 04:15:05.485827684
60279.17715840078,1.375,0.0,0.0018564356435643563,2023-12-01 04:15:06.485827446
60279.17716997485,1.5,0.0,0.002475247524752475,2023-12-01 04:15:07.485826969
60279.177181548934,1.625,0.0,0.003094059405940594,2023-12-01 04:15:08.485827923
60279.177193123,1.75,0.0,0.0037128712871287136,2023-12-01 04:15:09.485827446
60279.17720469707,1.875,0.0,0.004331683168316831,2023-12-01 04:15:10.485826969
60279.17721627115,2.0,1.4142135623730951,0.0049504950495049506,2023-12-01 04:15:11.485827208
60279.177227845226,1.5,0.0,0.002475247524752475,2023-12-01 04:15:12.485827446
60279.177239419296,1.0,1.0,0.0,2023-12-01 04:15:13.485827208
60279.17725099337,1.5,0.0,0.002475247524752475,2023-12-01 04:15:14.485827446
60279.17726256745,2.0,0.0,0.0049504950495049506,2023-12-01 04:15:15.485827684
60279.17727414152,2.5,0.0,0.007425742574257426,2023-12-01 04:15:16.485827208
60279.177285715596,3.0,1.7320508075688772,0.0099009900990099,2023-12-01 04:15:17.485827446
60279.17729728967,1.0,1.0,0.0,2023-12-01 04:15:18.485827684
60279.17730886374,1.3333333333333333,0.0,0.0016501650165016502,2023-12-01 04:15:19.485827208
60279.17732043781,1.6666666666666665,0.0,0.0033003300330032995,2023-12-01 04:15:20.485826969
60279.177332011895,2.0,1.4142135623730951,0.0049504950495049506,2023-12-01 04:15:21.485827684
60279.177343585965,2.0,0.0,0.0049504950495049506,2023-12-01 04:15:22.485827446
60279.177355160034,2.0,1.4142135623730951,0.0049504950495049506,2023-12-01 04:15:23.485826969
60279.17736673412,2.8,0.0,0.008910891089108908,2023-12-01 04:15:24.485827923
60279.17737830819,3.6,0.0,0.012871287128712872,2023-12-01 04:15:25.485827446
60279.17738988226,4.4,0.0,0.016831683168316833,2023-12-01 04:15:26.485826969
60279.177401456334,5.2,0.0,0.020792079207920793,2023-12-01 04:15:27.485827208
60279.17741303041,6.0,2.449489742783178,0.02475247524752475,2023-12-01 04:15:28.485827446
60279.17742460448,5.333333333333333,0.0,0.02145214521452145,2023-12-01 04:15:29.485827208
60279.17743617856,4.666666666666667,0.0,0.018151815181518153,2023-12-01 04:15:30.485827446
60279.177447752634,4.0,0.0,0.01485148514851485,2023-12-01 04:15:31.485827684
60279.177459326704,3.3333333333333335,0.0,0.011551155115511552,2023-12-01 04:15:32.485827208
60279.17747090078,2.666666666666667,0.0,0.008250825082508254,2023-12-01 04:15:33.485827446
60279.17748247486,2.0,1.4142135623730951,0.0049504950495049506,2023-12-01 04:15:34.485827684
60279.17749404893,1.8333333333333333,0.0,0.004125412541254126,2023-12-01 04:15:35.485827208
60279.177505622996,1.6666666666666667,0.0,0.0033003300330033012,2023-12-01 04:15:36.485826969
60279.17751719708,1.5,0.0,0.002475247524752475,2023-12-01 04:15:37.485827684
60279.17752877115,1.3333333333333335,0.0,0.001650165016501651,2023-12-01 04:15:38.485827446
60279.17754034522,1.1666666666666667,0.0,0.0008250825082508255,2023-12-01 04:15:39.485826969
60279.1775519193,1.0,1.0,0.0,2023-12-01 04:15:40.485827923
60279.17756349337,3.0,0.0,0.0099009900990099,2023-12-01 04:15:41.485827446
60279.17757506744,5.0,2.23606797749979,0.019801980198019802,2023-12-01 04:15:42.485826969
60279.17758664153,4.0,0.0,0.01485148514851485,2023-12-01 04:15:43.485827923
60279.177598215596,3.0,0.0,0.0099009900990099,2023-12-01 04:15:44.485827446
60279.177609789665,2.0,0.0,0.0049504950495049506,2023-12-01 04:15:45.485827208
60279.17762136374,1.0,1.0,0.0,2023-12-01 04:15:46.485827446
60279.17763293782,1.0,0.0,0.0,2023-12-01 04:15:47.485827446
60279.17764451189,1.0,1.0,0.0,2023-12-01 04:15:48.485827208
60279.177656085965,1.7142857142857144,0.0,0.0035360678925035376,2023-12-01 04:15:49.485827446
60279.17766766004,2.428571428571429,0.0,0.007072135785007074,2023-12-01 04:15:50.485827684
60279.17767923411,3.142857142857143,0.0,0.010608203677510607,2023-12-01 04:15:51.485827208
60279.17769080819,3.857142857142857,0.0,0.014144271570014143,2023-12-01 04:15:52.485827446
60279.177702382265,4.571428571428571,0.0,0.017680339462517677,2023-12-01 04:15:53.485827684
60279.177713956335,5.285714285714286,0.0,0.021216407355021213,2023-12-01 04:15:54.485827208
60279.177725530404,6.0,2.449489742783178,0.02475247524752475,2023-12-01 04:15:55.485826969
60279.17773710449,2.0,1.4142135623730951,0.0049504950495049506,2023-12-01 04:15:56.485827684
60279.17774867856,2.3333333333333335,0.0,0.006600660066006602,2023-12-01 04:15:57.485827446
60279.17776025263,2.6666666666666665,0.0,0.00825082508250825,2023-12-01 04:15:58.485826969
60279.17777182671,3.0,0.0,0.0099009900990099,2023-12-01 04:15:59.485827923
60279.17778340078,3.333333333333333,0.0,0.011551155115511549,2023-12-01 04:16:00.485827446
60279.17779497485,3.6666666666666665,0.0,0.013201320132013201,2023-12-01 04:16:01.485826969
60279.17780654893,4.0,2.0,0.01485148514851485,2023-12-01 04:16:02.485827208
60279.177818123004,1.0,1.0,0.0,2023-12-01 04:16:03.485827446
60279.17782969707,1.8,0.0,0.003960396039603961,2023-12-01 04:16:04.485827208
60279.17784127115,2.6,0.0,0.007920792079207921,2023-12-01 04:16:05.485827446
60279.17785284523,3.4000000000000004,0.0,0.011881188118811881,2023-12-01 04:16:06.485827684
60279.1778644193,4.2,0.0,0.015841584158415842,2023-12-01 04:16:07.485827208
60279.17787599337,5.0,2.23606797749979,0.019801980198019802,2023-12-01 04:16:08.485827446
60279.17788756745,2.0,1.4142135623730951,0.0049504950495049506,2023-12-01 04:16:09.485827684
60279.17789914152,2.7142857142857144,0.0,0.008486562942008488,2023-12-01 04:16:10.485827208
60279.17791071559,3.428571428571429,0.0,0.012022630834512025,2023-12-01 04:16:11.485826969
60279.17792228967,4.142857142857142,0.0,0.015558698727015555,2023-12-01 04:16:12.485827684
60279.17793386374,4.857142857142858,0.0,0.0190947666195191,2023-12-01 04:16:13.485827446
60279.17794543781,5.571428571428571,0.0,0.022630834512022628,2023-12-01 04:16:14.485826969
60279.177957011896,6.285714285714286,0.0,0.026166902404526165,2023-12-01 04:16:15.485827923
60279.177968585966,7.0,2.6457513110645907,0.029702970297029705,2023-12-01 04:16:16.485827446
60279.177980160035,4.5,0.0,0.017326732673267325,2023-12-01 04:16:17.485826969
60279.17799173411,2.0,1.4142135623730951,0.0049504950495049506,2023-12-01 04:16:18.485827208
60279.17800330819,2.3333333333333335,0.0,0.006600660066006602,2023-12-01 04:16:19.485827446
60279.17801488226,2.6666666666666665,0.0,0.00825082508250825,2023-12-01 04:16:20.485827208
60279.178026456335,3.0,1.7320508075688772,0.0099009900990099,2023-12-01 04:16:21.485827446
60279.17803803041,3.5,0.0,0.012376237623762377,2023-12-01 04:16:22.485827684
60279.17804960448,4.0,2.0,0.01485148514851485,2023-12-01 04:16:23.485827208
60279.17806117856,5.0,0.0,0.019801980198019802,2023-12-01 04:16:24.485827446
60279.178072752635,6.0,0.0,0.02475247524752475,2023-12-01 04:16:25.485827684
60279.178084326704,7.0,0.0,0.029702970297029705,2023-12-01 04:16:26.485827208
60279.17809590078,8.0,0.0,0.034653465346534656,2023-12-01 04:16:27.485827446
60279.17810747486,9.0,0.0,0.039603960396039604,2023-12-01 04:16:28.485827684
60279.17811904893,10.0,3.1622776601683795,0.04455445544554456,2023-12-01 04:16:29.485827208
60279.178130623,9.375,0.0,0.04146039603960396,2023-12-01 04:16:30.485826969
60279.17814219708,8.75,0.0,0.03836633663366337,2023-12-01 04:16:31.485827684
60279.17815377115,8.125,0.0,0.035272277227722776,2023-12-01 04:16:32.485827446
60279.17816534522,7.5,0.0,0.03217821782178218,2023-12-01 04:16:33.485826969
60279.178176919304,6.875,0.0,0.029084158415841586,2023-12-01 04:16:34.485827923
60279.17818849337,6.25,0.0,0.02599009900990099,2023-12-01 04:16:35.485827446
60279.17820006744,5.625,0.0,0.022896039603960396,2023-12-01 04:16:36.485826969
60279.17821164152,5.0,2.23606797749979,0.019801980198019802,2023-12-01 04:16:37.485827208
60279.1782232156,8.0,2.8284271247461903,0.034653465346534656,2023-12-01 04:16:38.485827446
60279.178234789666,8.428571428571429,0.0,0.03677510608203678,2023-12-01 04:16:39.485827208
60279.17824636374,8.857142857142858,0.0,0.0388967468175389,2023-12-01 04:16:40.485827446
60279.17825793782,9.285714285714285,0.0,0.04101838755304102,2023-12-01 04:16:41.485827684
60279.17826951189,9.714285714285714,0.0,0.04314002828854314,2023-12-01 04:16:42.485827208
60279.178281085966,10.142857142857142,0.0,0.04526166902404526,2023-12-01 04:16:43.485827446
60279.17829266004,10.571428571428571,0.0,0.04738330975954738,2023-12-01 04:16:44.485827684
60279.17830423411,11.0,3.3166247903554,0.04950495049504951,2023-12-01 04:16:45.485827208
60279.17831580818,10.8,0.0,0.04851485148514852,2023-12-01 04:16:46.485826969
60279.178327382266,10.6,0.0,0.047524752475247525,2023-12-01 04:16:47.485827684
60279.178338956335,10.4,0.0,0.04653465346534654,2023-12-01 04:16:48.485827446
60279.178350530405,10.2,0.0,0.04554455445544554,2023-12-01 04:16:49.485826969
60279.17836210449,10.0,3.1622776601683795,0.04455445544554456,2023-12-01 04:16:50.485827923
60279.17837367856,4.0,2.0,0.01485148514851485,2023-12-01 04:16:51.485827446
60279.17838525263,6.166666666666666,0.0,0.025577557755775575,2023-12-01 04:16:52.485826969
60279.178396826705,8.333333333333332,0.0,0.0363036303630363,2023-12-01 04:16:53.485827208
60279.17840840078,10.5,0.0,0.04702970297029703,2023-12-01 04:16:54.485827446
60279.17841997485,12.666666666666666,0.0,0.057755775577557754,2023-12-01 04:16:55.485827208
60279.17843154893,14.833333333333332,0.0,0.06848184818481848,2023-12-01 04:16:56.485827446
60279.178443123004,17.0,4.123105625617661,0.07920792079207921,2023-12-01 04:16:57.485827684
60279.178454697074,16.5,0.0,0.07673267326732673,2023-12-01 04:16:58.485827208
60279.17846627115,16.0,0.0,0.07425742574257425,2023-12-01 04:16:59.485827446
60279.17847784523,15.5,0.0,0.07178217821782178,2023-12-01 04:17:00.485827684
60279.1784894193,15.0,0.0,0.0693069306930693,2023-12-01 04:17:01.485827208
60279.17850099337,14.5,0.0,0.06683168316831682,2023-12-01 04:17:02.485826969
60279.17851256745,14.0,0.0,0.06435643564356436,2023-12-01 04:17:03.485827684
60279.17852414152,13.5,0.0,0.06188118811881189,2023-12-01 04:17:04.485827446
60279.17853571559,13.0,3.605551275463989,0.05940594059405941,2023-12-01 04:17:05.485826969
60279.17854728967,12.75,0.0,0.05816831683168317,2023-12-01 04:17:06.485827684
60279.17855886374,12.5,0.0,0.05693069306930693,2023-12-01 04:17:07.485827446
60279.17857043781,12.25,0.0,0.055693069306930694,2023-12-01 04:17:08.485826969
60279.1785820119,12.0,3.4641016151377544,0.054455445544554455,2023-12-01 04:17:09.485827923
60279.178593585966,6.5,0.0,0.027227722772277228,2023-12-01 04:17:10.485827446
60279.178605160036,1.0,1.0,0.0,2023-12-01 04:17:11.485826969
60279.17861673411,3.5,0.0,0.012376237623762377,2023-12-01 04:17:12.485827208
60279.17862830819,6.0,0.0,0.02475247524752475,2023-12-01 04:17:13.485827446
60279.17863988226,8.5,0.0,0.037128712871287134,2023-12-01 04:17:14.485827208
60279.178651456336,11.0,0.0,0.04950495049504951,2023-12-01 04:17:15.485827446
60279.17866303041,13.5,0.0,0.06188118811881189,2023-12-01 04:17:16.485827684
60279.17867460448,16.0,4.0,0.07425742574257425,2023-12-01 04:17:17.485827208
60279.17868617856,15.5,0.0,0.07178217821782178,2023-12-01 04:17:18.485827446
60279.178697752635,15.0,0.0,0.0693069306930693,2023-12-01 04:17:19.485827684
60279.178709326705,14.5,0.0,0.06683168316831682,2023-12-01 04:17:20.485827208
60279.178720900774,14.0,0.0,0.06435643564356436,2023-12-01 04:17:21.485826969
60279.17873247486,13.5,0.0,0.06188118811881189,2023-12-01 04:17:22.485827684
60279.17874404893,13.0,0.0,0.05940594059405941,2023-12-01 04:17:23.485827446
60279.178755623,12.5,0.0,0.05693069306930693,2023-12-01 04:17:24.485826969
60279.17876719708,12.0,3.4641016151377544,0.054455445544554455,2023-12-01 04:17:25.485827923
60279.17877877115,12.0,0.0,0.054455445544554455,2023-12-01 04:17:26.485827446
60279.17879034522,12.0,0.0,0.054455445544554455,2023-12-01 04:17:27.485826969
60279.1788019193,12.0,0.0,0.054455445544554455,2023-12-01 04:17:28.485827208
60279.178813493374,12.0,0.0,0.054455445544554455,2023-12-01 04:17:29.485827446
60279.17882506744,12.0,3.4641016151377544,0.054455445544554455,2023-12-01 04:17:30.485827208
60279.17883664152,11.666666666666666,0.0,0.052805280528052806,2023-12-01 04:17:31.485827446
60279.1788482156,11.333333333333334,0.0,0.051155115511551164,2023-12-01 04:17:32.485827684
60279.17885978967,11.0,0.0,0.04950495049504951,2023-12-01 04:17:33.485827208
60279.17887136374,10.666666666666666,0.0,0.04785478547854786,2023-12-01 04:17:34.485827446
60279.17888293782,10.333333333333334,0.0,0.04620462046204621,2023-12-01 04:17:35.485827684
60279.17889451189,10.0,3.1622776601683795,0.04455445544554456,2023-12-01 04:17:36.485827208
60279.17890608596,9.714285714285714,0.0,0.04314002828854314,2023-12-01 04:17:37.485826969
60279.17891766004,9.428571428571429,0.0,0.04172560113154173,2023-12-01 04:17:38.485827684
60279.17892923411,9.142857142857142,0.0,0.04031117397454031,2023-12-01 04:17:39.485827446
60279.17894080818,8.857142857142858,0.0,0.0388967468175389,2023-12-01 04:17:40.485826969
60279.178952382266,8.571428571428571,0.0,0.037482319660537486,2023-12-01 04:17:41.485827923
60279.178963956336,8.285714285714286,0.0,0.03606789250353608,2023-12-01 04:17:42.485827446
60279.178975530405,8.0,2.8284271247461903,0.034653465346534656,2023-12-01 04:17:43.485826969
60279.17898710449,10.0,3.1622776601683795,0.04455445544554456,2023-12-01 04:17:44.485827923
60279.17899867856,9.714285714285714,0.0,0.04314002828854314,2023-12-01 04:17:45.485827446
60279.17901025263,9.428571428571429,0.0,0.04172560113154173,2023-12-01 04:17:46.485827208
60279.179021826705,9.142857142857142,0.0,0.04031117397454031,2023-12-01 04:17:47.485827208
60279.17903340078,8.857142857142858,0.0,0.0388967468175389,2023-12-01 04:17:48.485827446
60279.17904497485,8.571428571428571,0.0,0.037482319660537486,2023-12-01 04:17:49.485827208
60279.17905654893,8.285714285714286,0.0,0.03606789250353608,2023-12-01 04:17:50.485827446
60279.179068123005,8.0,2.8284271247461903,0.034653465346534656,2023-12-01 04:17:51.485827684
60279.179079697074,10.0,3.1622776601683795,0.04455445544554456,2023-12-01 04:17:52.485827208
60279.17909127115,10.333333333333334,0.0,0.04620462046204621,2023-12-01 04:17:53.485827446
60279.17910284523,10.666666666666666,0.0,0.04785478547854786,2023-12-01 04:17:54.485827684
60279.1791144193,11.0,0.0,0.04950495049504951,2023-12-01 04:17:55.485827208
60279.17912599337,11.333333333333334,0.0,0.051155115511551164,2023-12-01 04:17:56.485826969
60279.17913756745,11.666666666666666,0.0,0.052805280528052806,2023-12-01 04:17:57.485827684
60279.17914914152,12.0,3.4641016151377544,0.054455445544554455,2023-12-01 04:17:58.485827446
60279.17916071559,8.0,2.8284271247461903,0.034653465346534656,2023-12-01 04:17:59.485826969
60279.179172289674,7.25,0.0,0.030940594059405937,2023-12-01 04:18:00.485827923
60279.179183863744,6.5,0.0,0.027227722772277228,2023-12-01 04:18:01.485827446
60279.17919543781,5.75,0.0,0.023514851485148515,2023-12-01 04:18:02.485826969
60279.17920701189,5.0,2.23606797749979,0.019801980198019802,2023-12-01 04:18:03.485827208
60279.17921858597,10.5,0.0,0.04702970297029703,2023-12-01 04:18:04.485827446
60279.179230160036,16.0,4.0,0.07425742574257425,2023-12-01 04:18:05.485827208
60279.17924173411,15.5,0.0,0.07178217821782178,2023-12-01 04:18:06.485827446
60279.17925330819,15.0,0.0,0.0693069306930693,2023-12-01 04:18:07.485827684
60279.17926488226,14.5,0.0,0.06683168316831682,2023-12-01 04:18:08.485827208
60279.179276456336,14.0,0.0,0.06435643564356436,2023-12-01 04:18:09.485827446
60279.17928803041,13.5,0.0,0.06188118811881189,2023-12-01 04:18:10.485827684
60279.17929960448,13.0,3.605551275463989,0.05940594059405941,2023-12-01 04:18:11.485827208
60279.17931117855,8.0,0.0,0.034653465346534656,2023-12-01 04:18:12.485826969
60279.179322752636,3.0,1.7320508075688772,0.0099009900990099,2023-12-01 04:18:13.485827684
60279.179334326705,6.0,0.0,0.02475247524752475,2023-12-01 04:18:14.485827446
60279.179345900775,9.0,0.0,0.039603960396039604,2023-12-01 04:18:15.485826969
60279.17935747486,12.0,3.4641016151377544,0.054455445544554455,2023-12-01 04:18:16.485827923
60279.17936904893,9.5,0.0,0.04207920792079208,2023-12-01 04:18:17.485827446
60279.179380623,7.0,2.6457513110645907,0.029702970297029705,2023-12-01 04:18:18.485826969
60279.179392197075,10.2,0.0,0.04554455445544554,2023-12-01 04:18:19.485827208
60279.17940377115,13.4,0.0,0.06138613861386139,2023-12-01 04:18:20.485827446
60279.17941534522,16.6,0.0,0.07722772277227723,2023-12-01 04:18:21.485827208
60279.1794269193,19.8,0.0,0.09306930693069307,2023-12-01 04:18:22.485827446
60279.179438493375,23.0,4.795831523312719,0.10891089108910891,2023-12-01 04:18:23.485827684
60279.179450067444,5.0,2.23606797749979,0.019801980198019802,2023-12-01 04:18:24.485827208
60279.17946164152,5.6,0.0,0.022772277227722768,2023-12-01 04:18:25.485827446
60279.1794732156,6.2,0.0,0.025742574257425745,2023-12-01 04:18:26.485827684
60279.17948478967,6.8,0.0,0.028712871287128714,2023-12-01 04:18:27.485827208
60279.179496363744,7.4,0.0,0.03168316831683169,2023-12-01 04:18:28.485827446
60279.17950793782,8.0,2.8284271247461903,0.034653465346534656,2023-12-01 04:18:29.485827684
60279.17951951189,7.0,2.6457513110645907,0.029702970297029705,2023-12-01 04:18:30.485827208
60279.17953108596,8.0,0.0,0.034653465346534656,2023-12-01 04:18:31.485826969
60279.179542660044,9.0,0.0,0.039603960396039604,2023-12-01 04:18:32.485827684
60279.17955423411,10.0,0.0,0.04455445544554456,2023-12-01 04:18:33.485827446
60279.17956580818,11.0,0.0,0.04950495049504951,2023-12-01 04:18:34.485826969
60279.17957738227,12.0,0.0,0.054455445544554455,2023-12-01 04:18:35.485827923
60279.17958895634,13.0,0.0,0.05940594059405941,2023-12-01 04:18:36.485827446
60279.179600530406,14.0,0.0,0.06435643564356436,2023-12-01 04:18:37.485826969
60279.17961210448,15.0,3.872983346207417,0.0693069306930693,2023-12-01 04:18:38.485827208
60279.17962367856,15.166666666666666,0.0,0.07013201320132012,2023-12-01 04:18:39.485827446
60279.17963525263,15.333333333333334,0.0,0.07095709570957096,2023-12-01 04:18:40.485827208
60279.179646826706,15.5,0.0,0.07178217821782178,2023-12-01 04:18:41.485827446
60279.17965840078,15.666666666666666,0.0,0.0726072607260726,2023-12-01 04:18:42.485827684
60279.17966997485,15.833333333333334,0.0,0.07343234323432343,2023-12-01 04:18:43.485827208
60279.17968154893,16.0,4.0,0.07425742574257425,2023-12-01 04:18:44.485827446
60279.179693123006,1.0,1.0,0.0,2023-12-01 04:18:45.485827684
60279.179704697075,5.6,0.0,0.022772277227722768,2023-12-01 04:18:46.485827208
60279.179716271145,10.2,0.0,0.04554455445544554,2023-12-01 04:18:47.485826969
60279.17972784523,14.799999999999999,0.0,0.06831683168316831,2023-12-01 04:18:48.485827684
60279.1797394193,19.4,0.0,0.09108910891089107,2023-12-01 04:18:49.485827446
60279.17975099337,24.0,4.898979485566356,0.11386138613861385,2023-12-01 04:18:50.485826969
60279.17976256745,12.5,0.0,0.05693069306930693,2023-12-01 04:18:51.485827923
60279.17977414152,1.0,1.0,0.0,2023-12-01 04:18:52.485827446
60279.17978571559,6.75,0.0,0.028465346534653466,2023-12-01 04:18:53.485826969
60279.17979728967,12.5,0.0,0.05693069306930693,2023-12-01 04:18:54.485827208
60279.179808863744,18.25,0.0,0.08539603960396039,2023-12-01 04:18:55.485827446
60279.179820437814,24.0,4.898979485566356,0.11386138613861385,2023-12-01 04:18:56.485827208
60279.17983201189,20.8,0.0,0.09801980198019802,2023-12-01 04:18:57.485827446
60279.17984358597,17.6,0.0,0.08217821782178218,2023-12-01 04:18:58.485827684
60279.17985516004,14.399999999999999,0.0,0.06633663366336633,2023-12-01 04:18:59.485827208
60279.17986673411,11.2,0.0,0.05049504950495049,2023-12-01 04:19:00.485827446
60279.17987830819,8.0,2.8284271247461903,0.034653465346534656,2023-12-01 04:19:01.485827684
60279.17988988226,10.0,0.0,0.04455445544554456,2023-12-01 04:19:02.485827208
60279.17990145633,12.0,3.4641016151377544,0.054455445544554455,2023-12-01 04:19:03.485826969
60279.17991303041,14.8,0.0,0.06831683168316832,2023-12-01 04:19:04.485827684
60279.17992460448,17.6,0.0,0.08217821782178218,2023-12-01 04:19:05.485827446
60279.17993617855,20.4,0.0,0.09603960396039603,2023-12-01 04:19:06.485826969
60279.17994775264,23.2,0.0,0.10990099009900989,2023-12-01 04:19:07.485827684
60279.179959326706,26.0,5.0990195135927845,0.12376237623762376,2023-12-01 04:19:08.485827446
60279.179970900776,13.5,0.0,0.06188118811881189,2023-12-01 04:19:09.485826969
60279.17998247486,1.0,1.0,0.0,2023-12-01 04:19:10.485827923
60279.17999404893,2.0,0.0,0.0049504950495049506,2023-12-01 04:19:11.485827446
60279.180005623,3.0,0.0,0.0099009900990099,2023-12-01 04:19:12.485826969
60279.180017197075,4.0,0.0,0.01485148514851485,2023-12-01 04:19:13.485827208
60279.18002877115,5.0,0.0,0.019801980198019802,2023-12-01 04:19:14.485827446
60279.18004034522,6.0,2.449489742783178,0.02475247524752475,2023-12-01 04:19:15.485827208
60279.1800519193,8.0,2.8284271247461903,0.034653465346534656,2023-12-01 04:19:16.485827446
60279.180063493375,13.333333333333332,0.0,0.06105610561056105,2023-12-01 04:19:17.485827684
60279.180075067445,18.666666666666664,0.0,0.08745874587458745,2023-12-01 04:19:18.485827208
60279.18008664152,24.0,0.0,0.11386138613861385,2023-12-01 04:19:19.485827446
60279.1800982156,29.333333333333332,0.0,0.14026402640264027,2023-12-01 04:19:20.485827684
60279.18010978967,34.666666666666664,0.0,0.16666666666666666,2023-12-01 04:19:21.485827208
60279.18012136374,40.0,6.324555320336759,0.19306930693069307,2023-12-01 04:19:22.485826969
60279.18013293782,27.0,0.0,0.12871287128712872,2023-12-01 04:19:23.485827684
60279.18014451189,14.0,0.0,0.06435643564356436,2023-12-01 04:19:24.485827446
60279.18015608596,1.0,1.0,0.0,2023-12-01 04:19:25.485826969
60279.180167660044,10.0,0.0,0.04455445544554456,2023-12-01 04:19:26.485827923
60279.180179234114,19.0,4.358898943540674,0.0891089108910891,2023-12-01 04:19:27.485827446
60279.18019080818,14.5,0.0,0.06683168316831682,2023-12-01 04:19:28.485826969
60279.18020238226,10.0,3.1622776601683795,0.04455445544554456,2023-12-01 04:19:29.485827208
60279.18021395634,14.0,0.0,0.06435643564356436,2023-12-01 04:19:30.485827446
60279.18022553041,18.0,0.0,0.08415841584158415,2023-12-01 04:19:31.485827208
60279.18023710448,22.0,0.0,0.10396039603960396,2023-12-01 04:19:32.485827446
60279.18024867856,26.0,0.0,0.12376237623762376,2023-12-01 04:19:33.485827684
60279.18026025263,30.0,0.0,0.14356435643564355,2023-12-01 04:19:34.485827208
60279.180271826706,34.0,0.0,0.16336633663366337,2023-12-01 04:19:35.485827446
60279.18028340078,38.0,6.164414002968976,0.18316831683168316,2023-12-01 04:19:36.485827684
60279.18029497485,32.666666666666664,0.0,0.15676567656765675,2023-12-01 04:19:37.485827208
60279.18030654892,27.333333333333336,0.0,0.13036303630363036,2023-12-01 04:19:38.485826969
60279.180318123006,22.0,0.0,0.10396039603960396,2023-12-01 04:19:39.485827684
60279.180329697076,16.666666666666668,0.0,0.07755775577557757,2023-12-01 04:19:40.485827446
60279.180341271145,11.333333333333336,0.0,0.05115511551155117,2023-12-01 04:19:41.485826969
60279.18035284523,6.0,2.449489742783178,0.02475247524752475,2023-12-01 04:19:42.485827923
60279.1803644193,36.0,6.0,0.17326732673267325,2023-12-01 04:19:43.485827446
60279.18037599337,30.333333333333332,0.0,0.1452145214521452,2023-12-01 04:19:44.485826969
60279.18038756745,24.666666666666664,0.0,0.11716171617161715,2023-12-01 04:19:45.485827923
60279.18039914152,19.0,0.0,0.0891089108910891,2023-12-01 04:19:46.485827446
60279.18041071559,13.333333333333332,0.0,0.06105610561056105,2023-12-01 04:19:47.485826969
60279.18042228967,7.666666666666664,0.0,0.03300330033003299,2023-12-01 04:19:48.485827208
60279.180433863745,2.0,1.4142135623730951,0.0049504950495049506,2023-12-01 04:19:49.485827446
60279.180445437814,42.0,6.48074069840786,0.20297029702970296,2023-12-01 04:19:50.485827208
60279.18045701189,37.4,0.0,0.1801980198019802,2023-12-01 04:19:51.485827446
60279.18046858597,32.8,0.0,0.1574257425742574,2023-12-01 04:19:52.485827684
60279.18048016004,28.200000000000003,0.0,0.13465346534653466,2023-12-01 04:19:53.485827208
60279.180491734114,23.6,0.0,0.11188118811881188,2023-12-01 04:19:54.485827446
60279.18050330819,19.0,4.358898943540674,0.0891089108910891,2023-12-01 04:19:55.485827684
60279.18051488226,54.0,7.3484692283495345,0.2623762376237624,2023-12-01 04:19:56.485827208
60279.18052645633,47.8,0.0,0.23168316831683167,2023-12-01 04:19:57.485826969
60279.180538030414,41.6,0.0,0.200990099009901,2023-12-01 04:19:58.485827684
60279.18054960448,35.4,0.0,0.17029702970297028,2023-12-01 04:19:59.485827446
60279.18056117855,29.2,0.0,0.1396039603960396,2023-12-01 04:20:00.485826969
60279.18057275264,23.0,4.795831523312719,0.10891089108910891,2023-12-01 04:20:01.485827923
60279.18058432671,24.0,0.0,0.11386138613861385,2023-12-01 04:20:02.485827446
60279.180595900776,25.0,5.0,0.1188118811881188,2023-12-01 04:20:03.485826969
60279.18060747485,28.833333333333332,0.0,0.1377887788778878,2023-12-01 04:20:04.485827208
60279.18061904893,32.666666666666664,0.0,0.15676567656765675,2023-12-01 04:20:05.485827446
60279.180630623,36.5,0.0,0.17574257425742573,2023-12-01 04:20:06.485827208
60279.180642197076,40.333333333333336,0.0,0.19471947194719472,2023-12-01 04:20:07.485827446
60279.18065377115,44.16666666666667,0.0,0.21369636963696373,2023-12-01 04:20:08.485827684
60279.18066534522,48.0,6.928203230275509,0.23267326732673266,2023-12-01 04:20:09.485827208
60279.1806769193,48.833333333333336,0.0,0.2367986798679868,2023-12-01 04:20:10.485827446
60279.180688493376,49.666666666666664,0.0,0.2409240924092409,2023-12-01 04:20:11.485827684
60279.180700067445,50.5,0.0,0.24504950495049505,2023-12-01 04:20:12.485827208
60279.180711641515,51.333333333333336,0.0,0.2491749174917492,2023-12-01 04:20:13.485826969
60279.1807232156,52.166666666666664,0.0,0.2533003300330033,2023-12-01 04:20:14.485827684
60279.18073478967,53.0,7.280109889280518,0.25742574257425743,2023-12-01 04:20:15.485827446
60279.18074636374,52.0,0.0,0.2524752475247525,2023-12-01 04:20:16.485826969
60279.18075793782,51.0,0.0,0.24752475247524752,2023-12-01 04:20:17.485827923
60279.18076951189,50.0,0.0,0.24257425742574257,2023-12-01 04:20:18.485827446
60279.18078108596,49.0,0.0,0.2376237623762376,2023-12-01 04:20:19.485826969
60279.18079266004,48.0,0.0,0.23267326732673266,2023-12-01 04:20:20.485827208
60279.180804234114,47.0,0.0,0.22772277227722773,2023-12-01 04:20:21.485827446
60279.180815808184,46.0,6.782329983125268,0.22277227722772278,2023-12-01 04:20:22.485827208
60279.18082738226,35.25,0.0,0.16955445544554454,2023-12-01 04:20:23.485827446
60279.18083895634,24.5,0.0,0.11633663366336633,2023-12-01 04:20:24.485827446
60279.18085053041,13.75,0.0,0.06311881188118812,2023-12-01 04:20:25.485827208
60279.180862104484,3.0,1.7320508075688772,0.0099009900990099,2023-12-01 04:20:26.485827446
60279.18087367856,43.0,6.557438524302,0.2079207920792079,2023-12-01 04:20:27.485827684
60279.18088525263,43.5,0.0,0.2103960396039604,2023-12-01 04:20:28.485827208
60279.18089682671,44.0,0.0,0.21287128712871287,2023-12-01 04:20:29.485827446
60279.180908400784,44.5,0.0,0.21534653465346534,2023-12-01 04:20:30.485827684
60279.18091997485,45.0,0.0,0.21782178217821782,2023-12-01 04:20:31.485827208
60279.18093154892,45.5,0.0,0.2202970297029703,2023-12-01 04:20:32.485826969
60279.18094312301,46.0,6.782329983125268,0.22277227722772278,2023-12-01 04:20:33.485827684
60279.180954697076,45.333333333333336,0.0,0.2194719471947195,2023-12-01 04:20:34.485827446
60279.180966271146,44.666666666666664,0.0,0.21617161716171615,2023-12-01 04:20:35.485826969
60279.18097784523,44.0,6.6332495807108,0.21287128712871287,2023-12-01 04:20:36.485827923
60279.1809894193,34.333333333333336,0.0,0.16501650165016502,2023-12-01 04:20:37.485827446
60279.18100099337,24.666666666666668,0.0,0.11716171617161716,2023-12-01 04:20:38.485826969
60279.181012567446,15.0,3.872983346207417,0.0693069306930693,2023-12-01 04:20:39.485827208
60279.18102414152,21.75,0.0,0.10272277227722772,2023-12-01 04:20:40.485827446
60279.18103571559,28.5,0.0,0.13613861386138615,2023-12-01 04:20:41.485827208
60279.18104728967,35.25,0.0,0.16955445544554454,2023-12-01 04:20:42.485827446
60279.181058863745,42.0,6.48074069840786,0.20297029702970296,2023-12-01 04:20:43.485827684
60279.181070437815,36.0,0.0,0.17326732673267325,2023-12-01 04:20:44.485827208
60279.18108201189,30.0,5.477225575051661,0.14356435643564355,2023-12-01 04:20:45.485827446
60279.18109358597,34.75,0.0,0.1670792079207921,2023-12-01 04:20:46.485827684
60279.18110516004,39.5,0.0,0.1905940594059406,2023-12-01 04:20:47.485827208
60279.18111673411,44.25,0.0,0.2141089108910891,2023-12-01 04:20:48.485826969
60279.18112830819,49.0,7.0,0.2376237623762376,2023-12-01 04:20:49.485827684
60279.18113988226,10.0,3.1622776601683795,0.04455445544554456,2023-12-01 04:20:50.485827446
60279.18115145633,21.4,0.0,0.10099009900990098,2023-12-01 04:20:51.485826969
60279.181163030415,32.8,0.0,0.1574257425742574,2023-12-01 04:20:52.485827923
60279.181174604484,44.2,0.0,0.21386138613861388,2023-12-01 04:20:53.485827446
60279.18118617855,55.6,0.0,0.2702970297029703,2023-12-01 04:20:54.485826969
60279.18119775263,67.0,8.18535277187245,0.32673267326732675,2023-12-01 04:20:55.485827208
60279.18120932671,69.66666666666667,0.0,0.33993399339933994,2023-12-01 04:20:56.485827446
60279.18122090078,72.33333333333333,0.0,0.35313531353135313,2023-12-01 04:20:57.485827208
60279.18123247485,75.0,0.0,0.36633663366336633,2023-12-01 04:20:58.485827446
60279.18124404893,77.66666666666667,0.0,0.3795379537953796,2023-12-01 04:20:59.485827684
60279.181255623,80.33333333333333,0.0,0.3927392739273927,2023-12-01 04:21:00.485827208
60279.18126719708,83.0,9.1104335791443,0.40594059405940597,2023-12-01 04:21:01.485827446
60279.18127877115,83.16666666666667,0.0,0.4067656765676568,2023-12-01 04:21:02.485827684
60279.18129034522,83.33333333333333,0.0,0.4075907590759076,2023-12-01 04:21:03.485827208
60279.1813019193,83.5,0.0,0.4084158415841584,2023-12-01 04:21:04.485827446
60279.18131349338,83.66666666666667,0.0,0.40924092409240925,2023-12-01 04:21:05.485827684
60279.181325067446,83.83333333333333,0.0,0.41006600660066006,2023-12-01 04:21:06.485827208
60279.181336641515,84.0,9.16515138991168,0.41089108910891087,2023-12-01 04:21:07.485826969
60279.1813482156,72.2,0.0,0.3524752475247525,2023-12-01 04:21:08.485827684
60279.18135978967,60.4,0.0,0.29405940594059404,2023-12-01 04:21:09.485827446
60279.18137136374,48.599999999999994,0.0,0.2356435643564356,2023-12-01 04:21:10.485826969
60279.18138293782,36.8,0.0,0.17722772277227722,2023-12-01 04:21:11.485827923
60279.18139451189,25.0,5.0,0.1188118811881188,2023-12-01 04:21:12.485827446
60279.18140608596,65.0,8.06225774829855,0.31683168316831684,2023-12-01 04:21:13.485826969
60279.18141766004,72.66666666666667,0.0,0.3547854785478548,2023-12-01 04:21:14.485827208
60279.181429234115,80.33333333333333,0.0,0.3927392739273927,2023-12-01 04:21:15.485827446
60279.181440808185,88.0,0.0,0.4306930693069307,2023-12-01 04:21:16.485827208
60279.18145238226,95.66666666666667,0.0,0.46864686468646866,2023-12-01 04:21:17.485827446
60279.18146395634,103.33333333333334,0.0,0.5066006600660067,2023-12-01 04:21:18.485827684
60279.18147553041,111.0,10.535653752852738,0.5445544554455446,2023-12-01 04:21:19.485827208
60279.181487104484,108.8,0.0,0.5336633663366337,2023-12-01 04:21:20.485827446
60279.18149867856,106.6,0.0,0.5227722772277228,2023-12-01 04:21:21.485827684
60279.18151025263,104.4,0.0,0.5118811881188119,2023-12-01 04:21:22.485827208
60279.1815218267,102.2,0.0,0.500990099009901,2023-12-01 04:21:23.485826969
60279.181533400784,100.0,10.0,0.4900990099009901,2023-12-01 04:21:24.485827684
60279.181544974854,92.2,0.0,0.4514851485148515,2023-12-01 04:21:25.485827446
60279.18155654892,84.4,0.0,0.4128712871287129,2023-12-01 04:21:26.485826969
60279.18156812301,76.6,0.0,0.37425742574257426,2023-12-01 04:21:27.485827923
60279.18157969708,68.8,0.0,0.3356435643564356,2023-12-01 04:21:28.485827446
60279.181591271146,61.0,7.810249675906654,0.297029702970297,2023-12-01 04:21:29.485826969
60279.18160284522,71.0,8.426149773176359,0.3465346534653465,2023-12-01 04:21:30.485827208
60279.1816144193,88.75,0.0,0.4344059405940594,2023-12-01 04:21:31.485827446
60279.18162599337,106.5,0.0,0.5222772277227723,2023-12-01 04:21:32.485827208
60279.181637567446,124.25,0.0,0.6101485148514851,2023-12-01 04:21:33.485827446
60279.18164914152,142.0,11.916375287812984,0.698019801980198,2023-12-01 04:21:34.485827684
60279.18166071559,140.6,0.0,0.691089108910891,2023-12-01 04:21:35.485827208
60279.18167228967,139.2,0.0,0.6841584158415841,2023-12-01 04:21:36.485827446
60279.181683863746,137.8,0.0,0.6772277227722773,2023-12-01 04:21:37.485827684
60279.181695437816,136.4,0.0,0.6702970297029703,2023-12-01 04:21:38.485827208
60279.181707011885,135.0,11.61895003862225,0.6633663366336634,2023-12-01 04:21:39.485826969
60279.18171858597,113.4,0.0,0.5564356435643565,2023-12-01 04:21:40.485827684
60279.18173016004,91.8,0.0,0.4495049504950495,2023-12-01 04:21:41.485827446
60279.18174173411,70.19999999999999,0.0,0.34257425742574255,2023-12-01 04:21:42.485826969
60279.18175330819,48.599999999999994,0.0,0.2356435643564356,2023-12-01 04:21:43.485827684
60279.18176488226,27.0,5.196152422706632,0.12871287128712872,2023-12-01 04:21:44.485827446
60279.18177645633,126.0,11.224972160321824,0.6188118811881188,2023-12-01 04:21:45.485826969
60279.181788030415,134.75,0.0,0.6621287128712872,2023-12-01 04:21:46.485827923
60279.181799604485,143.5,0.0,0.7054455445544554,2023-12-01 04:21:47.485827446
60279.181811178554,152.25,0.0,0.7487623762376238,2023-12-01 04:21:48.485826969
60279.18182275263,161.0,12.68857754044952,0.7920792079207921,2023-12-01 04:21:49.485827208
60279.18183432671,156.4,0.0,0.7693069306930693,2023-12-01 04:21:50.485827446
60279.18184590078,151.8,0.0,0.7465346534653466,2023-12-01 04:21:51.485827208
60279.181857474854,147.2,0.0,0.7237623762376237,2023-12-01 04:21:52.485827446
60279.18186904893,142.6,0.0,0.700990099009901,2023-12-01 04:21:53.485827684
60279.181880623,138.0,11.74734012447073,0.6782178217821783,2023-12-01 04:21:54.485827208
60279.18189219708,16.0,4.0,0.07425742574257425,2023-12-01 04:21:55.485827446
60279.181903771154,47.0,0.0,0.22772277227722773,2023-12-01 04:21:56.485827684
60279.18191534522,78.0,0.0,0.3811881188118812,2023-12-01 04:21:57.485827208
60279.18192691929,109.0,0.0,0.5346534653465347,2023-12-01 04:21:58.485826969
60279.18193849338,140.0,0.0,0.6881188118811882,2023-12-01 04:21:59.485827684
60279.18195006745,171.0,13.076696830622021,0.8415841584158416,2023-12-01 04:22:00.485827446
60279.181961641516,130.0,0.0,0.6386138613861386,2023-12-01 04:22:01.485826969
60279.1819732156,89.0,0.0,0.43564356435643564,2023-12-01 04:22:02.485827923
60279.18198478967,48.0,6.928203230275509,0.23267326732673266,2023-12-01 04:22:03.485827446
60279.18199636374,75.33333333333333,0.0,0.36798679867986794,2023-12-01 04:22:04.485826969
60279.182007937816,102.66666666666666,0.0,0.5033003300330032,2023-12-01 04:22:05.485827208
60279.18201951189,130.0,11.40175425099138,0.6386138613861386,2023-12-01 04:22:06.485827446
60279.18203108596,132.0,0.0,0.6485148514851485,2023-12-01 04:22:07.485827208
60279.18204266004,134.0,11.575836902790225,0.6584158415841584,2023-12-01 04:22:08.485827446
60279.182054234116,138.5,0.0,0.6806930693069307,2023-12-01 04:22:09.485827684
60279.182065808185,143.0,0.0,0.7029702970297029,2023-12-01 04:22:10.485827208
60279.18207738226,147.5,0.0,0.7252475247524752,2023-12-01 04:22:11.485827446
60279.18208895634,152.0,12.328828005937952,0.7475247524752475,2023-12-01 04:22:12.485827684
60279.18210053041,31.0,5.5677643628300215,0.1485148514851485,2023-12-01 04:22:13.485827208
60279.18211210448,31.0,0.0,0.1485148514851485,2023-12-01 04:22:14.485826969
60279.18212367856,31.0,0.0,0.1485148514851485,2023-12-01 04:22:15.485827684
60279.18213525263,31.0,0.0,0.1485148514851485,2023-12-01 04:22:16.485827446
60279.1821468267,31.0,5.5677643628300215,0.1485148514851485,2023-12-01 04:22:17.485826969
60279.182158400785,123.0,11.090536506409418,0.6039603960396039,2023-12-01 04:22:18.485827923
60279.182169974854,82.66666666666666,0.0,0.40429042904290424,2023-12-01 04:22:19.485827446
60279.182181548924,42.33333333333333,0.0,0.2046204620462046,2023-12-01 04:22:20.485826969
60279.182193123,2.0,1.4142135623730951,0.0049504950495049506,2023-12-01 04:22:21.485827208
60279.18220469708,138.0,11.74734012447073,0.6782178217821783,2023-12-01 04:22:22.485827446
60279.18221627115,141.66666666666666,0.0,0.6963696369636964,2023-12-01 04:22:23.485827208
60279.182227845224,145.33333333333334,0.0,0.7145214521452146,2023-12-01 04:22:24.485827208
60279.1822394193,149.0,12.206555615733702,0.7326732673267327,2023-12-01 04:22:25.485827446
60279.18225099337,167.0,0.0,0.8217821782178217,2023-12-01 04:22:26.485827208
60279.18226256745,185.0,0.0,0.9108910891089109,2023-12-01 04:22:27.485827446
60279.18227414152,203.0,14.247806848775006,1.0,2023-12-01 04:22:28.485827684
60279.18228571559,194.0,0.0,0.9554455445544554,2023-12-01 04:22:29.485827208
60279.18229728967,185.0,0.0,0.9108910891089109,2023-12-01 04:22:30.485827446
60279.18230886375,176.0,0.0,0.8663366336633663,2023-12-01 04:22:31.485827684
60279.182320437816,167.0,12.922847983320086,0.8217821782178217,2023-12-01 04:22:32.485827208
60279.182332011886,7.0,2.6457513110645907,0.029702970297029705,2023-12-01 04:22:33.485826969
60279.18234358597,41.6,0.0,0.200990099009901,2023-12-01 04:22:34.485827684
60279.18235516004,76.2,0.0,0.3722772277227723,2023-12-01 04:22:35.485827446
60279.18236673411,110.80000000000001,0.0,0.5435643564356436,2023-12-01 04:22:36.485826969
60279.18237830819,145.4,0.0,0.7148514851485149,2023-12-01 04:22:37.485827923
60279.18238988226,180.0,13.416407864998739,0.8861386138613861,2023-12-01 04:22:38.485827446
60279.18240145633,180.66666666666666,0.0,0.8894389438943894,2023-12-01 04:22:39.485826969
60279.18241303041,181.33333333333334,0.0,0.8927392739273928,2023-12-01 04:22:40.485827208
60279.182424604485,182.0,13.490737563232042,0.8960396039603961,2023-12-01 04:22:41.485827446
60279.182436178555,185.5,0.0,0.9133663366336634,2023-12-01 04:22:42.485827208
60279.18244775263,189.0,0.0,0.9306930693069307,2023-12-01 04:22:43.485827446
60279.18245932671,192.5,0.0,0.948019801980198,2023-12-01 04:22:44.485827684
60279.18247090078,196.0,0.0,0.9653465346534653,2023-12-01 04:22:45.485827208
60279.182482474855,199.5,0.0,0.9826732673267327,2023-12-01 04:22:46.485827446
60279.18249404893,203.0,14.247806848775006,1.0,2023-12-01 04:22:47.485827684
60279.182505623,161.66666666666666,0.0,0.7953795379537953,2023-12-01 04:22:48.485827208
60279.18251719707,120.33333333333333,0.0,0.5907590759075907,2023-12-01 04:22:49.485826969
60279.182528771154,79.0,8.888194417315589,0.38613861386138615,2023-12-01 04:22:50.485827684
60279.182540345224,124.0,11.135528725660043,0.6089108910891089,2023-12-01 04:22:51.485827446
60279.18255191929,115.75,0.0,0.568069306930693,2023-12-01 04:22:52.485826969
60279.18256349338,107.5,0.0,0.5272277227722773,2023-12-01 04:22:53.485827923
60279.18257506745,99.25,0.0,0.4863861386138614,2023-12-01 04:22:54.485827446
60279.18258664152,91.0,9.539392014169456,0.44554455445544555,2023-12-01 04:22:55.485826969
60279.18259821559,65.0,8.06225774829855,0.31683168316831684,2023-12-01 04:22:56.485827208
60279.18260978967,68.33333333333333,0.0,0.3333333333333333,2023-12-01 04:22:57.485827446
60279.18262136374,71.66666666666667,0.0,0.34983498349834985,2023-12-01 04:22:58.485827208
60279.18263293782,75.0,8.660254037844387,0.36633663366336633,2023-12-01 04:22:59.485827446
60279.18264451189,107.0,10.344080432788601,0.5247524752475248,2023-12-01 04:23:00.485827684
60279.18265608596,121.75,0.0,0.5977722772277227,2023-12-01 04:23:01.485827208
60279.18266766004,136.5,0.0,0.6707920792079208,2023-12-01 04:23:02.485827446
60279.182679234116,151.25,0.0,0.7438118811881188,2023-12-01 04:23:03.485827684
60279.182690808186,166.0,12.884098726725126,0.8168316831683169,2023-12-01 04:23:04.485827208
60279.18270238226,127.25,0.0,0.625,2023-12-01 04:23:05.485827446
60279.18271395634,88.5,0.0,0.43316831683168316,2023-12-01 04:23:06.485827684
60279.18272553041,49.75,0.0,0.24133663366336633,2023-12-01 04:23:07.485827208
60279.18273710448,11.0,3.3166247903554,0.04950495049504951,2023-12-01 04:23:08.485826969
60279.18274867856,178.0,13.341664064126334,0.8762376237623762,2023-12-01 04:23:09.485827684
60279.18276025263,150.33333333333334,0.0,0.7392739273927393,2023-12-01 04:23:10.485827446
60279.1827718267,122.66666666666666,0.0,0.6023102310231022,2023-12-01 04:23:11.485826969
60279.182783400785,95.0,9.746794344808963,0.46534653465346537,2023-12-01 04:23:12.485827923
60279.182794974855,79.0,8.888194417315589,0.38613861386138615,2023-12-01 04:23:13.485827446
60279.182806548924,98.25,0.0,0.4814356435643564,2023-12-01 04:23:14.485826969
60279.182818123,117.5,0.0,0.5767326732673267,2023-12-01 04:23:15.485827208
60279.18282969708,136.75,0.0,0.6720297029702971,2023-12-01 04:23:16.485827446
60279.18284127115,156.0,12.489995996796797,0.7673267326732673,2023-12-01 04:23:17.485827208
60279.182852845224,159.16666666666666,0.0,0.783003300330033,2023-12-01 04:23:18.485827446
60279.1828644193,162.33333333333334,0.0,0.7986798679867987,2023-12-01 04:23:19.485827684
60279.18287599337,165.5,0.0,0.8143564356435644,2023-12-01 04:23:20.485827208
60279.18288756745,168.66666666666666,0.0,0.83003300330033,2023-12-01 04:23:21.485827446
60279.182899141524,171.83333333333334,0.0,0.8457095709570958,2023-12-01 04:23:22.485827684
60279.18291071559,175.0,13.228756555322953,0.8613861386138614,2023-12-01 04:23:23.485827208
60279.18292228966,158.66666666666666,0.0,0.7805280528052805,2023-12-01 04:23:24.485826969
60279.18293386375,142.33333333333334,0.0,0.6996699669966997,2023-12-01 04:23:25.485827684
60279.18294543782,126.0,11.224972160321824,0.6188118811881188,2023-12-01 04:23:26.485827446
60279.182957011886,79.5,0.0,0.3886138613861386,2023-12-01 04:23:27.485826969
60279.18296858597,33.0,5.744562646538029,0.15841584158415842,2023-12-01 04:23:28.485827923
60279.18298016004,76.66666666666666,0.0,0.3745874587458745,2023-12-01 04:23:29.485827446
60279.18299173411,120.33333333333333,0.0,0.5907590759075907,2023-12-01 04:23:30.485826969
60279.183003308186,164.0,12.806248474865697,0.806930693069307,2023-12-01 04:23:31.485827208
60279.18301488226,163.75,0.0,0.8056930693069307,2023-12-01 04:23:32.485827446
60279.18302645633,163.5,0.0,0.8044554455445545,2023-12-01 04:23:33.485827208
60279.18303803041,163.25,0.0,0.8032178217821783,2023-12-01 04:23:34.485827446
60279.183049604486,163.0,12.767145334803704,0.801980198019802,2023-12-01 04:23:35.485827684
60279.183061178555,169.25,0.0,0.8329207920792079,2023-12-01 04:23:36.485827208
60279.18307275263,175.5,0.0,0.8638613861386139,2023-12-01 04:23:37.485827446
60279.18308432671,181.75,0.0,0.8948019801980198,2023-12-01 04:23:38.485827684
60279.18309590078,188.0,13.711309200802088,0.9257425742574258,2023-12-01 04:23:39.485827208
60279.18310747485,165.4,0.0,0.8138613861386139,2023-12-01 04:23:40.485826969
60279.18311904893,142.8,0.0,0.701980198019802,2023-12-01 04:23:41.485827684
60279.183130623,120.19999999999999,0.0,0.5900990099009901,2023-12-01 04:23:42.485827446
60279.18314219707,97.6,0.0,0.4782178217821782,2023-12-01 04:23:43.485826969
60279.183153771155,75.0,8.660254037844387,0.36633663366336633,2023-12-01 04:23:44.485827684
60279.183165345225,127.0,11.269427669584644,0.6237623762376238,2023-12-01 04:23:45.485827446
60279.183176919294,99.33333333333333,0.0,0.48679867986798675,2023-12-01 04:23:46.485826969
60279.18318849338,71.66666666666666,0.0,0.3498349834983498,2023-12-01 04:23:47.485827923
60279.18320006745,44.0,6.6332495807108,0.21287128712871287,2023-12-01 04:23:48.485827446
60279.18321164152,107.0,0.0,0.5247524752475248,2023-12-01 04:23:49.485826969
60279.183223215594,170.0,13.038404810405298,0.8366336633663366,2023-12-01 04:23:50.485827208
60279.18323478967,171.4,0.0,0.8435643564356436,2023-12-01 04:23:51.485827446
60279.18324636374,172.8,0.0,0.8504950495049506,2023-12-01 04:23:52.485827208
60279.18325793782,174.2,0.0,0.8574257425742574,2023-12-01 04:23:53.485827446
60279.183269511894,175.6,0.0,0.8643564356435643,2023-12-01 04:23:54.485827684
60279.18328108596,177.0,13.30413469565007,0.8712871287128713,2023-12-01 04:23:55.485827208
60279.18329266004,153.0,0.0,0.7524752475247525,2023-12-01 04:23:56.485827446
60279.18330423412,129.0,0.0,0.6336633663366337,2023-12-01 04:23:57.485827684
60279.183315808186,105.0,0.0,0.5148514851485149,2023-12-01 04:23:58.485827208
60279.183327382256,81.0,9.0,0.39603960396039606,2023-12-01 04:23:59.485826969
60279.18333895634,99.0,9.9498743710662,0.48514851485148514,2023-12-01 04:24:00.485827684
60279.18335053041,111.5,0.0,0.5470297029702971,2023-12-01 04:24:01.485827446
60279.18336210448,124.0,0.0,0.6089108910891089,2023-12-01 04:24:02.485826969
60279.18337367856,136.5,0.0,0.6707920792079208,2023-12-01 04:24:03.485827923
60279.18338525263,149.0,12.206555615733702,0.7326732673267327,2023-12-01 04:24:04.485827446
60279.1833968267,35.0,5.916079783099616,0.16831683168316833,2023-12-01 04:24:05.485826969
60279.18340840078,62.75,0.0,0.3056930693069307,2023-12-01 04:24:06.485827208
60279.183419974855,90.5,0.0,0.4430693069306931,2023-12-01 04:24:07.485827446
60279.183431548925,118.25,0.0,0.5804455445544554,2023-12-01 04:24:08.485827208
60279.183443123,146.0,12.083045973594572,0.7178217821782178,2023-12-01 04:24:09.485827446
60279.18345469708,12.0,3.4641016151377544,0.054455445544554455,2023-12-01 04:24:10.485827684
60279.18346627115,39.6,0.0,0.1910891089108911,2023-12-01 04:24:11.485827208
60279.183477845225,67.2,0.0,0.32772277227722774,2023-12-01 04:24:12.485827446
60279.1834894193,94.80000000000001,0.0,0.46435643564356444,2023-12-01 04:24:13.485827684
60279.18350099337,122.4,0.0,0.600990099009901,2023-12-01 04:24:14.485827208
60279.18351256744,150.0,12.24744871391589,0.7376237623762376,2023-12-01 04:24:15.485826969
60279.183524141525,160.0,0.0,0.7871287128712872,2023-12-01 04:24:16.485827684
60279.183535715594,170.0,0.0,0.8366336633663366,2023-12-01 04:24:17.485827446
60279.183547289664,180.0,0.0,0.8861386138613861,2023-12-01 04:24:18.485826969
60279.18355886375,190.0,13.784048752090222,0.9356435643564357,2023-12-01 04:24:19.485827923
60279.18357043782,188.28571428571428,0.0,0.9271570014144271,2023-12-01 04:24:20.485827446
60279.18358201189,186.57142857142858,0.0,0.9186704384724187,2023-12-01 04:24:21.485826969
60279.18359358597,184.85714285714286,0.0,0.9101838755304102,2023-12-01 04:24:22.485827923
60279.18360516004,183.14285714285714,0.0,0.9016973125884017,2023-12-01 04:24:23.485827446
60279.18361673411,181.42857142857142,0.0,0.8932107496463931,2023-12-01 04:24:24.485826969
60279.18362830819,179.71428571428572,0.0,0.8847241867043848,2023-12-01 04:24:25.485827208
60279.18363988226,178.0,13.341664064126334,0.8762376237623762,2023-12-01 04:24:26.485827446
60279.18365145633,158.75,0.0,0.780940594059406,2023-12-01 04:24:27.485827208
60279.18366303041,139.5,0.0,0.6856435643564357,2023-12-01 04:24:28.485827446
60279.18367460449,120.25,0.0,0.5903465346534653,2023-12-01 04:24:29.485827684
60279.183686178556,101.0,10.04987562112089,0.49504950495049505,2023-12-01 04:24:30.485827208
60279.18369775263,18.0,4.242640687119285,0.08415841584158415,2023-12-01 04:24:31.485827446
60279.18370932671,40.5,0.0,0.19554455445544555,2023-12-01 04:24:32.485827684
60279.18372090078,63.0,7.937253933193772,0.3069306930693069,2023-12-01 04:24:33.485827208
60279.18373247485,60.0,0.0,0.29207920792079206,2023-12-01 04:24:34.485826969
60279.18374404893,57.0,7.54983443527075,0.27722772277227725,2023-12-01 04:24:35.485827684
60279.183755623,80.0,0.0,0.3910891089108911,2023-12-01 04:24:36.485827446
60279.18376719707,103.0,0.0,0.504950495049505,2023-12-01 04:24:37.485826969
60279.183778771156,126.0,0.0,0.6188118811881188,2023-12-01 04:24:38.485827923
60279.183790345225,149.0,12.206555615733702,0.7326732673267327,2023-12-01 04:24:39.485827446
60279.183801919295,104.66666666666666,0.0,0.5132013201320131,2023-12-01 04:24:40.485826969
60279.18381349337,60.33333333333333,0.0,0.29372937293729373,2023-12-01 04:24:41.485827208
60279.18382506745,16.0,4.0,0.07425742574257425,2023-12-01 04:24:42.485827446
60279.18383664152,77.5,0.0,0.3787128712871287,2023-12-01 04:24:43.485827208
60279.183848215594,139.0,11.789826122551595,0.6831683168316832,2023-12-01 04:24:44.485827446
60279.18385978967,122.0,0.0,0.599009900990099,2023-12-01 04:24:45.485827684
60279.18387136374,105.0,0.0,0.5148514851485149,2023-12-01 04:24:46.485827208
60279.18388293782,88.0,0.0,0.4306930693069307,2023-12-01 04:24:47.485827446
60279.183894511894,71.0,8.426149773176359,0.3465346534653465,2023-12-01 04:24:48.485827684
60279.183906085964,85.0,9.219544457292887,0.4158415841584158,2023-12-01 04:24:49.485827208
60279.18391766003,87.0,0.0,0.42574257425742573,2023-12-01 04:24:50.485826969
60279.18392923412,89.0,0.0,0.43564356435643564,2023-12-01 04:24:51.485827684
60279.18394080819,91.0,0.0,0.44554455445544555,2023-12-01 04:24:52.485827446
60279.18395238226,93.0,9.643650760992955,0.45544554455445546,2023-12-01 04:24:53.485826969
60279.18396395634,71.0,8.426149773176359,0.3465346534653465,2023-12-01 04:24:54.485827923
60279.18397553041,86.0,0.0,0.4207920792079208,2023-12-01 04:24:55.485827446
60279.18398710448,101.0,0.0,0.49504950495049505,2023-12-01 04:24:56.485826969
60279.183998678556,116.0,0.0,0.5693069306930693,2023-12-01 04:24:57.485827208
60279.18401025263,131.0,11.445523142259598,0.6435643564356436,2023-12-01 04:24:58.485827446
60279.1840218267,22.0,4.69041575982343,0.10396039603960396,2023-12-01 04:24:59.485827208
60279.18403340078,42.4,0.0,0.20495049504950494,2023-12-01 04:25:00.485827446
60279.184044974856,62.8,0.0,0.30594059405940593,2023-12-01 04:25:01.485827446
60279.184056548926,83.19999999999999,0.0,0.40693069306930685,2023-12-01 04:25:02.485827208
60279.184068123,103.6,0.0,0.5079207920792079,2023-12-01 04:25:03.485827446
60279.18407969708,124.0,11.135528725660043,0.6089108910891089,2023-12-01 04:25:04.485827684
60279.18409127115,39.0,6.244997998398398,0.18811881188118812,2023-12-01 04:25:05.485827208
60279.184102845225,49.333333333333336,0.0,0.23927392739273928,2023-12-01 04:25:06.485827446
60279.1841144193,59.66666666666667,0.0,0.29042904290429045,2023-12-01 04:25:07.485827684
60279.18412599337,70.0,8.366600265340756,0.3415841584158416,2023-12-01 04:25:08.485827208
60279.18413756744,48.0,6.928203230275509,0.23267326732673266,2023-12-01 04:25:09.485826969
60279.184149141525,64.25,0.0,0.3131188118811881,2023-12-01 04:25:10.485827684
60279.184160715595,80.5,0.0,0.3935643564356436,2023-12-01 04:25:11.485827446
60279.184172289664,96.75,0.0,0.474009900990099,2023-12-01 04:25:12.485826969
60279.18418386375,113.0,10.63014581273465,0.5544554455445545,2023-12-01 04:25:13.485827923
60279.18419543782,45.0,6.708203932499369,0.21782178217821782,2023-12-01 04:25:14.485827446
60279.18420701189,42.4,0.0,0.20495049504950494,2023-12-01 04:25:15.485826969
60279.184218585964,39.8,0.0,0.19207920792079206,2023-12-01 04:25:16.485827208
60279.18423016004,37.2,0.0,0.17920792079207923,2023-12-01 04:25:17.485827446
60279.18424173411,34.6,0.0,0.16633663366336635,2023-12-01 04:25:18.485827208
60279.18425330819,32.0,5.656854249492381,0.15346534653465346,2023-12-01 04:25:19.485827446
60279.184264882264,133.0,11.532562594670797,0.6534653465346535,2023-12-01 04:25:20.485827684
60279.18427645633,135.2,0.0,0.6643564356435643,2023-12-01 04:25:21.485827208
60279.18428803041,137.4,0.0,0.6752475247524753,2023-12-01 04:25:22.485827446
60279.18429960449,139.6,0.0,0.6861386138613861,2023-12-01 04:25:23.485827684
60279.18431117856,141.8,0.0,0.6970297029702971,2023-12-01 04:25:24.485827208
60279.184322752626,144.0,12.0,0.7079207920792079,2023-12-01 04:25:25.485826969
60279.18433432671,150.5,0.0,0.7400990099009901,2023-12-01 04:25:26.485827684
60279.18434590078,157.0,0.0,0.7722772277227723,2023-12-01 04:25:27.485827446
60279.18435747485,163.5,0.0,0.8044554455445545,2023-12-01 04:25:28.485826969
60279.18436904893,170.0,0.0,0.8366336633663366,2023-12-01 04:25:29.485827923
60279.184380623,176.5,0.0,0.8688118811881188,2023-12-01 04:25:30.485827446
60279.18439219707,183.0,13.527749258468683,0.900990099009901,2023-12-01 04:25:31.485826969
60279.18440377115,162.75,0.0,0.8007425742574258,2023-12-01 04:25:32.485827208
60279.184415345226,142.5,0.0,0.7004950495049505,2023-12-01 04:25:33.485827446
60279.184426919295,122.25,0.0,0.6002475247524752,2023-12-01 04:25:34.485827208
60279.18443849337,102.0,10.099504938362077,0.5,2023-12-01 04:25:35.485827446
60279.18445006745,68.0,8.246211251235321,0.3316831683168317,2023-12-01 04:25:36.485827684
60279.18446164152,70.0,0.0,0.3415841584158416,2023-12-01 04:25:37.485827208
60279.184473215595,72.0,0.0,0.35148514851485146,2023-12-01 04:25:38.485827446
60279.18448478967,74.0,8.602325267042627,0.3613861386138614,2023-12-01 04:25:39.485827684
60279.18449636374,59.0,7.681145747868608,0.2871287128712871,2023-12-01 04:25:40.485827208
60279.18450793781,69.2,0.0,0.33762376237623765,2023-12-01 04:25:41.485826969
60279.184519511895,79.4,0.0,0.38811881188118813,2023-12-01 04:25:42.485827684
60279.184531085964,89.6,0.0,0.43861386138613856,2023-12-01 04:25:43.485827208
60279.184542660034,99.8,0.0,0.4891089108910891,2023-12-01 04:25:44.485826969
60279.18455423412,110.0,10.488088481701515,0.5396039603960396,2023-12-01 04:25:45.485827684
60279.18456580819,52.0,7.211102550927978,0.2524752475247525,2023-12-01 04:25:46.485827446
60279.18457738226,44.4,0.0,0.21485148514851485,2023-12-01 04:25:47.485826969
60279.18458895634,36.8,0.0,0.17722772277227722,2023-12-01 04:25:48.485827923
60279.18460053041,29.200000000000003,0.0,0.13960396039603962,2023-12-01 04:25:49.485827446
60279.18461210448,21.6,0.0,0.10198019801980199,2023-12-01 04:25:50.485826969
60279.18462367856,14.0,3.7416573867739413,0.06435643564356436,2023-12-01 04:25:51.485827208
60279.18463525263,110.0,10.488088481701515,0.5396039603960396,2023-12-01 04:25:52.485827446
60279.1846468267,103.5,0.0,0.5074257425742574,2023-12-01 04:25:53.485827208
60279.18465840078,97.0,0.0,0.4752475247524752,2023-12-01 04:25:54.485827446
60279.18466997486,90.5,0.0,0.4430693069306931,2023-12-01 04:25:55.485827684
60279.184681548926,84.0,9.16515138991168,0.41089108910891087,2023-12-01 04:25:56.485827208
60279.184693123,77.0,8.774964387392123,0.37623762376237624,2023-12-01 04:25:57.485827446
60279.18470469708,67.16666666666667,0.0,0.3275577557755776,2023-12-01 04:25:58.485827684
60279.18471627115,57.33333333333333,0.0,0.27887788778877887,2023-12-01 04:25:59.485827208
60279.18472784522,47.5,0.0,0.2301980198019802,2023-12-01 04:26:00.485826969
60279.1847394193,37.666666666666664,0.0,0.1815181518151815,2023-12-01 04:26:01.485827684
60279.18475099337,27.83333333333333,0.0,0.1328382838283828,2023-12-01 04:26:02.485827446
60279.18476256744,18.0,4.242640687119285,0.08415841584158415,2023-12-01 04:26:03.485826969
60279.184774141526,147.0,12.12435565298214,0.7227722772277227,2023-12-01 04:26:04.485827923
60279.184785715595,140.25,0.0,0.6893564356435644,2023-12-01 04:26:05.485827446
60279.184797289665,133.5,0.0,0.655940594059406,2023-12-01 04:26:06.485826969
60279.18480886374,126.75,0.0,0.6225247524752475,2023-12-01 04:26:07.485827208
60279.18482043782,120.0,10.954451150103322,0.5891089108910891,2023-12-01 04:26:08.485827446
60279.18483201189,101.2,0.0,0.49603960396039604,2023-12-01 04:26:09.485827208
60279.184843585965,82.4,0.0,0.402970297029703,2023-12-01 04:26:10.485827446
60279.18485516004,63.599999999999994,0.0,0.3099009900990099,2023-12-01 04:26:11.485827684
60279.18486673411,44.8,0.0,0.2168316831683168,2023-12-01 04:26:12.485827208
60279.18487830819,26.0,5.0990195135927845,0.12376237623762376,2023-12-01 04:26:13.485827446
60279.184889882265,112.0,10.583005244258363,0.5495049504950495,2023-12-01 04:26:14.485827684
60279.184901456334,123.25,0.0,0.6051980198019802,2023-12-01 04:26:15.485827208
60279.1849130304,134.5,0.0,0.6608910891089109,2023-12-01 04:26:16.485826969
60279.18492460449,145.75,0.0,0.7165841584158416,2023-12-01 04:26:17.485827684
60279.18493617856,157.0,12.529964086141668,0.7722772277227723,2023-12-01 04:26:18.485827446
60279.18494775263,9.0,3.0,0.039603960396039604,2023-12-01 04:26:19.485826969
60279.18495932671,32.83333333333333,0.0,0.15759075907590755,2023-12-01 04:26:20.485827684
60279.18497090078,56.666666666666664,0.0,0.2755775577557756,2023-12-01 04:26:21.485827446
60279.18498247485,80.5,0.0,0.3935643564356436,2023-12-01 04:26:22.485826969
60279.184994048934,104.33333333333333,0.0,0.5115511551155115,2023-12-01 04:26:23.485827923
60279.185005623,128.16666666666666,0.0,0.6295379537953795,2023-12-01 04:26:24.485827446
60279.18501719707,152.0,12.328828005937952,0.7475247524752475,2023-12-01 04:26:25.485826969
60279.18502877115,154.2,0.0,0.7584158415841583,2023-12-01 04:26:26.485827208
60279.185040345226,156.4,0.0,0.7693069306930693,2023-12-01 04:26:27.485827446
60279.185051919296,158.6,0.0,0.7801980198019802,2023-12-01 04:26:28.485827208
60279.18506349337,160.8,0.0,0.7910891089108911,2023-12-01 04:26:29.485827446
60279.18507506745,163.0,12.767145334803704,0.801980198019802,2023-12-01 04:26:30.485827684
60279.18508664152,143.83333333333334,0.0,0.7070957095709571,2023-12-01 04:26:31.485827208
60279.185098215596,124.66666666666666,0.0,0.6122112211221121,2023-12-01 04:26:32.485827446
60279.18510978967,105.5,0.0,0.5173267326732673,2023-12-01 04:26:33.485827684
60279.18512136374,86.33333333333333,0.0,0.4224422442244224,2023-12-01 04:26:34.485827208
60279.18513293781,67.16666666666666,0.0,0.3275577557755775,2023-12-01 04:26:35.485826969
60279.185144511895,48.0,6.928203230275509,0.23267326732673266,2023-12-01 04:26:36.485827684
60279.185156085965,125.0,11.180339887498949,0.6138613861386139,2023-12-01 04:26:37.485827446
60279.185167660034,124.75,0.0,0.6126237623762376,2023-12-01 04:26:38.485826969
60279.18517923412,124.5,0.0,0.6113861386138614,2023-12-01 04:26:39.485827923
60279.18519080819,124.25,0.0,0.6101485148514851,2023-12-01 04:26:40.485827446
60279.18520238226,124.0,11.135528725660043,0.6089108910891089,2023-12-01 04:26:41.485826969
60279.185213956334,26.0,5.0990195135927845,0.12376237623762376,2023-12-01 04:26:42.485827208
60279.18522553041,41.0,0.0,0.19801980198019803,2023-12-01 04:26:43.485827446
60279.18523710448,56.0,0.0,0.2722772277227723,2023-12-01 04:26:44.485827208
60279.18524867856,71.0,0.0,0.3465346534653465,2023-12-01 04:26:45.485827446
60279.185260252634,86.0,9.273618495495704,0.4207920792079208,2023-12-01 04:26:46.485827684
60279.185271826704,74.0,8.602325267042627,0.3613861386138614,2023-12-01 04:26:47.485827208
60279.18528340078,79.2,0.0,0.38712871287128714,2023-12-01 04:26:48.485827446
60279.18529497486,84.4,0.0,0.4128712871287129,2023-12-01 04:26:49.485827684
60279.18530654893,89.6,0.0,0.43861386138613856,2023-12-01 04:26:50.485827208
60279.185318122996,94.8,0.0,0.4643564356435643,2023-12-01 04:26:51.485826969
60279.18532969708,100.0,10.0,0.4900990099009901,2023-12-01 04:26:52.485827684
60279.18534127115,59.0,7.681145747868608,0.2871287128712871,2023-12-01 04:26:53.485827446
60279.18535284522,57.0,0.0,0.27722772277227725,2023-12-01 04:26:54.485826969
60279.1853644193,55.0,0.0,0.26732673267326734,2023-12-01 04:26:55.485827923
60279.18537599337,53.0,0.0,0.25742574257425743,2023-12-01 04:26:56.485827446
60279.18538756744,51.0,0.0,0.24752475247524752,2023-12-01 04:26:57.485826969
60279.18539914152,49.0,7.0,0.2376237623762376,2023-12-01 04:26:58.485827208
60279.185410715596,157.0,12.529964086141668,0.7722772277227723,2023-12-01 04:26:59.485827446
60279.185422289665,91.0,0.0,0.44554455445544555,2023-12-01 04:27:00.485827208
60279.18543386374,25.0,5.0,0.1188118811881188,2023-12-01 04:27:01.485827446
60279.18544543782,42.0,0.0,0.20297029702970296,2023-12-01 04:27:02.485827446
60279.18545701189,59.0,0.0,0.2871287128712871,2023-12-01 04:27:03.485827208
60279.185468585965,76.0,0.0,0.3712871287128713,2023-12-01 04:27:04.485827446
60279.18548016004,93.0,0.0,0.45544554455445546,2023-12-01 04:27:05.485827684
60279.18549173411,110.0,10.488088481701515,0.5396039603960396,2023-12-01 04:27:06.485827208
60279.18550330819,54.0,7.3484692283495345,0.2623762376237624,2023-12-01 04:27:07.485827446
60279.185514882265,45.666666666666664,0.0,0.2211221122112211,2023-12-01 04:27:08.485827684
60279.185526456335,37.33333333333333,0.0,0.17986798679867985,2023-12-01 04:27:09.485827208
60279.185538030404,29.0,5.385164807134504,0.1386138613861386,2023-12-01 04:27:10.485826969
60279.18554960449,55.0,0.0,0.26732673267326734,2023-12-01 04:27:11.485827684
60279.18556117856,81.0,9.0,0.39603960396039606,2023-12-01 04:27:12.485827446
60279.18557275263,85.66666666666667,0.0,0.41914191419141916,2023-12-01 04:27:13.485826969
60279.18558432671,90.33333333333333,0.0,0.4422442244224422,2023-12-01 04:27:14.485827923
60279.18559590078,95.0,9.746794344808963,0.46534653465346537,2023-12-01 04:27:15.485827446
60279.18560747485,67.0,8.18535277187245,0.32673267326732675,2023-12-01 04:27:16.485826969
60279.18561904893,84.8,0.0,0.41485148514851483,2023-12-01 04:27:17.485827208
60279.185630623004,102.6,0.0,0.502970297029703,2023-12-01 04:27:18.485827446
60279.18564219707,120.4,0.0,0.5910891089108912,2023-12-01 04:27:19.485827208
60279.18565377115,138.2,0.0,0.6792079207920791,2023-12-01 04:27:20.485827446
60279.18566534523,156.0,12.489995996796797,0.7673267326732673,2023-12-01 04:27:21.485827684
60279.1856769193,155.83333333333334,0.0,0.7665016501650166,2023-12-01 04:27:22.485827208
60279.18568849337,155.66666666666666,0.0,0.7656765676567656,2023-12-01 04:27:23.485827446
60279.18570006745,155.5,0.0,0.7648514851485149,2023-12-01 04:27:24.485827684
60279.18571164152,155.33333333333334,0.0,0.7640264026402641,2023-12-01 04:27:25.485827208
60279.18572321559,155.16666666666666,0.0,0.7632013201320131,2023-12-01 04:27:26.485826969
60279.18573478967,155.0,12.449899597988733,0.7623762376237624,2023-12-01 04:27:27.485827684
60279.18574636374,156.66666666666666,0.0,0.7706270627062706,2023-12-01 04:27:28.485827446
60279.18575793781,158.33333333333334,0.0,0.778877887788779,2023-12-01 04:27:29.485826969
60279.185769511896,160.0,0.0,0.7871287128712872,2023-12-01 04:27:30.485827923
60279.185781085966,161.66666666666666,0.0,0.7953795379537953,2023-12-01 04:27:31.485827446
60279.185792660035,163.33333333333334,0.0,0.8036303630363036,2023-12-01 04:27:32.485826969
60279.18580423411,165.0,12.84523257866513,0.8118811881188119,2023-12-01 04:27:33.485827208
60279.18581580819,156.66666666666666,0.0,0.7706270627062706,2023-12-01 04:27:34.485827446
60279.18582738226,148.33333333333334,0.0,0.7293729372937294,2023-12-01 04:27:35.485827208
60279.185838956335,140.0,0.0,0.6881188118811882,2023-12-01 04:27:36.485827446
60279.18585053041,131.66666666666666,0.0,0.6468646864686468,2023-12-01 04:27:37.485827684
60279.18586210448,123.33333333333333,0.0,0.6056105610561056,2023-12-01 04:27:38.485827208
60279.18587367856,115.0,10.723805294763608,0.5643564356435644,2023-12-01 04:27:39.485827446
60279.185885252635,83.5,0.0,0.4084158415841584,2023-12-01 04:27:40.485827684
60279.185896826704,52.0,7.211102550927978,0.2524752475247525,2023-12-01 04:27:41.485827208
60279.18590840078,60.666666666666664,0.0,0.29537953795379535,2023-12-01 04:27:42.485827446
60279.18591997486,69.33333333333333,0.0,0.33828382838283827,2023-12-01 04:27:43.485827684
60279.18593154893,78.0,8.831760866327848,0.3811881188118812,2023-12-01 04:27:44.485827208
60279.185943123,70.0,0.0,0.3415841584158416,2023-12-01 04:27:45.485826969
60279.18595469708,62.0,7.874007874011811,0.30198019801980197,2023-12-01 04:27:46.485827684
60279.18596627115,50.4,0.0,0.24455445544554455,2023-12-01 04:27:47.485827446
60279.18597784522,38.8,0.0,0.1871287128712871,2023-12-01 04:27:48.485826969
60279.185989419304,27.200000000000003,0.0,0.1297029702970297,2023-12-01 04:27:49.485827923
60279.18600099337,15.600000000000001,0.0,0.07227722772277229,2023-12-01 04:27:50.485827446
60279.18601256744,4.0,2.0,0.01485148514851485,2023-12-01 04:27:51.485826969
60279.18602414152,184.0,13.564659966250536,0.905940594059406,2023-12-01 04:27:52.485827208
60279.1860357156,180.6,0.0,0.8891089108910891,2023-12-01 04:27:53.485827446
60279.186047289666,177.2,0.0,0.8722772277227723,2023-12-01 04:27:54.485827208
60279.18605886374,173.8,0.0,0.8554455445544555,2023-12-01 04:27:55.485827446
60279.18607043782,170.4,0.0,0.8386138613861387,2023-12-01 04:27:56.485827684
60279.18608201189,167.0,12.922847983320086,0.8217821782178217,2023-12-01 04:27:57.485827208
60279.186093585966,136.8,0.0,0.6722772277227723,2023-12-01 04:27:58.485827446
60279.18610516004,106.6,0.0,0.5227722772277228,2023-12-01 04:27:59.485827684
60279.18611673411,76.4,0.0,0.3732673267326733,2023-12-01 04:28:00.485827208
60279.18612830818,46.2,0.0,0.22376237623762377,2023-12-01 04:28:01.485826969
60279.186139882266,16.0,4.0,0.07425742574257425,2023-12-01 04:28:02.485827684
60279.186151456335,123.0,11.090536506409418,0.6039603960396039,2023-12-01 04:28:03.485827446
60279.186163030405,94.5,0.0,0.4628712871287129,2023-12-01 04:28:04.485826969
60279.18617460449,66.0,0.0,0.3217821782178218,2023-12-01 04:28:05.485827923
60279.18618617856,37.5,0.0,0.1806930693069307,2023-12-01 04:28:06.485827446
60279.18619775263,9.0,3.0,0.039603960396039604,2023-12-01 04:28:07.485826969
60279.186209326705,66.5,0.0,0.32425742574257427,2023-12-01 04:28:08.485827208
60279.18622090078,124.0,11.135528725660043,0.6089108910891089,2023-12-01 04:28:09.485827446
60279.18623247485,132.25,0.0,0.6497524752475248,2023-12-01 04:28:10.485827208
60279.18624404893,140.5,0.0,0.6905940594059407,2023-12-01 04:28:11.485827446
60279.186255623004,148.75,0.0,0.7314356435643564,2023-12-01 04:28:12.485827684
60279.186267197074,157.0,12.529964086141668,0.7722772277227723,2023-12-01 04:28:13.485827208
60279.18627877115,153.2,0.0,0.7534653465346535,2023-12-01 04:28:14.485827446
60279.18629034523,149.4,0.0,0.7346534653465346,2023-12-01 04:28:15.485827684
60279.1863019193,145.6,0.0,0.7158415841584158,2023-12-01 04:28:16.485827208
60279.18631349337,141.8,0.0,0.6970297029702971,2023-12-01 04:28:17.485826969
60279.18632506745,138.0,11.74734012447073,0.6782178217821783,2023-12-01 04:28:18.485827684
60279.18633664152,131.0,0.0,0.6435643564356436,2023-12-01 04:28:19.485827446
60279.18634821559,124.0,0.0,0.6089108910891089,2023-12-01 04:28:20.485826969
60279.18635978967,117.0,0.0,0.5742574257425742,2023-12-01 04:28:21.485827684
60279.18637136374,110.0,0.0,0.5396039603960396,2023-12-01 04:28:22.485827446
60279.18638293781,103.0,10.14889156509222,0.504950495049505,2023-12-01 04:28:23.485826969
60279.1863945119,5.0,2.23606797749979,0.019801980198019802,2023-12-01 04:28:24.485827923
60279.186406085966,40.5,0.0,0.19554455445544555,2023-12-01 04:28:25.485827446
60279.186417660036,76.0,0.0,0.3712871287128713,2023-12-01 04:28:26.485826969
60279.18642923411,111.5,0.0,0.5470297029702971,2023-12-01 04:28:27.485827208
60279.18644080819,147.0,12.12435565298214,0.7227722772277227,2023-12-01 04:28:28.485827446
60279.18645238226,150.0,0.0,0.7376237623762376,2023-12-01 04:28:29.485827208
60279.186463956336,153.0,0.0,0.7524752475247525,2023-12-01 04:28:30.485827446
60279.18647553041,156.0,0.0,0.7673267326732673,2023-12-01 04:28:31.485827684
60279.18648710448,159.0,0.0,0.7821782178217822,2023-12-01 04:28:32.485827208
60279.18649867856,162.0,12.727922061357855,0.7970297029702971,2023-12-01 04:28:33.485827446
60279.186510252635,161.5,0.0,0.7945544554455446,2023-12-01 04:28:34.485827684
60279.186521826705,161.0,0.0,0.7920792079207921,2023-12-01 04:28:35.485827208
60279.186533400774,160.5,0.0,0.7896039603960396,2023-12-01 04:28:36.485826969
60279.18654497486,160.0,12.649110640673518,0.7871287128712872,2023-12-01 04:28:37.485827684
60279.18655654893,150.0,0.0,0.7376237623762376,2023-12-01 04:28:38.485827446
60279.186568123,140.0,0.0,0.6881188118811882,2023-12-01 04:28:39.485826969
60279.18657969708,130.0,0.0,0.6386138613861386,2023-12-01 04:28:40.485827923
60279.18659127115,120.0,0.0,0.5891089108910891,2023-12-01 04:28:41.485827446
60279.18660284522,110.0,10.488088481701515,0.5396039603960396,2023-12-01 04:28:42.485826969
60279.1866144193,51.0,7.14142842854285,0.24752475247524752,2023-12-01 04:28:43.485827208
60279.186625993374,70.83333333333333,0.0,0.3457095709570957,2023-12-01 04:28:44.485827446
60279.18663756744,90.66666666666666,0.0,0.4438943894389438,2023-12-01 04:28:45.485827208
60279.18664914152,110.5,0.0,0.5420792079207921,2023-12-01 04:28:46.485827446
60279.1866607156,130.33333333333331,0.0,0.6402640264026401,2023-12-01 04:28:47.485827684
60279.18667228967,150.16666666666666,0.0,0.7384488448844884,2023-12-01 04:28:48.485827208
60279.18668386374,170.0,13.038404810405298,0.8366336633663366,2023-12-01 04:28:49.485827446
60279.18669543782,163.75,0.0,0.8056930693069307,2023-12-01 04:28:50.485827684
60279.18670701189,157.5,0.0,0.7747524752475248,2023-12-01 04:28:51.485827208
60279.18671858596,151.25,0.0,0.7438118811881188,2023-12-01 04:28:52.485826969
60279.18673016004,145.0,12.041594578792296,0.7128712871287128,2023-12-01 04:28:53.485827684
60279.18674173411,17.0,4.123105625617661,0.07920792079207921,2023-12-01 04:28:54.485827446
60279.18675330818,33.0,0.0,0.15841584158415842,2023-12-01 04:28:55.485826969
60279.186764882266,49.0,0.0,0.2376237623762376,2023-12-01 04:28:56.485827923
60279.186776456336,65.0,0.0,0.31683168316831684,2023-12-01 04:28:57.485827446
60279.186788030405,81.0,0.0,0.39603960396039606,2023-12-01 04:28:58.485826969
60279.18679960448,97.0,9.848857801796104,0.4752475247524752,2023-12-01 04:28:59.485827208
60279.18681117856,74.0,8.602325267042627,0.3613861386138614,2023-12-01 04:29:00.485827446
60279.18682275263,92.0,0.0,0.4504950495049505,2023-12-01 04:29:01.485827208
60279.186834326705,110.0,0.0,0.5396039603960396,2023-12-01 04:29:02.485827208
60279.18684590078,128.0,0.0,0.6287128712871287,2023-12-01 04:29:03.485827446
60279.18685747485,146.0,0.0,0.7178217821782178,2023-12-01 04:29:04.485827208
60279.18686904893,164.0,0.0,0.806930693069307,2023-12-01 04:29:05.485827446
60279.186880623005,182.0,13.490737563232042,0.8960396039603961,2023-12-01 04:29:06.485827684
60279.186892197074,163.25,0.0,0.8032178217821783,2023-12-01 04:29:07.485827208
60279.18690377115,144.5,0.0,0.7103960396039604,2023-12-01 04:29:08.485827446
60279.18691534523,125.75,0.0,0.6175742574257426,2023-12-01 04:29:09.485827684
60279.1869269193,107.0,10.344080432788601,0.5247524752475248,2023-12-01 04:29:10.485827208
60279.18693849337,69.0,8.306623862918075,0.33663366336633666,2023-12-01 04:29:11.485826969
60279.18695006745,81.6,0.0,0.399009900990099,2023-12-01 04:29:12.485827684
60279.18696164152,94.2,0.0,0.4613861386138614,2023-12-01 04:29:13.485827446
60279.18697321559,106.8,0.0,0.5237623762376238,2023-12-01 04:29:14.485826969
60279.186984789674,119.4,0.0,0.5861386138613862,2023-12-01 04:29:15.485827923
60279.186996363744,132.0,11.489125293076057,0.6485148514851485,2023-12-01 04:29:16.485827446
60279.18700793781,109.4,0.0,0.5366336633663367,2023-12-01 04:29:17.485826969
60279.18701951189,86.8,0.0,0.42475247524752474,2023-12-01 04:29:18.485827208
60279.18703108597,64.19999999999999,0.0,0.3128712871287128,2023-12-01 04:29:19.485827446
60279.187042660036,41.599999999999994,0.0,0.20099009900990095,2023-12-01 04:29:20.485827208
60279.18705423411,19.0,4.358898943540674,0.0891089108910891,2023-12-01 04:29:21.485827446
60279.18706580819,139.0,11.789826122551595,0.6831683168316832,2023-12-01 04:29:22.485827684
60279.18707738226,145.0,0.0,0.7128712871287128,2023-12-01 04:29:23.485827208
60279.187088956336,151.0,0.0,0.7425742574257426,2023-12-01 04:29:24.485827446
60279.18710053041,157.0,0.0,0.7722772277227723,2023-12-01 04:29:25.485827684
60279.18711210448,163.0,12.767145334803704,0.801980198019802,2023-12-01 04:29:26.485827208
60279.18712367855,15.0,3.872983346207417,0.0693069306930693,2023-12-01 04:29:27.485826969
60279.187135252636,17.5,0.0,0.08168316831683169,2023-12-01 04:29:28.485827684
60279.187146826705,20.0,0.0,0.09405940594059406,2023-12-01 04:29:29.485827446
60279.187158400775,22.5,0.0,0.10643564356435643,2023-12-01 04:29:30.485826969
60279.18716997486,25.0,0.0,0.1188118811881188,2023-12-01 04:29:31.485827923
60279.18718154893,27.5,0.0,0.1311881188118812,2023-12-01 04:29:32.485827446
60279.187193123,30.0,5.477225575051661,0.14356435643564355,2023-12-01 04:29:33.485826969
60279.187204697075,101.0,10.04987562112089,0.49504950495049505,2023-12-01 04:29:34.485827208
60279.18721627115,89.0,0.0,0.43564356435643564,2023-12-01 04:29:35.485827446
60279.18722784522,77.0,0.0,0.37623762376237624,2023-12-01 04:29:36.485827208
60279.1872394193,65.0,8.06225774829855,0.31683168316831684,2023-12-01 04:29:37.485827446
60279.187250993375,69.0,0.0,0.33663366336633666,2023-12-01 04:29:38.485827684
60279.187262567444,73.0,8.54400374531753,0.3564356435643564,2023-12-01 04:29:39.485827208
60279.18727414152,56.66666666666667,0.0,0.2755775577557756,2023-12-01 04:29:40.485827446
60279.1872857156,40.333333333333336,0.0,0.19471947194719472,2023-12-01 04:29:41.485827684
60279.18729728967,24.0,4.898979485566356,0.11386138613861385,2023-12-01 04:29:42.485827208
60279.187308863744,150.0,12.24744871391589,0.7376237623762376,2023-12-01 04:29:43.485827446
60279.18732043782,156.0,0.0,0.7673267326732673,2023-12-01 04:29:44.485827684
60279.18733201189,162.0,0.0,0.7970297029702971,2023-12-01 04:29:45.485827208
60279.18734358596,168.0,0.0,0.8267326732673267,2023-12-01 04:29:46.485826969
60279.187355160044,174.0,0.0,0.8564356435643564,2023-12-01 04:29:47.485827684
60279.18736673411,180.0,13.416407864998739,0.8861386138613861,2023-12-01 04:29:48.485827446
60279.18737830818,8.0,2.8284271247461903,0.034653465346534656,2023-12-01 04:29:49.485826969
60279.18738988227,34.0,0.0,0.16336633663366337,2023-12-01 04:29:50.485827923
60279.18740145634,60.0,0.0,0.29207920792079206,2023-12-01 04:29:51.485827446
60279.187413030406,86.0,0.0,0.4207920792079208,2023-12-01 04:29:52.485826969
60279.18742460448,112.0,0.0,0.5495049504950495,2023-12-01 04:29:53.485827208
60279.18743617856,138.0,11.74734012447073,0.6782178217821783,2023-12-01 04:29:54.485827446
60279.18744775263,71.5,0.0,0.349009900990099,2023-12-01 04:29:55.485827208
60279.187459326706,5.0,2.23606797749979,0.019801980198019802,2023-12-01 04:29:56.485827446
60279.18747090078,33.75,0.0,0.16212871287128713,2023-12-01 04:29:57.485827684
60279.18748247485,62.5,0.0,0.30445544554455445,2023-12-01 04:29:58.485827208
60279.18749404893,91.25,0.0,0.4467821782178218,2023-12-01 04:29:59.485827446
60279.187505623006,120.0,10.954451150103322,0.5891089108910891,2023-12-01 04:30:00.485827684
60279.187517197075,119.75,0.0,0.5878712871287128,2023-12-01 04:30:01.485827208
60279.187528771145,119.5,0.0,0.5866336633663366,2023-12-01 04:30:02.485826969
60279.18754034523,119.25,0.0,0.5853960396039604,2023-12-01 04:30:03.485827684
60279.1875519193,119.0,10.908712114635714,0.5841584158415841,2023-12-01 04:30:04.485827446
60279.18756349337,24.0,4.898979485566356,0.11386138613861385,2023-12-01 04:30:05.485826969
60279.18757506745,33.75,0.0,0.16212871287128713,2023-12-01 04:30:06.485827923
60279.18758664152,43.5,0.0,0.2103960396039604,2023-12-01 04:30:07.485827446
60279.18759821559,53.25,0.0,0.25866336633663367,2023-12-01 04:30:08.485826969
60279.18760978967,63.0,7.937253933193772,0.3069306930693069,2023-12-01 04:30:09.485827208
60279.187621363744,69.5,0.0,0.33910891089108913,2023-12-01 04:30:10.485827446
60279.187632937814,76.0,8.717797887081348,0.3712871287128713,2023-12-01 04:30:11.485827208
60279.18764451189,98.33333333333333,0.0,0.48184818481848185,2023-12-01 04:30:12.485827446
60279.18765608597,120.66666666666666,0.0,0.5924092409240924,2023-12-01 04:30:13.485827684
60279.18766766004,143.0,11.958260743101398,0.7029702970297029,2023-12-01 04:30:14.485827208
60279.18767923411,127.5,0.0,0.6262376237623762,2023-12-01 04:30:15.485827446
60279.18769080819,112.0,0.0,0.5495049504950495,2023-12-01 04:30:16.485827684
60279.18770238226,96.5,0.0,0.47277227722772275,2023-12-01 04:30:17.485827208
60279.18771395633,81.0,0.0,0.39603960396039606,2023-12-01 04:30:18.485826969
60279.18772553041,65.5,0.0,0.3193069306930693,2023-12-01 04:30:19.485827684
60279.18773710448,50.0,7.0710678118654755,0.24257425742574257,2023-12-01 04:30:20.485827446
60279.18774867855,82.0,9.055385138137417,0.400990099009901,2023-12-01 04:30:21.485826969
60279.18776025264,73.33333333333333,0.0,0.3580858085808581,2023-12-01 04:30:22.485827684
60279.187771826706,64.66666666666667,0.0,0.3151815181518152,2023-12-01 04:30:23.485827446
60279.187783400776,56.0,7.483314773547883,0.2722772277227723,2023-12-01 04:30:24.485826969
60279.18779497486,56.5,0.0,0.2747524752475248,2023-12-01 04:30:25.485827923
60279.18780654893,57.0,7.54983443527075,0.27722772277227725,2023-12-01 04:30:26.485827446
60279.187818123,56.0,0.0,0.2722772277227723,2023-12-01 04:30:27.485826969
60279.187829697075,55.0,7.416198487095663,0.26732673267326734,2023-12-01 04:30:28.485827208
60279.18784127115,68.5,0.0,0.3341584158415842,2023-12-01 04:30:29.485827446
60279.18785284522,82.0,9.055385138137417,0.400990099009901,2023-12-01 04:30:30.485827208
60279.1878644193,84.5,0.0,0.41336633663366334,2023-12-01 04:30:31.485827446
60279.187875993375,87.0,0.0,0.42574257425742573,2023-12-01 04:30:32.485827684
60279.187887567445,89.5,0.0,0.4381188118811881,2023-12-01 04:30:33.485827208
60279.18789914152,92.0,9.591663046625438,0.4504950495049505,2023-12-01 04:30:34.485827446
60279.1879107156,49.0,7.0,0.2376237623762376,2023-12-01 04:30:35.485827684
60279.18792228967,69.0,0.0,0.33663366336633666,2023-12-01 04:30:36.485827208
60279.18793386374,89.0,0.0,0.43564356435643564,2023-12-01 04:30:37.485826969
60279.18794543782,109.0,0.0,0.5346534653465347,2023-12-01 04:30:38.485827684
60279.18795701189,129.0,0.0,0.6336633663366337,2023-12-01 04:30:39.485827446
60279.18796858596,149.0,12.206555615733702,0.7326732673267327,2023-12-01 04:30:40.485826969
60279.187980160044,136.33333333333334,0.0,0.66996699669967,2023-12-01 04:30:41.485827923
60279.187991734114,123.66666666666667,0.0,0.6072607260726073,2023-12-01 04:30:42.485827446
60279.18800330818,111.0,0.0,0.5445544554455446,2023-12-01 04:30:43.485826969
60279.18801488226,98.33333333333334,0.0,0.4818481848184819,2023-12-01 04:30:44.485827208
60279.18802645634,85.66666666666667,0.0,0.41914191419141916,2023-12-01 04:30:45.485827446
60279.18803803041,73.0,8.54400374531753,0.3564356435643564,2023-12-01 04:30:46.485827208
60279.18804960448,94.0,9.695359714832659,0.4603960396039604,2023-12-01 04:30:47.485827446
60279.18806117856,104.0,0.0,0.5099009900990099,2023-12-01 04:30:48.485827684
60279.18807275263,114.0,0.0,0.5594059405940595,2023-12-01 04:30:49.485827208
60279.188084326706,124.0,0.0,0.6089108910891089,2023-12-01 04:30:50.485827446
60279.18809590078,134.0,11.575836902790225,0.6584158415841584,2023-12-01 04:30:51.485827684
60279.18810747485,137.8,0.0,0.6772277227722773,2023-12-01 04:30:52.485827208
60279.18811904892,141.6,0.0,0.696039603960396,2023-12-01 04:30:53.485826969
60279.188130623006,145.4,0.0,0.7148514851485149,2023-12-01 04:30:54.485827684
60279.188142197076,149.2,0.0,0.7336633663366336,2023-12-01 04:30:55.485827446
60279.188153771145,153.0,12.36931687685298,0.7524752475247525,2023-12-01 04:30:56.485826969
60279.18816534523,158.5,0.0,0.7797029702970297,2023-12-01 04:30:57.485827923
60279.1881769193,164.0,0.0,0.806930693069307,2023-12-01 04:30:58.485827446
60279.18818849337,169.5,0.0,0.8341584158415841,2023-12-01 04:30:59.485826969
60279.18820006745,175.0,0.0,0.8613861386138614,2023-12-01 04:31:00.485827923
60279.18821164152,180.5,0.0,0.8886138613861386,2023-12-01 04:31:01.485827446
60279.18822321559,186.0,13.638181696985855,0.9158415841584159,2023-12-01 04:31:02.485826969
60279.18823478967,188.0,0.0,0.9257425742574258,2023-12-01 04:31:03.485827208
60279.188246363745,190.0,0.0,0.9356435643564357,2023-12-01 04:31:04.485827446
60279.188257937814,192.0,0.0,0.9455445544554455,2023-12-01 04:31:05.485827208
60279.18826951189,194.0,0.0,0.9554455445544554,2023-12-01 04:31:06.485827446
60279.18828108597,196.0,0.0,0.9653465346534653,2023-12-01 04:31:07.485827684
60279.18829266004,198.0,14.071247279470288,0.9752475247524752,2023-12-01 04:31:08.485827208
60279.188304234114,181.2,0.0,0.892079207920792,2023-12-01 04:31:09.485827446
60279.18831580819,164.4,0.0,0.808910891089109,2023-12-01 04:31:10.485827684
60279.18832738226,147.6,0.0,0.7257425742574257,2023-12-01 04:31:11.485827208
60279.18833895633,130.8,0.0,0.6425742574257426,2023-12-01 04:31:12.485826969
60279.188350530414,114.0,10.677078252031311,0.5594059405940595,2023-12-01 04:31:13.485827684
60279.18836210448,75.0,0.0,0.36633663366336633,2023-12-01 04:31:14.485827446
60279.18837367855,36.0,6.0,0.17326732673267325,2023-12-01 04:31:15.485826969
60279.18838525264,56.5,0.0,0.2747524752475248,2023-12-01 04:31:16.485827923
60279.18839682671,77.0,0.0,0.37623762376237624,2023-12-01 04:31:17.485827446
60279.188408400776,97.5,0.0,0.4777227722772277,2023-12-01 04:31:18.485826969
60279.18841997485,118.0,10.862780491200215,0.5792079207920792,2023-12-01 04:31:19.485827208
60279.18843154893,128.0,0.0,0.6287128712871287,2023-12-01 04:31:20.485827446
60279.188443123,138.0,0.0,0.6782178217821783,2023-12-01 04:31:21.485827208
60279.188454697076,148.0,0.0,0.7277227722772277,2023-12-01 04:31:22.485827446
60279.18846627115,158.0,12.569805089976535,0.7772277227722773,2023-12-01 04:31:23.485827684
60279.18847784522,146.5,0.0,0.7202970297029703,2023-12-01 04:31:24.485827208
60279.1884894193,135.0,0.0,0.6633663366336634,2023-12-01 04:31:25.485827446
60279.188500993376,123.5,0.0,0.6064356435643564,2023-12-01 04:31:26.485827684
60279.188512567445,112.0,0.0,0.5495049504950495,2023-12-01 04:31:27.485827208
60279.188524141515,100.5,0.0,0.49257425742574257,2023-12-01 04:31:28.485826969
60279.1885357156,89.0,9.433981132056603,0.43564356435643564,2023-12-01 04:31:29.485827684
60279.18854728967,75.0,8.660254037844387,0.36633663366336633,2023-12-01 04:31:30.485827446
60279.18855886374,71.25,0.0,0.34777227722772275,2023-12-01 04:31:31.485826969
60279.18857043782,67.5,0.0,0.3292079207920792,2023-12-01 04:31:32.485827923
60279.18858201189,63.75,0.0,0.31064356435643564,2023-12-01 04:31:33.485827446
60279.18859358596,60.0,7.745966692414834,0.29207920792079206,2023-12-01 04:31:34.485826969
60279.18860516004,108.0,10.392304845413264,0.5297029702970297,2023-12-01 04:31:35.485827208
60279.188616734114,110.0,0.0,0.5396039603960396,2023-12-01 04:31:36.485827446
60279.188628308184,112.0,0.0,0.5495049504950495,2023-12-01 04:31:37.485827208
60279.18863988226,114.0,0.0,0.5594059405940595,2023-12-01 04:31:38.485827446
60279.18865145634,116.0,10.770329614269007,0.5693069306930693,2023-12-01 04:31:39.485827446
60279.18866303041,47.0,6.855654600401044,0.22772277227722773,2023-12-01 04:31:40.485827208
60279.188674604484,71.8,0.0,0.3504950495049505,2023-12-01 04:31:41.485827446
60279.18868617856,96.6,0.0,0.47326732673267324,2023-12-01 04:31:42.485827684
60279.18869775263,121.4,0.0,0.5960396039603961,2023-12-01 04:31:43.485827208
60279.18870932671,146.2,0.0,0.7188118811881188,2023-12-01 04:31:44.485827446
60279.188720900784,171.0,13.076696830622021,0.8415841584158416,2023-12-01 04:31:45.485827684
60279.18873247485,152.0,0.0,0.7475247524752475,2023-12-01 04:31:46.485827208
60279.18874404892,133.0,0.0,0.6534653465346535,2023-12-01 04:31:47.485826969
60279.18875562301,114.0,0.0,0.5594059405940595,2023-12-01 04:31:48.485827684
60279.188767197076,95.0,0.0,0.46534653465346537,2023-12-01 04:31:49.485827446
60279.188778771146,76.0,0.0,0.3712871287128713,2023-12-01 04:31:50.485826969
60279.18879034523,57.0,7.54983443527075,0.27722772277227725,2023-12-01 04:31:51.485827923
60279.1888019193,91.0,9.539392014169456,0.44554455445544555,2023-12-01 04:31:52.485827446
60279.18881349337,99.2,0.0,0.4861386138613862,2023-12-01 04:31:53.485826969
60279.188825067446,107.4,0.0,0.5267326732673268,2023-12-01 04:31:54.485827208
60279.18883664152,115.6,0.0,0.5673267326732673,2023-12-01 04:31:55.485827446
60279.18884821559,123.8,0.0,0.6079207920792079,2023-12-01 04:31:56.485827208
60279.18885978967,132.0,11.489125293076057,0.6485148514851485,2023-12-01 04:31:57.485827446
60279.188871363745,140.66666666666666,0.0,0.6914191419141914,2023-12-01 04:31:58.485827684
60279.188882937815,149.33333333333334,0.0,0.7343234323432344,2023-12-01 04:31:59.485827208
60279.18889451189,158.0,0.0,0.7772277227722773,2023-12-01 04:32:00.485827446
60279.18890608597,166.66666666666666,0.0,0.8201320132013201,2023-12-01 04:32:01.485827684
60279.18891766004,175.33333333333331,0.0,0.863036303630363,2023-12-01 04:32:02.485827208
60279.18892923411,184.0,13.564659966250536,0.905940594059406,2023-12-01 04:32:03.485826969
60279.18894080819,157.75,0.0,0.775990099009901,2023-12-01 04:32:04.485827684
60279.18895238226,131.5,0.0,0.6460396039603961,2023-12-01 04:32:05.485827446
60279.18896395633,105.25,0.0,0.5160891089108911,2023-12-01 04:32:06.485826969
60279.188975530415,79.0,8.888194417315589,0.38613861386138615,2023-12-01 04:32:07.485827923
60279.188987104484,66.0,0.0,0.3217821782178218,2023-12-01 04:32:08.485827446
60279.18899867855,53.0,7.280109889280518,0.25742574257425743,2023-12-01 04:32:09.485826969
60279.18901025263,67.0,0.0,0.32673267326732675,2023-12-01 04:32:10.485827208
60279.18902182671,81.0,0.0,0.39603960396039606,2023-12-01 04:32:11.485827446
60279.18903340078,95.0,0.0,0.46534653465346537,2023-12-01 04:32:12.485827208
60279.18904497485,109.0,10.44030650891055,0.5346534653465347,2023-12-01 04:32:13.485827446
60279.18905654893,48.0,6.928203230275509,0.23267326732673266,2023-12-01 04:32:14.485827684
60279.189068123,42.833333333333336,0.0,0.2070957095709571,2023-12-01 04:32:15.485827208
60279.18907969708,37.666666666666664,0.0,0.1815181518151815,2023-12-01 04:32:16.485827446
60279.18909127115,32.5,0.0,0.15594059405940594,2023-12-01 04:32:17.485827684
60279.18910284522,27.333333333333332,0.0,0.13036303630363036,2023-12-01 04:32:18.485827208
60279.18911441929,22.166666666666664,0.0,0.10478547854785478,2023-12-01 04:32:19.485826969
60279.18912599338,17.0,4.123105625617661,0.07920792079207921,2023-12-01 04:32:20.485827684
60279.189137567446,134.0,11.575836902790225,0.6584158415841584,2023-12-01 04:32:21.485827208
60279.189149141515,138.5,0.0,0.6806930693069307,2023-12-01 04:32:22.485826969
60279.1891607156,143.0,0.0,0.7029702970297029,2023-12-01 04:32:23.485827684
60279.18917228967,147.5,0.0,0.7252475247524752,2023-12-01 04:32:24.485827446
60279.18918386374,152.0,0.0,0.7475247524752475,2023-12-01 04:32:25.485826969
60279.18919543782,156.5,0.0,0.7698019801980198,2023-12-01 04:32:26.485827923
60279.18920701189,161.0,12.68857754044952,0.7920792079207921,2023-12-01 04:32:27.485827446
60279.18921858596,158.6,0.0,0.7801980198019802,2023-12-01 04:32:28.485826969
60279.18923016004,156.2,0.0,0.7683168316831682,2023-12-01 04:32:29.485827208
60279.189241734115,153.8,0.0,0.7564356435643564,2023-12-01 04:32:30.485827446
60279.189253308185,151.4,0.0,0.7445544554455445,2023-12-01 04:32:31.485827208
60279.18926488226,149.0,12.206555615733702,0.7326732673267327,2023-12-01 04:32:32.485827446
60279.18927645634,131.25,0.0,0.6448019801980198,2023-12-01 04:32:33.485827684
60279.18928803041,113.5,0.0,0.556930693069307,2023-12-01 04:32:34.485827208
60279.189299604484,95.75,0.0,0.4690594059405941,2023-12-01 04:32:35.485827446
60279.18931117856,78.0,8.831760866327848,0.3811881188118812,2023-12-01 04:32:36.485827684
60279.18932275263,31.0,5.5677643628300215,0.1485148514851485,2023-12-01 04:32:37.485827208
60279.1893343267,53.6,0.0,0.2603960396039604,2023-12-01 04:32:38.485826969
60279.189345900784,76.2,0.0,0.3722772277227723,2023-12-01 04:32:39.485827684
60279.189357474854,98.80000000000001,0.0,0.4841584158415842,2023-12-01 04:32:40.485827446
60279.18936904892,121.4,0.0,0.5960396039603961,2023-12-01 04:32:41.485826969
60279.18938062301,144.0,12.0,0.7079207920792079,2023-12-01 04:32:42.485827923
60279.18939219708,139.57142857142858,0.0,0.685997171145686,2023-12-01 04:32:43.485827446
60279.189403771146,135.14285714285714,0.0,0.6640735502121641,2023-12-01 04:32:44.485826969
60279.18941534522,130.71428571428572,0.0,0.6421499292786422,2023-12-01 04:32:45.485827208
60279.1894269193,126.28571428571428,0.0,0.6202263083451202,2023-12-01 04:32:46.485827446
60279.18943849337,121.85714285714286,0.0,0.5983026874115983,2023-12-01 04:32:47.485827208
60279.189450067446,117.42857142857143,0.0,0.5763790664780764,2023-12-01 04:32:48.485827446
60279.18946164152,113.0,10.63014581273465,0.5544554455445545,2023-12-01 04:32:49.485827684
60279.18947321559,114.5,0.0,0.5618811881188119,2023-12-01 04:32:50.485827208
60279.18948478967,116.0,0.0,0.5693069306930693,2023-12-01 04:32:51.485827446
60279.189496363746,117.5,0.0,0.5767326732673267,2023-12-01 04:32:52.485827684
60279.189507937816,119.0,10.908712114635714,0.5841584158415841,2023-12-01 04:32:53.485827208
60279.189519511885,121.25,0.0,0.5952970297029703,2023-12-01 04:32:54.485826969
60279.18953108597,123.5,0.0,0.6064356435643564,2023-12-01 04:32:55.485827684
60279.18954266004,125.75,0.0,0.6175742574257426,2023-12-01 04:32:56.485827446
60279.18955423411,128.0,11.313708498984761,0.6287128712871287,2023-12-01 04:32:57.485826969
60279.18956580819,15.0,3.872983346207417,0.0693069306930693,2023-12-01 04:32:58.485827684
60279.18957738226,33.42857142857143,0.0,0.16053748231966056,2023-12-01 04:32:59.485827446
60279.18958895633,51.857142857142854,0.0,0.25176803394625175,2023-12-01 04:33:00.485826969
60279.189600530415,70.28571428571428,0.0,0.34299858557284296,2023-12-01 04:33:01.485827923
60279.189612104485,88.71428571428571,0.0,0.4342291371994342,2023-12-01 04:33:02.485827446
60279.189623678554,107.14285714285714,0.0,0.5254596888260255,2023-12-01 04:33:03.485826969
60279.18963525263,125.57142857142856,0.0,0.6166902404526167,2023-12-01 04:33:04.485827208
60279.18964682671,144.0,12.0,0.7079207920792079,2023-12-01 04:33:05.485827446
60279.18965840078,119.2,0.0,0.5851485148514851,2023-12-01 04:33:06.485827208
60279.189669974854,94.4,0.0,0.4623762376237624,2023-12-01 04:33:07.485827446
60279.18968154893,69.6,0.0,0.3396039603960396,2023-12-01 04:33:08.485827684
60279.189693123,44.8,0.0,0.2168316831683168,2023-12-01 04:33:09.485827208
60279.18970469708,20.0,4.47213595499958,0.09405940594059406,2023-12-01 04:33:10.485827446
60279.189716271154,127.0,11.269427669584644,0.6237623762376238,2023-12-01 04:33:11.485827684
60279.18972784522,129.16666666666666,0.0,0.6344884488448844,2023-12-01 04:33:12.485827208
60279.18973941929,131.33333333333334,0.0,0.6452145214521453,2023-12-01 04:33:13.485826969
60279.18975099338,133.5,0.0,0.655940594059406,2023-12-01 04:33:14.485827684
60279.18976256745,135.66666666666666,0.0,0.6666666666666666,2023-12-01 04:33:15.485827446
60279.189774141516,137.83333333333334,0.0,0.6773927392739274,2023-12-01 04:33:16.485826969
60279.1897857156,140.0,11.832159566199232,0.6881188118811882,2023-12-01 04:33:17.485827923
60279.18979728967,123.6,0.0,0.6069306930693069,2023-12-01 04:33:18.485827446
60279.18980886374,107.2,0.0,0.5257425742574258,2023-12-01 04:33:19.485826969
60279.189820437816,90.80000000000001,0.0,0.4445544554455446,2023-12-01 04:33:20.485827208
60279.18983201189,74.4,0.0,0.3633663366336634,2023-12-01 04:33:21.485827446
60279.18984358596,58.0,7.615773105863909,0.28217821782178215,2023-12-01 04:33:22.485827208
60279.18985516004,64.5,0.0,0.31435643564356436,2023-12-01 04:33:23.485827446
60279.189866734116,71.0,8.426149773176359,0.3465346534653465,2023-12-01 04:33:24.485827684
60279.189878308185,65.0,0.0,0.31683168316831684,2023-12-01 04:33:25.485827208
60279.18988988226,59.0,0.0,0.2871287128712871,2023-12-01 04:33:26.485827446
60279.18990145634,53.0,0.0,0.25742574257425743,2023-12-01 04:33:27.485827684
60279.18991303041,47.0,6.855654600401044,0.22772277227722773,2023-12-01 04:33:28.485827208
60279.18992460448,117.0,10.816653826391969,0.5742574257425742,2023-12-01 04:33:29.485826969
60279.18993617856,116.0,0.0,0.5693069306930693,2023-12-01 04:33:30.485827684
60279.18994775263,115.0,0.0,0.5643564356435644,2023-12-01 04:33:31.485827446
60279.1899593267,114.0,0.0,0.5594059405940595,2023-12-01 04:33:32.485826969
60279.189970900785,113.0,0.0,0.5544554455445545,2023-12-01 04:33:33.485827923
60279.189982474854,112.0,0.0,0.5495049504950495,2023-12-01 04:33:34.485827446
60279.189994048924,111.0,10.535653752852738,0.5445544554455446,2023-12-01 04:33:35.485826969
60279.190005623,96.0,0.0,0.47029702970297027,2023-12-01 04:33:36.485827208
60279.19001719708,81.0,0.0,0.39603960396039606,2023-12-01 04:33:37.485827446
60279.19002877115,66.0,0.0,0.3217821782178218,2023-12-01 04:33:38.485827208
60279.190040345224,51.0,7.14142842854285,0.24752475247524752,2023-12-01 04:33:39.485827208
60279.1900519193,83.0,9.1104335791443,0.40594059405940597,2023-12-01 04:33:40.485827446
60279.19006349337,91.0,0.0,0.44554455445544555,2023-12-01 04:33:41.485827208
60279.19007506745,99.0,0.0,0.48514851485148514,2023-12-01 04:33:42.485827446
60279.19008664152,107.0,0.0,0.5247524752475248,2023-12-01 04:33:43.485827684
60279.19009821559,115.0,0.0,0.5643564356435644,2023-12-01 04:33:44.485827208
60279.19010978967,123.0,0.0,0.6039603960396039,2023-12-01 04:33:45.485827446
60279.19012136375,131.0,11.445523142259598,0.6435643564356436,2023-12-01 04:33:46.485827684
60279.190132937816,120.75,0.0,0.5928217821782178,2023-12-01 04:33:47.485827208
60279.190144511886,110.5,0.0,0.5420792079207921,2023-12-01 04:33:48.485826969
60279.19015608597,100.25,0.0,0.49133663366336633,2023-12-01 04:33:49.485827684
60279.19016766004,90.0,9.486832980505138,0.4405940594059406,2023-12-01 04:33:50.485827446
60279.19017923411,80.0,0.0,0.3910891089108911,2023-12-01 04:33:51.485826969
60279.19019080819,70.0,8.366600265340756,0.3415841584158416,2023-12-01 04:33:52.485827923
60279.19020238226,83.66666666666667,0.0,0.40924092409240925,2023-12-01 04:33:53.485827446
60279.19021395633,97.33333333333333,0.0,0.4768976897689769,2023-12-01 04:33:54.485826969
60279.19022553041,111.0,10.535653752852738,0.5445544554455446,2023-12-01 04:33:55.485827208
60279.190237104485,6.0,2.449489742783178,0.02475247524752475,2023-12-01 04:33:56.485827446
60279.190248678555,34.6,0.0,0.16633663366336635,2023-12-01 04:33:57.485827208
60279.19026025263,63.2,0.0,0.3079207920792079,2023-12-01 04:33:58.485827446
60279.19027182671,91.80000000000001,0.0,0.44950495049504957,2023-12-01 04:33:59.485827684
60279.19028340078,120.4,0.0,0.5910891089108912,2023-12-01 04:34:00.485827208
60279.190294974855,149.0,12.206555615733702,0.7326732673267327,2023-12-01 04:34:01.485827446
60279.19030654893,139.33333333333334,0.0,0.6848184818481848,2023-12-01 04:34:02.485827684
60279.190318123,129.66666666666666,0.0,0.6369636963696369,2023-12-01 04:34:03.485827208
60279.19032969707,120.0,0.0,0.5891089108910891,2023-12-01 04:34:04.485826969
60279.190341271154,110.33333333333334,0.0,0.5412541254125413,2023-12-01 04:34:05.485827684
60279.190352845224,100.66666666666667,0.0,0.49339933993399343,2023-12-01 04:34:06.485827446
60279.19036441929,91.0,9.539392014169456,0.44554455445544555,2023-12-01 04:34:07.485826969
60279.19037599338,78.5,0.0,0.38366336633663367,2023-12-01 04:34:08.485827923
60279.19038756745,66.0,8.12403840463596,0.3217821782178218,2023-12-01 04:34:09.485827446
60279.19039914152,58.8,0.0,0.2861386138613861,2023-12-01 04:34:10.485826969
60279.19041071559,51.6,0.0,0.2504950495049505,2023-12-01 04:34:11.485827208
60279.19042228967,44.4,0.0,0.21485148514851485,2023-12-01 04:34:12.485827446
60279.19043386374,37.2,0.0,0.17920792079207923,2023-12-01 04:34:13.485827208
60279.19044543782,30.0,5.477225575051661,0.14356435643564355,2023-12-01 04:34:14.485827446
60279.19045701189,109.0,10.44030650891055,0.5346534653465347,2023-12-01 04:34:15.485827684
60279.19046858596,105.83333333333333,0.0,0.518976897689769,2023-12-01 04:34:16.485827208
60279.19048016004,102.66666666666667,0.0,0.5033003300330033,2023-12-01 04:34:17.485827446
60279.190491734116,99.5,0.0,0.4876237623762376,2023-12-01 04:34:18.485827684
60279.190503308186,96.33333333333333,0.0,0.47194719471947194,2023-12-01 04:34:19.485827208
60279.19051488226,93.16666666666667,0.0,0.45627062706270627,2023-12-01 04:34:20.485827446
60279.19052645634,90.0,9.486832980505138,0.4405940594059406,2023-12-01 04:34:21.485827684
60279.19053803041,73.0,8.54400374531753,0.3564356435643564,2023-12-01 04:34:22.485827208
60279.19054960448,68.75,0.0,0.3353960396039604,2023-12-01 04:34:23.485826969
60279.19056117856,64.5,0.0,0.31435643564356436,2023-12-01 04:34:24.485827684
60279.19057275263,60.25,0.0,0.2933168316831683,2023-12-01 04:34:25.485827446
60279.1905843267,56.0,7.483314773547883,0.2722772277227723,2023-12-01 04:34:26.485826969
60279.190595900785,40.0,6.324555320336759,0.19306930693069307,2023-12-01 04:34:27.485827923
60279.190607474855,48.0,0.0,0.23267326732673266,2023-12-01 04:34:28.485827446
60279.190619048924,56.0,0.0,0.2722772277227723,2023-12-01 04:34:29.485826969
60279.190630623,64.0,0.0,0.3118811881188119,2023-12-01 04:34:30.485827208
60279.19064219708,72.0,0.0,0.35148514851485146,2023-12-01 04:34:31.485827446
60279.19065377115,80.0,8.94427190999916,0.3910891089108911,2023-12-01 04:34:32.485827208
60279.190665345224,56.0,7.483314773547883,0.2722772277227723,2023-12-01 04:34:33.485827446
60279.1906769193,68.8,0.0,0.3356435643564356,2023-12-01 04:34:34.485827684
60279.19068849337,81.6,0.0,0.399009900990099,2023-12-01 04:34:35.485827208
60279.19070006745,94.4,0.0,0.4623762376237624,2023-12-01 04:34:36.485827446
60279.190711641524,107.2,0.0,0.5257425742574258,2023-12-01 04:34:37.485827684
60279.19072321559,120.0,10.954451150103322,0.5891089108910891,2023-12-01 04:34:38.485827208
60279.19073478966,11.0,3.3166247903554,0.04950495049504951,2023-12-01 04:34:39.485826969
60279.19074636375,26.25,0.0,0.125,2023-12-01 04:34:40.485827684
60279.19075793782,41.5,0.0,0.2004950495049505,2023-12-01 04:34:41.485827446
60279.190769511886,56.75,0.0,0.275990099009901,2023-12-01 04:34:42.485826969
60279.19078108597,72.0,8.48528137423857,0.35148514851485146,2023-12-01 04:34:43.485827923
60279.19079266004,25.0,5.0,0.1188118811881188,2023-12-01 04:34:44.485827446
60279.19080423411,33.25,0.0,0.15965346534653466,2023-12-01 04:34:45.485826969
60279.190815808186,41.5,0.0,0.2004950495049505,2023-12-01 04:34:46.485827208
60279.19082738226,49.75,0.0,0.24133663366336633,2023-12-01 04:34:47.485827446
60279.19083895633,58.0,7.615773105863909,0.28217821782178215,2023-12-01 04:34:48.485827208
60279.19085053041,50.0,7.0710678118654755,0.24257425742574257,2023-12-01 04:34:49.485827446
60279.190862104486,63.25,0.0,0.30816831683168316,2023-12-01 04:34:50.485827684
60279.190873678555,76.5,0.0,0.37376237623762376,2023-12-01 04:34:51.485827208
60279.19088525263,89.75,0.0,0.43935643564356436,2023-12-01 04:34:52.485827446
60279.19089682671,103.0,10.14889156509222,0.504950495049505,2023-12-01 04:34:53.485827684
60279.19090840078,78.0,0.0,0.3811881188118812,2023-12-01 04:34:54.485827208
60279.19091997485,53.0,0.0,0.25742574257425743,2023-12-01 04:34:55.485826969
60279.19093154893,28.0,5.291502622129181,0.13366336633663367,2023-12-01 04:34:56.485827684
60279.190943123,38.666666666666664,0.0,0.18646864686468645,2023-12-01 04:34:57.485827446
60279.19095469707,49.33333333333333,0.0,0.23927392739273926,2023-12-01 04:34:58.485826969
60279.190966271155,60.0,7.745966692414834,0.29207920792079206,2023-12-01 04:34:59.485827684
60279.190977845225,69.0,8.306623862918075,0.33663366336633666,2023-12-01 04:35:00.485827446
60279.190989419294,74.33333333333333,0.0,0.363036303630363,2023-12-01 04:35:01.485826969
60279.19100099338,79.66666666666667,0.0,0.3894389438943895,2023-12-01 04:35:02.485827923
60279.19101256745,85.0,0.0,0.4158415841584158,2023-12-01 04:35:03.485827446
60279.19102414152,90.33333333333333,0.0,0.4422442244224422,2023-12-01 04:35:04.485826969
60279.191035715594,95.66666666666666,0.0,0.4686468646864686,2023-12-01 04:35:05.485827208
60279.19104728967,101.0,10.04987562112089,0.49504950495049505,2023-12-01 04:35:06.485827446
60279.19105886374,100.5,0.0,0.49257425742574257,2023-12-01 04:35:07.485827208
60279.19107043782,100.0,0.0,0.4900990099009901,2023-12-01 04:35:08.485827446
60279.191082011894,99.5,0.0,0.4876237623762376,2023-12-01 04:35:09.485827684
60279.19109358596,99.0,9.9498743710662,0.48514851485148514,2023-12-01 04:35:10.485827208
60279.19110516004,30.0,5.477225575051661,0.14356435643564355,2023-12-01 04:35:11.485827446
60279.19111673412,46.4,0.0,0.22475247524752473,2023-12-01 04:35:12.485827684
60279.191128308186,62.8,0.0,0.30594059405940593,2023-12-01 04:35:13.485827208
60279.191139882256,79.19999999999999,0.0,0.3871287128712871,2023-12-01 04:35:14.485826969
60279.19115145634,95.6,0.0,0.4683168316831683,2023-12-01 04:35:15.485827684
60279.19116303041,112.0,10.583005244258363,0.5495049504950495,2023-12-01 04:35:16.485827446
60279.19117460448,74.5,0.0,0.36386138613861385,2023-12-01 04:35:17.485826969
60279.19118617856,37.0,6.082762530298219,0.1782178217821782,2023-12-01 04:35:18.485827923
60279.19119775263,40.0,0.0,0.19306930693069307,2023-12-01 04:35:19.485827446
60279.1912093267,43.0,0.0,0.2079207920792079,2023-12-01 04:35:20.485826969
60279.19122090078,46.0,0.0,0.22277227722772278,2023-12-01 04:35:21.485827208
60279.191232474855,49.0,0.0,0.2376237623762376,2023-12-01 04:35:22.485827446
60279.191244048925,52.0,7.211102550927978,0.2524752475247525,2023-12-01 04:35:23.485827208
60279.191255623,74.0,8.602325267042627,0.3613861386138614,2023-12-01 04:35:24.485827446
60279.19126719708,85.16666666666667,0.0,0.4166666666666667,2023-12-01 04:35:25.485827684
60279.19127877115,96.33333333333333,0.0,0.47194719471947194,2023-12-01 04:35:26.485827208
60279.191290345225,107.5,0.0,0.5272277227722773,2023-12-01 04:35:27.485827446
60279.1913019193,118.66666666666666,0.0,0.5825082508250825,2023-12-01 04:35:28.485827684
60279.19131349337,129.83333333333331,0.0,0.6377887788778877,2023-12-01 04:35:29.485827208
60279.19132506744,141.0,11.874342087037917,0.693069306930693,2023-12-01 04:35:30.485826969
60279.191336641525,130.16666666666666,0.0,0.6394389438943894,2023-12-01 04:35:31.485827684
60279.191348215594,119.33333333333333,0.0,0.5858085808580857,2023-12-01 04:35:32.485827446
60279.191359789664,108.5,0.0,0.5321782178217822,2023-12-01 04:35:33.485826969
60279.19137136375,97.66666666666666,0.0,0.4785478547854785,2023-12-01 04:35:34.485827923
60279.19138293782,86.83333333333333,0.0,0.42491749174917487,2023-12-01 04:35:35.485827446
60279.19139451189,76.0,8.717797887081348,0.3712871287128713,2023-12-01 04:35:36.485826969
60279.19140608596,45.0,6.708203932499369,0.21782178217821782,2023-12-01 04:35:37.485827208
60279.19141766004,62.33333333333333,0.0,0.3036303630363036,2023-12-01 04:35:38.485827446
60279.19142923411,79.66666666666666,0.0,0.3894389438943894,2023-12-01 04:35:39.485826969
60279.19144080819,97.0,9.848857801796104,0.4752475247524752,2023-12-01 04:35:40.485827208
60279.19145238226,56.0,0.0,0.2722772277227723,2023-12-01 04:35:41.485827446
60279.19146395633,15.0,3.872983346207417,0.0693069306930693,2023-12-01 04:35:42.485827208
60279.19147553041,43.75,0.0,0.21163366336633663,2023-12-01 04:35:43.485827446
60279.19148710449,72.5,0.0,0.35396039603960394,2023-12-01 04:35:44.485827684
60279.191498678556,101.25,0.0,0.4962871287128713,2023-12-01 04:35:45.485827208
60279.19151025263,130.0,11.40175425099138,0.6386138613861386,2023-12-01 04:35:46.485827446
60279.19152182671,132.6,0.0,0.6514851485148515,2023-12-01 04:35:47.485827684
60279.19153340078,135.2,0.0,0.6643564356435643,2023-12-01 04:35:48.485827208
60279.19154497485,137.8,0.0,0.6772277227722773,2023-12-01 04:35:49.485826969
60279.19155654893,140.4,0.0,0.6900990099009902,2023-12-01 04:35:50.485827684
60279.191568123,143.0,11.958260743101398,0.7029702970297029,2023-12-01 04:35:51.485827446
60279.19157969707,122.5,0.0,0.6014851485148515,2023-12-01 04:35:52.485826969
60279.191591271156,102.0,0.0,0.5,2023-12-01 04:35:53.485827923
60279.191602845225,81.5,0.0,0.39851485148514854,2023-12-01 04:35:54.485827446
60279.191614419295,61.0,0.0,0.297029702970297,2023-12-01 04:35:55.485826969
60279.19162599337,40.5,0.0,0.19554455445544555,2023-12-01 04:35:56.485827208
60279.19163756745,20.0,4.47213595499958,0.09405940594059406,2023-12-01 04:35:57.485827446
60279.19164914152,130.0,11.40175425099138,0.6386138613861386,2023-12-01 04:35:58.485827208
60279.191660715594,114.4,0.0,0.5613861386138614,2023-12-01 04:35:59.485827446
60279.19167228967,98.8,0.0,0.48415841584158414,2023-12-01 04:36:00.485827684
60279.19168386374,83.2,0.0,0.40693069306930696,2023-12-01 04:36:01.485827208
60279.19169543782,67.6,0.0,0.32970297029702966,2023-12-01 04:36:02.485827446
60279.191707011894,52.0,7.211102550927978,0.2524752475247525,2023-12-01 04:36:03.485827684
60279.191718585964,87.0,0.0,0.42574257425742573,2023-12-01 04:36:04.485827208
60279.19173016003,122.0,11.045361017187261,0.599009900990099,2023-12-01 04:36:05.485826969
60279.19174173412,107.25,0.0,0.525990099009901,2023-12-01 04:36:06.485827684
60279.19175330819,92.5,0.0,0.452970297029703,2023-12-01 04:36:07.485827446
60279.19176488226,77.75,0.0,0.37995049504950495,2023-12-01 04:36:08.485826969
60279.19177645634,63.0,7.937253933193772,0.3069306930693069,2023-12-01 04:36:09.485827923
60279.19178803041,73.5,0.0,0.3589108910891089,2023-12-01 04:36:10.485827446
60279.19179960448,84.0,9.16515138991168,0.41089108910891087,2023-12-01 04:36:11.485826969
60279.191811178556,99.0,0.0,0.48514851485148514,2023-12-01 04:36:12.485827208
60279.19182275263,114.0,0.0,0.5594059405940595,2023-12-01 04:36:13.485827446
60279.1918343267,129.0,0.0,0.6336633663366337,2023-12-01 04:36:14.485827208
60279.19184590078,144.0,0.0,0.7079207920792079,2023-12-01 04:36:15.485827446
60279.191857474856,159.0,12.609520212918492,0.7821782178217822,2023-12-01 04:36:16.485827446
60279.191869048926,156.8,0.0,0.7712871287128713,2023-12-01 04:36:17.485827208
60279.191880623,154.6,0.0,0.7603960396039604,2023-12-01 04:36:18.485827446
60279.19189219708,152.4,0.0,0.7495049504950495,2023-12-01 04:36:19.485827684
60279.19190377115,150.2,0.0,0.7386138613861386,2023-12-01 04:36:20.485827208
60279.191915345225,148.0,12.165525060596439,0.7277227722772277,2023-12-01 04:36:21.485827446
60279.1919269193,123.2,0.0,0.6049504950495049,2023-12-01 04:36:22.485827684
60279.19193849337,98.4,0.0,0.4821782178217822,2023-12-01 04:36:23.485827208
60279.19195006744,73.6,0.0,0.3594059405940594,2023-12-01 04:36:24.485826969
60279.191961641525,48.8,0.0,0.23663366336633662,2023-12-01 04:36:25.485827684
60279.191973215595,24.0,4.898979485566356,0.11386138613861385,2023-12-01 04:36:26.485827446
60279.191984789664,67.5,0.0,0.3292079207920792,2023-12-01 04:36:27.485826969
60279.19199636375,111.0,10.535653752852738,0.5445544554455446,2023-12-01 04:36:28.485827923
60279.19200793782,95.5,0.0,0.46782178217821785,2023-12-01 04:36:29.485827446
60279.19201951189,80.0,0.0,0.3910891089108911,2023-12-01 04:36:30.485826969
60279.192031085964,64.5,0.0,0.31435643564356436,2023-12-01 04:36:31.485827208
60279.19204266004,49.0,7.0,0.2376237623762376,2023-12-01 04:36:32.485827446
60279.19205423411,91.0,9.539392014169456,0.44554455445544555,2023-12-01 04:36:33.485827208
60279.19206580819,94.0,0.0,0.4603960396039604,2023-12-01 04:36:34.485827446
60279.192077382264,97.0,0.0,0.4752475247524752,2023-12-01 04:36:35.485827684
60279.19208895633,100.0,0.0,0.4900990099009901,2023-12-01 04:36:36.485827208
60279.19210053041,103.0,10.14889156509222,0.504950495049505,2023-12-01 04:36:37.485827446
60279.19211210449,66.0,8.12403840463596,0.3217821782178218,2023-12-01 04:36:38.485827684
60279.19212367856,67.4,0.0,0.3287128712871287,2023-12-01 04:36:39.485827208
60279.192135252626,68.8,0.0,0.3356435643564356,2023-12-01 04:36:40.485826969
60279.19214682671,70.2,0.0,0.3425742574257426,2023-12-01 04:36:41.485827684
60279.19215840078,71.6,0.0,0.3495049504950495,2023-12-01 04:36:42.485827446
60279.19216997485,73.0,8.54400374531753,0.3564356435643564,2023-12-01 04:36:43.485826969
60279.19218154893,77.0,8.774964387392123,0.37623762376237624,2023-12-01 04:36:44.485827923
60279.192193123,72.83333333333333,0.0,0.3556105610561056,2023-12-01 04:36:45.485827446
60279.19220469707,68.66666666666667,0.0,0.334983498349835,2023-12-01 04:36:46.485826969
60279.19221627115,64.5,0.0,0.31435643564356436,2023-12-01 04:36:47.485827208
60279.192227845226,60.33333333333333,0.0,0.29372937293729373,2023-12-01 04:36:48.485827446
60279.192239419295,56.166666666666664,0.0,0.2731023102310231,2023-12-01 04:36:49.485827208
60279.19225099337,52.0,7.211102550927978,0.2524752475247525,2023-12-01 04:36:50.485827446
60279.19226256745,91.0,9.539392014169456,0.44554455445544555,2023-12-01 04:36:51.485827684
60279.19227414152,88.33333333333333,0.0,0.4323432343234323,2023-12-01 04:36:52.485827208
60279.192285715595,85.66666666666667,0.0,0.41914191419141916,2023-12-01 04:36:53.485827446
60279.19229728967,83.0,0.0,0.40594059405940597,2023-12-01 04:36:54.485827684
60279.19230886374,80.33333333333333,0.0,0.3927392739273927,2023-12-01 04:36:55.485827208
60279.19232043781,77.66666666666667,0.0,0.3795379537953796,2023-12-01 04:36:56.485826969
60279.192332011895,75.0,8.660254037844387,0.36633663366336633,2023-12-01 04:36:57.485827684
60279.192343585964,71.5,0.0,0.349009900990099,2023-12-01 04:36:58.485827208
60279.192355160034,68.0,8.246211251235321,0.3316831683168317,2023-12-01 04:36:59.485826969
60279.19236673412,82.25,0.0,0.40222772277227725,2023-12-01 04:37:00.485827684
60279.19237830819,96.5,0.0,0.47277227722772275,2023-12-01 04:37:01.485827446
60279.19238988226,110.75,0.0,0.5433168316831684,2023-12-01 04:37:02.485826969
60279.19240145634,125.0,11.180339887498949,0.6138613861386139,2023-12-01 04:37:03.485827923
60279.19241303041,119.66666666666667,0.0,0.5874587458745875,2023-12-01 04:37:04.485827446
60279.19242460448,114.33333333333333,0.0,0.5610561056105611,2023-12-01 04:37:05.485826969
60279.19243617856,109.0,0.0,0.5346534653465347,2023-12-01 04:37:06.485827208
60279.19244775263,103.66666666666667,0.0,0.5082508250825083,2023-12-01 04:37:07.485827446
60279.1924593267,98.33333333333334,0.0,0.4818481848184819,2023-12-01 04:37:08.485827208
60279.19247090078,93.0,9.643650760992955,0.45544554455445546,2023-12-01 04:37:09.485827446
60279.19248247486,18.0,4.242640687119285,0.08415841584158415,2023-12-01 04:37:10.485827684
60279.192494048926,35.2,0.0,0.16930693069306932,2023-12-01 04:37:11.485827208
60279.192505623,52.4,0.0,0.25445544554455446,2023-12-01 04:37:12.485827446
60279.19251719708,69.6,0.0,0.3396039603960396,2023-12-01 04:37:13.485827684
60279.19252877115,86.8,0.0,0.42475247524752474,2023-12-01 04:37:14.485827208
60279.19254034522,104.0,10.198039027185569,0.5099009900990099,2023-12-01 04:37:15.485826969
60279.1925519193,37.0,6.082762530298219,0.1782178217821782,2023-12-01 04:37:16.485827684
60279.19256349337,49.57142857142857,0.0,0.24045261669024043,2023-12-01 04:37:17.485827446
60279.19257506744,62.14285714285714,0.0,0.30268741159830265,2023-12-01 04:37:18.485826969
60279.192586641526,74.71428571428572,0.0,0.364922206506365,2023-12-01 04:37:19.485827923
60279.192598215595,87.28571428571428,0.0,0.42715700141442714,2023-12-01 04:37:20.485827446
60279.192609789665,99.85714285714286,0.0,0.4893917963224894,2023-12-01 04:37:21.485826969
60279.19262136374,112.42857142857143,0.0,0.5516265912305517,2023-12-01 04:37:22.485827208
60279.19263293782,125.0,11.180339887498949,0.6138613861386139,2023-12-01 04:37:23.485827446
60279.19264451189,31.0,5.5677643628300215,0.1485148514851485,2023-12-01 04:37:24.485827208
60279.192656085965,51.6,0.0,0.2504950495049505,2023-12-01 04:37:25.485827446
60279.19266766004,72.2,0.0,0.3524752475247525,2023-12-01 04:37:26.485827684
60279.19267923411,92.80000000000001,0.0,0.4544554455445545,2023-12-01 04:37:27.485827208
60279.19269080819,113.4,0.0,0.5564356435643565,2023-12-01 04:37:28.485827446
60279.192702382265,134.0,11.575836902790225,0.6584158415841584,2023-12-01 04:37:29.485827684
60279.192713956334,13.0,3.605551275463989,0.05940594059405941,2023-12-01 04:37:30.485827208
60279.1927255304,32.66666666666667,0.0,0.15676567656765678,2023-12-01 04:37:31.485826969
60279.19273710449,52.333333333333336,0.0,0.25412541254125415,2023-12-01 04:37:32.485827684
60279.19274867856,72.0,0.0,0.35148514851485146,2023-12-01 04:37:33.485827446
60279.19276025263,91.66666666666667,0.0,0.4488448844884489,2023-12-01 04:37:34.485826969
60279.19277182671,111.33333333333334,0.0,0.5462046204620462,2023-12-01 04:37:35.485827684
60279.19278340078,131.0,11.445523142259598,0.6435643564356436,2023-12-01 04:37:36.485827446
60279.19279497485,129.16666666666666,0.0,0.6344884488448844,2023-12-01 04:37:37.485826969
60279.192806548934,127.33333333333333,0.0,0.6254125412541254,2023-12-01 04:37:38.485827923
60279.192818123,125.5,0.0,0.6163366336633663,2023-12-01 04:37:39.485827446
60279.19282969707,123.66666666666667,0.0,0.6072607260726073,2023-12-01 04:37:40.485826969
60279.19284127115,121.83333333333333,0.0,0.5981848184818481,2023-12-01 04:37:41.485827208
60279.192852845226,120.0,10.954451150103322,0.5891089108910891,2023-12-01 04:37:42.485827446
60279.192864419296,100.75,0.0,0.4938118811881188,2023-12-01 04:37:43.485827208
60279.19287599337,81.5,0.0,0.39851485148514854,2023-12-01 04:37:44.485827446
60279.19288756745,62.25,0.0,0.3032178217821782,2023-12-01 04:37:45.485827684
60279.19289914152,43.0,6.557438524302,0.2079207920792079,2023-12-01 04:37:46.485827208
60279.192910715596,72.0,8.48528137423857,0.35148514851485146,2023-12-01 04:37:47.485827446
60279.19292228967,63.5,0.0,0.3094059405940594,2023-12-01 04:37:48.485827684
60279.19293386374,55.0,0.0,0.26732673267326734,2023-12-01 04:37:49.485827208
60279.19294543781,46.5,0.0,0.22524752475247525,2023-12-01 04:37:50.485826969
60279.192957011895,38.0,0.0,0.18316831683168316,2023-12-01 04:37:51.485827684
60279.192968585965,29.5,0.0,0.14108910891089108,2023-12-01 04:37:52.485827446
60279.192980160034,21.0,4.58257569495584,0.099009900990099,2023-12-01 04:37:53.485826969
60279.19299173412,105.0,10.246950765959598,0.5148514851485149,2023-12-01 04:37:54.485827923
60279.19300330819,93.5,0.0,0.45792079207920794,2023-12-01 04:37:55.485827446
60279.19301488226,82.0,0.0,0.400990099009901,2023-12-01 04:37:56.485826969
60279.193026456334,70.5,0.0,0.34405940594059403,2023-12-01 04:37:57.485827208
60279.19303803041,59.0,0.0,0.2871287128712871,2023-12-01 04:37:58.485827446
60279.19304960448,47.5,0.0,0.2301980198019802,2023-12-01 04:37:59.485827208
60279.19306117856,36.0,6.0,0.17326732673267325,2023-12-01 04:38:00.485827446
60279.193072752634,80.0,8.94427190999916,0.3910891089108911,2023-12-01 04:38:01.485827684
60279.193084326704,78.16666666666667,0.0,0.38201320132013206,2023-12-01 04:38:02.485827208
60279.19309590078,76.33333333333333,0.0,0.3729372937293729,2023-12-01 04:38:03.485827446
60279.19310747486,74.5,0.0,0.36386138613861385,2023-12-01 04:38:04.485827684
60279.19311904893,72.66666666666667,0.0,0.3547854785478548,2023-12-01 04:38:05.485827208
60279.193130622996,70.83333333333333,0.0,0.3457095709570957,2023-12-01 04:38:06.485826969
60279.19314219708,69.0,8.306623862918075,0.33663366336633666,2023-12-01 04:38:07.485827684
60279.19315377115,67.0,0.0,0.32673267326732675,2023-12-01 04:38:08.485827446
60279.19316534522,65.0,8.06225774829855,0.31683168316831684,2023-12-01 04:38:09.485826969
60279.1931769193,62.666666666666664,0.0,0.30528052805280526,2023-12-01 04:38:10.485827923
60279.19318849337,60.333333333333336,0.0,0.29372937293729373,2023-12-01 04:38:11.485827446
60279.19320006744,58.0,7.615773105863909,0.28217821782178215,2023-12-01 04:38:12.485826969
60279.19321164152,52.0,0.0,0.2524752475247525,2023-12-01 04:38:13.485827208
60279.193223215596,46.0,6.782329983125268,0.22277227722772278,2023-12-01 04:38:14.485827446
60279.193234789665,55.0,0.0,0.26732673267326734,2023-12-01 04:38:15.485827208
60279.19324636374,64.0,0.0,0.3118811881188119,2023-12-01 04:38:16.485827446
60279.19325793782,73.0,8.54400374531753,0.3564356435643564,2023-12-01 04:38:17.485827446
60279.19326951189,58.5,0.0,0.28465346534653463,2023-12-01 04:38:18.485827208
60279.193281085965,44.0,6.6332495807108,0.21287128712871287,2023-12-01 04:38:19.485827446
60279.19329266004,61.0,0.0,0.297029702970297,2023-12-01 04:38:20.485827684
60279.19330423411,78.0,0.0,0.3811881188118812,2023-12-01 04:38:21.485827208
60279.19331580819,95.0,0.0,0.46534653465346537,2023-12-01 04:38:22.485827446
60279.193327382265,112.0,0.0,0.5495049504950495,2023-12-01 04:38:23.485827684
60279.193338956335,129.0,0.0,0.6336633663366337,2023-12-01 04:38:24.485827208
60279.193350530404,146.0,12.083045973594572,0.7178217821782178,2023-12-01 04:38:25.485826969
60279.19336210449,144.14285714285714,0.0,0.7086280056577086,2023-12-01 04:38:26.485827684
60279.19337367856,142.28571428571428,0.0,0.6994342291371994,2023-12-01 04:38:27.485827446
60279.19338525263,140.42857142857142,0.0,0.6902404526166902,2023-12-01 04:38:28.485826969
60279.19339682671,138.57142857142858,0.0,0.6810466760961811,2023-12-01 04:38:29.485827923
60279.19340840078,136.71428571428572,0.0,0.6718528995756718,2023-12-01 04:38:30.485827446
60279.19341997485,134.85714285714286,0.0,0.6626591230551627,2023-12-01 04:38:31.485826969
60279.19343154893,133.0,11.532562594670797,0.6534653465346535,2023-12-01 04:38:32.485827208
60279.193443123004,127.16666666666667,0.0,0.6245874587458746,2023-12-01 04:38:33.485827446
60279.19345469707,121.33333333333333,0.0,0.5957095709570956,2023-12-01 04:38:34.485827208
60279.19346627115,115.5,0.0,0.5668316831683168,2023-12-01 04:38:35.485827446
60279.19347784523,109.66666666666667,0.0,0.537953795379538,2023-12-01 04:38:36.485827684
60279.1934894193,103.83333333333334,0.0,0.5090759075907592,2023-12-01 04:38:37.485827208
60279.19350099337,98.0,9.899494936611665,0.4801980198019802,2023-12-01 04:38:38.485827446
60279.19351256745,100.6,0.0,0.49306930693069306,2023-12-01 04:38:39.485827684
60279.19352414152,103.2,0.0,0.505940594059406,2023-12-01 04:38:40.485827208
60279.19353571559,105.8,0.0,0.5188118811881188,2023-12-01 04:38:41.485826969
60279.19354728967,108.4,0.0,0.5316831683168317,2023-12-01 04:38:42.485827684
60279.19355886374,111.0,10.535653752852738,0.5445544554455446,2023-12-01 04:38:43.485827446
60279.19357043781,2.0,1.4142135623730951,0.0049504950495049506,2023-12-01 04:38:44.485826969
60279.193582011896,7.333333333333333,0.0,0.03135313531353136,2023-12-01 04:38:45.485827923
60279.193593585966,12.666666666666666,0.0,0.057755775577557754,2023-12-01 04:38:46.485827446
60279.193605160035,18.0,4.242640687119285,0.08415841584158415,2023-12-01 04:38:47.485826969
60279.19361673411,56.5,0.0,0.2747524752475248,2023-12-01 04:38:48.485827208
60279.19362830819,95.0,9.746794344808963,0.46534653465346537,2023-12-01 04:38:49.485827446
60279.19363988226,93.83333333333333,0.0,0.45957095709570955,2023-12-01 04:38:50.485827208
60279.193651456335,92.66666666666667,0.0,0.45379537953795385,2023-12-01 04:38:51.485827446
60279.19366303041,91.5,0.0,0.44801980198019803,2023-12-01 04:38:52.485827684
60279.19367460448,90.33333333333333,0.0,0.4422442244224422,2023-12-01 04:38:53.485827208
60279.19368617856,89.16666666666667,0.0,0.4364686468646865,2023-12-01 04:38:54.485827446
60279.193697752635,88.0,9.38083151964686,0.4306930693069307,2023-12-01 04:38:55.485827684
60279.193709326704,64.5,0.0,0.31435643564356436,2023-12-01 04:38:56.485827208
60279.193720900774,41.0,6.4031242374328485,0.19801980198019803,2023-12-01 04:38:57.485826969
60279.19373247486,37.0,0.0,0.1782178217821782,2023-12-01 04:38:58.485827684
60279.19374404893,33.0,0.0,0.15841584158415842,2023-12-01 04:38:59.485827208
60279.193755623,29.0,0.0,0.1386138613861386,2023-12-01 04:39:00.485826969
60279.19376719708,25.0,5.0,0.1188118811881188,2023-12-01 04:39:01.485827684
60279.19377877115,103.0,10.14889156509222,0.504950495049505,2023-12-01 04:39:02.485827446
60279.19379034522,86.8,0.0,0.42475247524752474,2023-12-01 04:39:03.485826969
60279.193801919304,70.6,0.0,0.3445544554455445,2023-12-01 04:39:04.485827923
60279.19381349337,54.400000000000006,0.0,0.26435643564356437,2023-12-01 04:39:05.485827446
60279.19382506744,38.2,0.0,0.18415841584158418,2023-12-01 04:39:06.485826969
60279.19383664152,22.0,4.69041575982343,0.10396039603960396,2023-12-01 04:39:07.485827208
60279.1938482156,60.0,0.0,0.29207920792079206,2023-12-01 04:39:08.485827446
60279.193859789666,98.0,9.899494936611665,0.4801980198019802,2023-12-01 04:39:09.485827208
60279.19387136374,101.0,0.0,0.49504950495049505,2023-12-01 04:39:10.485827446
60279.19388293782,104.0,0.0,0.5099009900990099,2023-12-01 04:39:11.485827684
60279.19389451189,107.0,0.0,0.5247524752475248,2023-12-01 04:39:12.485827208
60279.193906085966,110.0,0.0,0.5396039603960396,2023-12-01 04:39:13.485827446
60279.19391766004,113.0,10.63014581273465,0.5544554455445545,2023-12-01 04:39:14.485827684
60279.19392923411,96.33333333333333,0.0,0.47194719471947194,2023-12-01 04:39:15.485827208
60279.19394080818,79.66666666666666,0.0,0.3894389438943894,2023-12-01 04:39:16.485826969
60279.193952382266,63.0,0.0,0.3069306930693069,2023-12-01 04:39:17.485827684
60279.193963956335,46.33333333333333,0.0,0.2244224422442244,2023-12-01 04:39:18.485827446
60279.193975530405,29.666666666666657,0.0,0.14191419141914186,2023-12-01 04:39:19.485826969
60279.19398710449,13.0,3.605551275463989,0.05940594059405941,2023-12-01 04:39:20.485827923
60279.19399867856,94.0,9.695359714832659,0.4603960396039604,2023-12-01 04:39:21.485827446
60279.19401025263,97.6,0.0,0.4782178217821782,2023-12-01 04:39:22.485826969
60279.194021826705,101.2,0.0,0.49603960396039604,2023-12-01 04:39:23.485827208
60279.19403340078,104.8,0.0,0.5138613861386139,2023-12-01 04:39:24.485827446
60279.19404497485,108.4,0.0,0.5316831683168317,2023-12-01 04:39:25.485827208
60279.19405654893,112.0,10.583005244258363,0.5495049504950495,2023-12-01 04:39:26.485827446
60279.194068123004,59.0,0.0,0.2871287128712871,2023-12-01 04:39:27.485827684
60279.194079697074,6.0,2.449489742783178,0.02475247524752475,2023-12-01 04:39:28.485827208
60279.19409127115,14.8,0.0,0.06831683168316832,2023-12-01 04:39:29.485827446
60279.19410284523,23.6,0.0,0.11188118811881188,2023-12-01 04:39:30.485827684
60279.1941144193,32.400000000000006,0.0,0.15544554455445547,2023-12-01 04:39:31.485827208
60279.19412599337,41.2,0.0,0.19900990099009902,2023-12-01 04:39:32.485826969
60279.19413756745,50.0,7.0710678118654755,0.24257425742574257,2023-12-01 04:39:33.485827684
60279.19414914152,66.0,8.12403840463596,0.3217821782178218,2023-12-01 04:39:34.485827446
60279.19416071559,72.0,0.0,0.35148514851485146,2023-12-01 04:39:35.485826969
60279.19417228967,78.0,0.0,0.3811881188118812,2023-12-01 04:39:36.485827684
60279.19418386374,84.0,0.0,0.41089108910891087,2023-12-01 04:39:37.485827446
60279.19419543781,90.0,0.0,0.4405940594059406,2023-12-01 04:39:38.485826969
60279.1942070119,96.0,9.797958971132712,0.47029702970297027,2023-12-01 04:39:39.485827923
60279.194218585966,50.5,0.0,0.24504950495049505,2023-12-01 04:39:40.485827446
60279.194230160036,5.0,2.23606797749979,0.019801980198019802,2023-12-01 04:39:41.485826969
60279.19424173411,5.0,0.0,0.019801980198019802,2023-12-01 04:39:42.485827208
60279.19425330819,5.0,0.0,0.019801980198019802,2023-12-01 04:39:43.485827446
60279.19426488226,5.0,2.23606797749979,0.019801980198019802,2023-12-01 04:39:44.485827208
60279.194276456336,42.5,0.0,0.20544554455445543,2023-12-01 04:39:45.485827446
60279.19428803041,80.0,8.94427190999916,0.3910891089108911,2023-12-01 04:39:46.485827684
60279.19429960448,85.33333333333333,0.0,0.4174917491749175,2023-12-01 04:39:47.485827208
60279.19431117856,90.66666666666667,0.0,0.44389438943894394,2023-12-01 04:39:48.485827446
60279.194322752635,96.0,0.0,0.47029702970297027,2023-12-01 04:39:49.485827684
60279.194334326705,101.33333333333333,0.0,0.49669966996699666,2023-12-01 04:39:50.485827208
60279.194345900774,106.66666666666666,0.0,0.523102310231023,2023-12-01 04:39:51.485826969
60279.19435747486,112.0,10.583005244258363,0.5495049504950495,2023-12-01 04:39:52.485827684
60279.19436904893,104.28571428571429,0.0,0.5113154172560114,2023-12-01 04:39:53.485827446
60279.194380623,96.57142857142857,0.0,0.47312588401697314,2023-12-01 04:39:54.485826969
60279.19439219708,88.85714285714286,0.0,0.43493635077793497,2023-12-01 04:39:55.485827923
60279.19440377115,81.14285714285714,0.0,0.39674681753889673,2023-12-01 04:39:56.485827446
60279.19441534522,73.42857142857143,0.0,0.35855728429985856,2023-12-01 04:39:57.485826969
60279.1944269193,65.71428571428572,0.0,0.3203677510608204,2023-12-01 04:39:58.485827208
60279.194438493374,58.0,7.615773105863909,0.28217821782178215,2023-12-01 04:39:59.485827446
60279.19445006744,36.0,6.0,0.17326732673267325,2023-12-01 04:40:00.485827208
60279.19446164152,48.833333333333336,0.0,0.2367986798679868,2023-12-01 04:40:01.485827446
60279.1944732156,61.66666666666667,0.0,0.30033003300330036,2023-12-01 04:40:02.485827684
60279.19448478967,74.5,0.0,0.36386138613861385,2023-12-01 04:40:03.485827208
60279.19449636374,87.33333333333334,0.0,0.42739273927392746,2023-12-01 04:40:04.485827446
60279.19450793782,100.16666666666667,0.0,0.49092409240924095,2023-12-01 04:40:05.485827684
60279.19451951189,113.0,10.63014581273465,0.5544554455445545,2023-12-01 04:40:06.485827208
60279.19453108596,109.42857142857143,0.0,0.5367751060820368,2023-12-01 04:40:07.485826969
60279.19454266004,105.85714285714286,0.0,0.5190947666195191,2023-12-01 04:40:08.485827684
60279.19455423411,102.28571428571428,0.0,0.5014144271570014,2023-12-01 04:40:09.485827446
60279.19456580818,98.71428571428571,0.0,0.4837340876944837,2023-12-01 04:40:10.485826969
60279.194577382266,95.14285714285714,0.0,0.46605374823196605,2023-12-01 04:40:11.485827923
60279.194588956336,91.57142857142857,0.0,0.44837340876944837,2023-12-01 04:40:12.485827446
60279.194600530405,88.0,9.38083151964686,0.4306930693069307,2023-12-01 04:40:13.485826969
60279.19461210448,91.6,0.0,0.44851485148514847,2023-12-01 04:40:14.485827208
60279.19462367856,95.2,0.0,0.46633663366336636,2023-12-01 04:40:15.485827446
60279.19463525263,98.8,0.0,0.48415841584158414,2023-12-01 04:40:16.485827208
60279.194646826705,102.4,0.0,0.501980198019802,2023-12-01 04:40:17.485827208
60279.19465840078,106.0,10.295630140987,0.5198019801980198,2023-12-01 04:40:18.485827446
60279.19466997485,94.33333333333333,0.0,0.46204620462046203,2023-12-01 04:40:19.485827208
60279.19468154893,82.66666666666667,0.0,0.4042904290429043,2023-12-01 04:40:20.485827446
60279.194693123005,71.0,0.0,0.3465346534653465,2023-12-01 04:40:21.485827684
60279.194704697074,59.333333333333336,0.0,0.2887788778877888,2023-12-01 04:40:22.485827208
60279.19471627115,47.66666666666667,0.0,0.23102310231023104,2023-12-01 04:40:23.485827446
60279.19472784523,36.0,6.0,0.17326732673267325,2023-12-01 04:40:24.485827684
60279.1947394193,41.0,6.4031242374328485,0.19801980198019803,2023-12-01 04:40:25.485827208
60279.19475099337,32.5,0.0,0.15594059405940594,2023-12-01 04:40:26.485826969
60279.19476256745,24.0,0.0,0.11386138613861385,2023-12-01 04:40:27.485827684
60279.19477414152,15.5,0.0,0.07178217821782178,2023-12-01 04:40:28.485827446
60279.19478571559,7.0,2.6457513110645907,0.029702970297029705,2023-12-01 04:40:29.485826969
60279.194797289674,86.0,9.273618495495704,0.4207920792079208,2023-12-01 04:40:30.485827923
60279.194808863744,89.28571428571429,0.0,0.4370579915134371,2023-12-01 04:40:31.485827446
60279.19482043781,92.57142857142857,0.0,0.4533239038189533,2023-12-01 04:40:32.485826969
60279.19483201189,95.85714285714286,0.0,0.4695898161244696,2023-12-01 04:40:33.485827208
60279.19484358597,99.14285714285714,0.0,0.4858557284299858,2023-12-01 04:40:34.485827446
60279.194855160036,102.42857142857143,0.0,0.5021216407355021,2023-12-01 04:40:35.485827208
60279.19486673411,105.71428571428572,0.0,0.5183875530410185,2023-12-01 04:40:36.485827446
60279.19487830819,109.0,10.44030650891055,0.5346534653465347,2023-12-01 04:40:37.485827684
60279.19488988226,103.0,0.0,0.504950495049505,2023-12-01 04:40:38.485827208
60279.194901456336,97.0,0.0,0.4752475247524752,2023-12-01 04:40:39.485827446
60279.19491303041,91.0,0.0,0.44554455445544555,2023-12-01 04:40:40.485827684
60279.19492460448,85.0,0.0,0.4158415841584158,2023-12-01 04:40:41.485827208
60279.19493617855,79.0,8.888194417315589,0.38613861386138615,2023-12-01 04:40:42.485826969
60279.194947752636,64.4,0.0,0.31386138613861386,2023-12-01 04:40:43.485827684
60279.194959326705,49.8,0.0,0.24158415841584158,2023-12-01 04:40:44.485827446
60279.194970900775,35.2,0.0,0.16930693069306932,2023-12-01 04:40:45.485826969
60279.19498247486,20.6,0.0,0.09702970297029703,2023-12-01 04:40:46.485827923
60279.19499404893,6.0,2.449489742783178,0.02475247524752475,2023-12-01 04:40:47.485827446
60279.195005623,80.0,8.94427190999916,0.3910891089108911,2023-12-01 04:40:48.485826969
60279.195017197075,67.5,0.0,0.3292079207920792,2023-12-01 04:40:49.485827208
60279.19502877115,55.0,0.0,0.26732673267326734,2023-12-01 04:40:50.485827446
60279.19504034522,42.5,0.0,0.20544554455445543,2023-12-01 04:40:51.485827208
60279.1950519193,30.0,5.477225575051661,0.14356435643564355,2023-12-01 04:40:52.485827446
60279.195063493375,51.0,7.14142842854285,0.24752475247524752,2023-12-01 04:40:53.485827684
60279.195075067444,44.333333333333336,0.0,0.21452145214521454,2023-12-01 04:40:54.485827208
60279.19508664152,37.666666666666664,0.0,0.1815181518151815,2023-12-01 04:40:55.485827446
60279.1950982156,31.0,0.0,0.1485148514851485,2023-12-01 04:40:56.485827684
60279.19510978967,24.333333333333332,0.0,0.11551155115511551,2023-12-01 04:40:57.485827208
60279.195121363744,17.666666666666664,0.0,0.0825082508250825,2023-12-01 04:40:58.485827446
60279.19513293782,11.0,3.3166247903554,0.04950495049504951,2023-12-01 04:40:59.485827684
60279.19514451189,80.0,8.94427190999916,0.3910891089108911,2023-12-01 04:41:00.485827208
60279.19515608596,81.0,0.0,0.39603960396039606,2023-12-01 04:41:01.485826969
60279.195167660044,82.0,0.0,0.400990099009901,2023-12-01 04:41:02.485827684
60279.19517923411,83.0,0.0,0.40594059405940597,2023-12-01 04:41:03.485827446
60279.19519080818,84.0,0.0,0.41089108910891087,2023-12-01 04:41:04.485826969
60279.19520238227,85.0,9.219544457292887,0.4158415841584158,2023-12-01 04:41:05.485827923
60279.19521395634,47.0,0.0,0.22772277227722773,2023-12-01 04:41:06.485827446
60279.195225530406,9.0,3.0,0.039603960396039604,2023-12-01 04:41:07.485826969
60279.19523710448,8.8,0.0,0.03861386138613862,2023-12-01 04:41:08.485827208
60279.19524867856,8.6,0.0,0.03762376237623762,2023-12-01 04:41:09.485827446
60279.19526025263,8.4,0.0,0.03663366336633664,2023-12-01 04:41:10.485827208
60279.195271826706,8.2,0.0,0.03564356435643564,2023-12-01 04:41:11.485827446
60279.19528340078,8.0,2.8284271247461903,0.034653465346534656,2023-12-01 04:41:12.485827684
60279.19529497485,81.0,9.0,0.39603960396039606,2023-12-01 04:41:13.485827208
60279.19530654893,83.0,0.0,0.40594059405940597,2023-12-01 04:41:14.485827446
60279.195318123006,85.0,0.0,0.4158415841584158,2023-12-01 04:41:15.485827684
60279.195329697075,87.0,0.0,0.42574257425742573,2023-12-01 04:41:16.485827208
60279.195341271145,89.0,0.0,0.43564356435643564,2023-12-01 04:41:17.485826969
60279.19535284523,91.0,0.0,0.44554455445544555,2023-12-01 04:41:18.485827684
60279.1953644193,93.0,9.643650760992955,0.45544554455445546,2023-12-01 04:41:19.485827446
60279.19537599337,87.0,0.0,0.42574257425742573,2023-12-01 04:41:20.485826969
60279.19538756745,81.0,0.0,0.39603960396039606,2023-12-01 04:41:21.485827923
60279.19539914152,75.0,0.0,0.36633663366336633,2023-12-01 04:41:22.485827446
60279.19541071559,69.0,0.0,0.33663366336633666,2023-12-01 04:41:23.485826969
60279.19542228967,63.0,0.0,0.3069306930693069,2023-12-01 04:41:24.485827208
60279.195433863744,57.0,7.54983443527075,0.27722772277227725,2023-12-01 04:41:25.485827446
60279.195445437814,39.0,0.0,0.18811881188118812,2023-12-01 04:41:26.485827208
60279.19545701189,21.0,4.58257569495584,0.099009900990099,2023-12-01 04:41:27.485827446
60279.19546858597,32.166666666666664,0.0,0.15429042904290427,2023-12-01 04:41:28.485827684
60279.19548016004,43.33333333333333,0.0,0.20957095709570955,2023-12-01 04:41:29.485827208
60279.19549173411,54.5,0.0,0.26485148514851486,2023-12-01 04:41:30.485827446
60279.19550330819,65.66666666666666,0.0,0.32013201320132006,2023-12-01 04:41:31.485827684
60279.19551488226,76.83333333333333,0.0,0.3754125412541254,2023-12-01 04:41:32.485827208
60279.19552645633,88.0,9.38083151964686,0.4306930693069307,2023-12-01 04:41:33.485826969
60279.19553803041,83.2,0.0,0.40693069306930696,2023-12-01 04:41:34.485827684
60279.19554960448,78.4,0.0,0.3831683168316832,2023-12-01 04:41:35.485827446
60279.19556117855,73.6,0.0,0.3594059405940594,2023-12-01 04:41:36.485826969
60279.19557275264,68.8,0.0,0.3356435643564356,2023-12-01 04:41:37.485827684
60279.195584326706,64.0,8.0,0.3118811881188119,2023-12-01 04:41:38.485827446
60279.195595900776,12.0,3.4641016151377544,0.054455445544554455,2023-12-01 04:41:39.485826969
60279.19560747486,17.833333333333332,0.0,0.08333333333333333,2023-12-01 04:41:40.485827923
60279.19561904893,23.666666666666664,0.0,0.1122112211221122,2023-12-01 04:41:41.485827446
60279.195630623,29.5,0.0,0.14108910891089108,2023-12-01 04:41:42.485826969
60279.195642197075,35.33333333333333,0.0,0.16996699669966994,2023-12-01 04:41:43.485827208
60279.19565377115,41.166666666666664,0.0,0.19884488448844884,2023-12-01 04:41:44.485827446
60279.19566534522,47.0,6.855654600401044,0.22772277227722773,2023-12-01 04:41:45.485827208
60279.1956769193,47.0,6.855654600401044,0.22772277227722773,2023-12-01 04:41:46.485827446
60279.195688493375,40.8,0.0,0.197029702970297,2023-12-01 04:41:47.485827684
60279.195700067445,34.6,0.0,0.16633663366336635,2023-12-01 04:41:48.485827208
60279.19571164152,28.4,0.0,0.13564356435643563,2023-12-01 04:41:49.485827446
60279.1957232156,22.2,0.0,0.10495049504950495,2023-12-01 04:41:50.485827684
60279.19573478967,16.0,4.0,0.07425742574257425,2023-12-01 04:41:51.485827208
60279.19574636374,67.0,8.18535277187245,0.32673267326732675,2023-12-01 04:41:52.485826969
60279.19575793782,71.66666666666667,0.0,0.34983498349834985,2023-12-01 04:41:53.485827684
60279.19576951189,76.33333333333333,0.0,0.3729372937293729,2023-12-01 04:41:54.485827446
60279.19578108596,81.0,0.0,0.39603960396039606,2023-12-01 04:41:55.485826969
60279.195792660044,85.66666666666667,0.0,0.41914191419141916,2023-12-01 04:41:56.485827923
60279.195804234114,90.33333333333334,0.0,0.44224422442244227,2023-12-01 04:41:57.485827446
60279.19581580818,95.0,9.746794344808963,0.46534653465346537,2023-12-01 04:41:58.485826969
60279.19582738226,91.14285714285714,0.0,0.44625176803394623,2023-12-01 04:41:59.485827208
60279.19583895634,87.28571428571429,0.0,0.4271570014144272,2023-12-01 04:42:00.485827446
60279.19585053041,83.42857142857143,0.0,0.40806223479490805,2023-12-01 04:42:01.485827208
60279.19586210448,79.57142857142857,0.0,0.38896746817538896,2023-12-01 04:42:02.485827446
60279.19587367856,75.71428571428572,0.0,0.36987270155586993,2023-12-01 04:42:03.485827684
60279.19588525263,71.85714285714286,0.0,0.3507779349363508,2023-12-01 04:42:04.485827208
60279.195896826706,68.0,8.246211251235321,0.3316831683168317,2023-12-01 04:42:05.485827446
60279.19590840078,45.0,0.0,0.21782178217821782,2023-12-01 04:42:06.485827684
60279.19591997485,22.0,4.69041575982343,0.10396039603960396,2023-12-01 04:42:07.485827208
60279.19593154892,19.666666666666668,0.0,0.09240924092409242,2023-12-01 04:42:08.485826969
60279.195943123006,17.333333333333332,0.0,0.08085808580858085,2023-12-01 04:42:09.485827684
60279.195954697076,15.0,3.872983346207417,0.0693069306930693,2023-12-01 04:42:10.485827446
60279.195966271145,32.0,5.656854249492381,0.15346534653465346,2023-12-01 04:42:11.485826969
60279.19597784523,37.2,0.0,0.17920792079207923,2023-12-01 04:42:12.485827923
60279.1959894193,42.4,0.0,0.20495049504950494,2023-12-01 04:42:13.485827446
60279.19600099337,47.6,0.0,0.2306930693069307,2023-12-01 04:42:14.485826969
60279.196012567445,52.8,0.0,0.25643564356435644,2023-12-01 04:42:15.485827208
60279.19602414152,58.0,7.615773105863909,0.28217821782178215,2023-12-01 04:42:16.485827446
60279.19603571559,47.5,0.0,0.2301980198019802,2023-12-01 04:42:17.485826969
60279.19604728967,37.0,6.082762530298219,0.1782178217821782,2023-12-01 04:42:18.485827208
60279.196058863745,45.42857142857143,0.0,0.21994342291371996,2023-12-01 04:42:19.485827446
60279.196070437814,53.85714285714286,0.0,0.2616690240452617,2023-12-01 04:42:20.485827208
60279.19608201189,62.285714285714285,0.0,0.3033946251768034,2023-12-01 04:42:21.485827446
60279.19609358597,70.71428571428572,0.0,0.34512022630834516,2023-12-01 04:42:22.485827684
60279.19610516004,79.14285714285714,0.0,0.3868458274398868,2023-12-01 04:42:23.485827208
60279.196116734114,87.57142857142857,0.0,0.42857142857142855,2023-12-01 04:42:24.485827446
60279.19612830819,96.0,9.797958971132712,0.47029702970297027,2023-12-01 04:42:25.485827684
60279.19613988226,91.42857142857143,0.0,0.4476661951909477,2023-12-01 04:42:26.485827208
60279.19615145633,86.85714285714286,0.0,0.42503536067892506,2023-12-01 04:42:27.485826969
60279.196163030414,82.28571428571429,0.0,0.4024045261669024,2023-12-01 04:42:28.485827684
60279.19617460448,77.71428571428572,0.0,0.37977369165487984,2023-12-01 04:42:29.485827446
60279.19618617855,73.14285714285714,0.0,0.3571428571428571,2023-12-01 04:42:30.485826969
60279.19619775264,68.57142857142857,0.0,0.3345120226308345,2023-12-01 04:42:31.485827923
60279.19620932671,64.0,8.0,0.3118811881188119,2023-12-01 04:42:32.485827446
60279.196220900776,23.0,4.795831523312719,0.10891089108910891,2023-12-01 04:42:33.485826969
60279.19623247485,31.0,0.0,0.1485148514851485,2023-12-01 04:42:34.485827208
60279.19624404893,39.0,0.0,0.18811881188118812,2023-12-01 04:42:35.485827446
60279.196255623,47.0,0.0,0.22772277227722773,2023-12-01 04:42:36.485827208
60279.196267197076,55.0,0.0,0.26732673267326734,2023-12-01 04:42:37.485827446
60279.19627877115,63.0,0.0,0.3069306930693069,2023-12-01 04:42:38.485827684
60279.19629034522,71.0,8.426149773176359,0.3465346534653465,2023-12-01 04:42:39.485827208
60279.1963019193,70.6,0.0,0.3445544554455445,2023-12-01 04:42:40.485827446
60279.196313493376,70.2,0.0,0.3425742574257426,2023-12-01 04:42:41.485827684
60279.196325067445,69.8,0.0,0.34059405940594056,2023-12-01 04:42:42.485827208
60279.196336641515,69.4,0.0,0.33861386138613864,2023-12-01 04:42:43.485826969
60279.1963482156,69.0,8.306623862918075,0.33663366336633666,2023-12-01 04:42:44.485827684
60279.19635978967,15.0,3.872983346207417,0.0693069306930693,2023-12-01 04:42:45.485827446
60279.19637136374,21.333333333333332,0.0,0.10066006600660066,2023-12-01 04:42:46.485826969
60279.19638293782,27.666666666666664,0.0,0.132013201320132,2023-12-01 04:42:47.485827923
60279.19639451189,34.0,0.0,0.16336633663366337,2023-12-01 04:42:48.485827446
60279.19640608596,40.33333333333333,0.0,0.1947194719471947,2023-12-01 04:42:49.485826969
60279.19641766004,46.666666666666664,0.0,0.22607260726072606,2023-12-01 04:42:50.485827208
60279.196429234114,53.0,7.280109889280518,0.25742574257425743,2023-12-01 04:42:51.485827446
60279.196440808184,12.0,3.4641016151377544,0.054455445544554455,2023-12-01 04:42:52.485827208
60279.19645238226,26.25,0.0,0.125,2023-12-01 04:42:53.485827446
60279.19646395634,40.5,0.0,0.19554455445544555,2023-12-01 04:42:54.485827446
60279.19647553041,54.75,0.0,0.2660891089108911,2023-12-01 04:42:55.485827208
60279.196487104484,69.0,8.306623862918075,0.33663366336633666,2023-12-01 04:42:56.485827446
60279.19649867856,65.875,0.0,0.32116336633663367,2023-12-01 04:42:57.485827684
60279.19651025263,62.75,0.0,0.3056930693069307,2023-12-01 04:42:58.485827208
60279.19652182671,59.625,0.0,0.2902227722772277,2023-12-01 04:42:59.485827446
60279.196533400784,56.5,0.0,0.2747524752475248,2023-12-01 04:43:00.485827684
60279.19654497485,53.375,0.0,0.2592821782178218,2023-12-01 04:43:01.485827208
60279.19655654892,50.25,0.0,0.2438118811881188,2023-12-01 04:43:02.485826969
60279.19656812301,47.125,0.0,0.22834158415841585,2023-12-01 04:43:03.485827684
60279.196579697076,44.0,6.6332495807108,0.21287128712871287,2023-12-01 04:43:04.485827446
60279.196591271146,69.0,8.306623862918075,0.33663366336633666,2023-12-01 04:43:05.485826969
60279.19660284523,70.83333333333333,0.0,0.3457095709570957,2023-12-01 04:43:06.485827923
60279.1966144193,72.66666666666667,0.0,0.3547854785478548,2023-12-01 04:43:07.485827446
60279.19662599337,74.5,0.0,0.36386138613861385,2023-12-01 04:43:08.485826969
60279.196637567446,76.33333333333333,0.0,0.3729372937293729,2023-12-01 04:43:09.485827208
60279.19664914152,78.16666666666667,0.0,0.38201320132013206,2023-12-01 04:43:10.485827446
60279.19666071559,80.0,8.94427190999916,0.3910891089108911,2023-12-01 04:43:11.485827208
60279.19667228967,15.0,3.872983346207417,0.0693069306930693,2023-12-01 04:43:12.485827446
60279.196683863745,13.2,0.0,0.0603960396039604,2023-12-01 04:43:13.485827684
60279.196695437815,11.4,0.0,0.05148514851485149,2023-12-01 04:43:14.485827208
60279.19670701189,9.6,0.0,0.04257425742574258,2023-12-01 04:43:15.485827446
60279.19671858597,7.8,0.0,0.033663366336633666,2023-12-01 04:43:16.485827684
60279.19673016004,6.0,2.449489742783178,0.02475247524752475,2023-12-01 04:43:17.485827208
60279.19674173411,68.0,8.246211251235321,0.3316831683168317,2023-12-01 04:43:18.485826969
60279.19675330819,61.8,0.0,0.300990099009901,2023-12-01 04:43:19.485827684
60279.19676488226,55.6,0.0,0.2702970297029703,2023-12-01 04:43:20.485827446
60279.19677645633,49.4,0.0,0.2396039603960396,2023-12-01 04:43:21.485826969
60279.196788030415,43.2,0.0,0.20891089108910893,2023-12-01 04:43:22.485827923
60279.196799604484,37.0,6.082762530298219,0.1782178217821782,2023-12-01 04:43:23.485827446
60279.19681117855,41.333333333333336,0.0,0.19966996699669967,2023-12-01 04:43:24.485826969
60279.19682275263,45.666666666666664,0.0,0.2211221122112211,2023-12-01 04:43:25.485827208
60279.19683432671,50.0,7.0710678118654755,0.24257425742574257,2023-12-01 04:43:26.485827446
60279.19684590078,46.0,0.0,0.22277227722772278,2023-12-01 04:43:27.485827208
60279.19685747485,42.0,0.0,0.20297029702970296,2023-12-01 04:43:28.485827446
60279.19686904893,38.0,6.164414002968976,0.18316831683168316,2023-12-01 04:43:29.485827684
60279.196880623,21.0,4.58257569495584,0.099009900990099,2023-12-01 04:43:30.485827208
60279.19689219708,23.25,0.0,0.11014851485148515,2023-12-01 04:43:31.485827446
60279.19690377115,25.5,0.0,0.12128712871287128,2023-12-01 04:43:32.485827684
60279.19691534522,27.75,0.0,0.13242574257425743,2023-12-01 04:43:33.485827208
60279.19692691929,30.0,5.477225575051661,0.14356435643564355,2023-12-01 04:43:34.485826969
60279.19693849338,41.0,6.4031242374328485,0.19801980198019803,2023-12-01 04:43:35.485827684
60279.196950067446,40.833333333333336,0.0,0.1971947194719472,2023-12-01 04:43:36.485827208
60279.196961641515,40.666666666666664,0.0,0.19636963696369636,2023-12-01 04:43:37.485826969
60279.1969732156,40.5,0.0,0.19554455445544555,2023-12-01 04:43:38.485827684
60279.19698478967,40.333333333333336,0.0,0.19471947194719472,2023-12-01 04:43:39.485827446
60279.19699636374,40.166666666666664,0.0,0.19389438943894388,2023-12-01 04:43:40.485826969
60279.19700793782,40.0,6.324555320336759,0.19306930693069307,2023-12-01 04:43:41.485827923
60279.19701951189,40.8,0.0,0.197029702970297,2023-12-01 04:43:42.485827446
60279.19703108596,41.6,0.0,0.200990099009901,2023-12-01 04:43:43.485826969
60279.19704266004,42.4,0.0,0.20495049504950494,2023-12-01 04:43:44.485827208
60279.197054234115,43.2,0.0,0.20891089108910893,2023-12-01 04:43:45.485827446
60279.197065808185,44.0,6.6332495807108,0.21287128712871287,2023-12-01 04:43:46.485827208
60279.19707738226,44.0,0.0,0.21287128712871287,2023-12-01 04:43:47.485827446
60279.19708895634,44.0,0.0,0.21287128712871287,2023-12-01 04:43:48.485827684
60279.19710053041,44.0,0.0,0.21287128712871287,2023-12-01 04:43:49.485827208
60279.197112104484,44.0,6.6332495807108,0.21287128712871287,2023-12-01 04:43:50.485827446
60279.19712367856,33.0,0.0,0.15841584158415842,2023-12-01 04:43:51.485827684
60279.19713525263,22.0,0.0,0.10396039603960396,2023-12-01 04:43:52.485827208
60279.1971468267,11.0,3.3166247903554,0.04950495049504951,2023-12-01 04:43:53.485826969
60279.197158400784,54.0,7.3484692283495345,0.2623762376237624,2023-12-01 04:43:54.485827684
60279.197169974854,54.833333333333336,0.0,0.26650165016501653,2023-12-01 04:43:55.485827446
60279.19718154892,55.666666666666664,0.0,0.2706270627062706,2023-12-01 04:43:56.485826969
60279.19719312301,56.5,0.0,0.2747524752475248,2023-12-01 04:43:57.485827923
60279.19720469708,57.333333333333336,0.0,0.27887788778877887,2023-12-01 04:43:58.485827446
60279.197216271146,58.166666666666664,0.0,0.283003300330033,2023-12-01 04:43:59.485826969
60279.19722784522,59.0,7.681145747868608,0.2871287128712871,2023-12-01 04:44:00.485827208
60279.1972394193,31.5,0.0,0.15099009900990099,2023-12-01 04:44:01.485827446
60279.19725099337,4.0,2.0,0.01485148514851485,2023-12-01 04:44:02.485827208
60279.197262567446,17.666666666666664,0.0,0.0825082508250825,2023-12-01 04:44:03.485827446
60279.19727414152,31.333333333333332,0.0,0.15016501650165015,2023-12-01 04:44:04.485827684
60279.19728571559,45.0,6.708203932499369,0.21782178217821782,2023-12-01 04:44:05.485827208
60279.19729728967,29.5,0.0,0.14108910891089108,2023-12-01 04:44:06.485827446
60279.197308863746,14.0,3.7416573867739413,0.06435643564356436,2023-12-01 04:44:07.485827684
60279.197320437816,23.25,0.0,0.11014851485148515,2023-12-01 04:44:08.485827208
60279.197332011885,32.5,0.0,0.15594059405940594,2023-12-01 04:44:09.485826969
60279.19734358597,41.75,0.0,0.20173267326732672,2023-12-01 04:44:10.485827684
60279.19735516004,51.0,7.14142842854285,0.24752475247524752,2023-12-01 04:44:11.485827446
60279.19736673411,49.625,0.0,0.2407178217821782,2023-12-01 04:44:12.485826969
60279.19737830819,48.25,0.0,0.2339108910891089,2023-12-01 04:44:13.485827684
60279.19738988226,46.875,0.0,0.2271039603960396,2023-12-01 04:44:14.485827446
60279.19740145633,45.5,0.0,0.2202970297029703,2023-12-01 04:44:15.485826969
60279.197413030415,44.125,0.0,0.21349009900990099,2023-12-01 04:44:16.485827923
60279.197424604485,42.75,0.0,0.20668316831683167,2023-12-01 04:44:17.485827446
60279.197436178554,41.375,0.0,0.1998762376237624,2023-12-01 04:44:18.485826969
60279.19744775263,40.0,6.324555320336759,0.19306930693069307,2023-12-01 04:44:19.485827208
60279.19745932671,14.0,3.7416573867739413,0.06435643564356436,2023-12-01 04:44:20.485827446
60279.19747090078,19.666666666666668,0.0,0.09240924092409242,2023-12-01 04:44:21.485827208
60279.197482474854,25.333333333333336,0.0,0.12046204620462048,2023-12-01 04:44:22.485827446
60279.19749404893,31.0,0.0,0.1485148514851485,2023-12-01 04:44:23.485827684
60279.197505623,36.66666666666667,0.0,0.1765676567656766,2023-12-01 04:44:24.485827208
60279.19751719708,42.333333333333336,0.0,0.20462046204620463,2023-12-01 04:44:25.485827446
60279.197528771154,48.0,6.928203230275509,0.23267326732673266,2023-12-01 04:44:26.485827684
60279.19754034522,47.25,0.0,0.22896039603960397,2023-12-01 04:44:27.485827208
60279.19755191929,46.5,0.0,0.22524752475247525,2023-12-01 04:44:28.485826969
60279.19756349338,45.75,0.0,0.22153465346534654,2023-12-01 04:44:29.485827684
60279.19757506745,45.0,6.708203932499369,0.21782178217821782,2023-12-01 04:44:30.485827446
60279.197586641516,27.0,0.0,0.12871287128712872,2023-12-01 04:44:31.485826969
60279.1975982156,9.0,3.0,0.039603960396039604,2023-12-01 04:44:32.485827923
60279.19760978967,21.0,0.0,0.099009900990099,2023-12-01 04:44:33.485827446
60279.19762136374,33.0,5.744562646538029,0.15841584158415842,2023-12-01 04:44:34.485826969
60279.197632937816,22.666666666666664,0.0,0.10726072607260724,2023-12-01 04:44:35.485827208
60279.19764451189,12.333333333333332,0.0,0.056105610561056105,2023-12-01 04:44:36.485827446
60279.19765608596,2.0,1.4142135623730951,0.0049504950495049506,2023-12-01 04:44:37.485827208
60279.19766766004,12.666666666666666,0.0,0.057755775577557754,2023-12-01 04:44:38.485827446
60279.197679234116,23.333333333333332,0.0,0.11056105610561055,2023-12-01 04:44:39.485827684
60279.197690808185,34.0,5.830951894845301,0.16336633663366337,2023-12-01 04:44:40.485827208
60279.19770238226,40.5,0.0,0.19554455445544555,2023-12-01 04:44:41.485827446
60279.19771395634,47.0,6.855654600401044,0.22772277227722773,2023-12-01 04:44:42.485827684
60279.19772553041,46.0,0.0,0.22277227722772278,2023-12-01 04:44:43.485827208
60279.19773710448,45.0,0.0,0.21782178217821782,2023-12-01 04:44:44.485826969
60279.19774867856,44.0,0.0,0.21287128712871287,2023-12-01 04:44:45.485827684
60279.19776025263,43.0,0.0,0.2079207920792079,2023-12-01 04:44:46.485827446
60279.1977718267,42.0,6.48074069840786,0.20297029702970296,2023-12-01 04:44:47.485826969
60279.197783400785,40.0,0.0,0.19306930693069307,2023-12-01 04:44:48.485827923
60279.197794974854,38.0,0.0,0.18316831683168316,2023-12-01 04:44:49.485827446
60279.197806548924,36.0,0.0,0.17326732673267325,2023-12-01 04:44:50.485826969
60279.197818123,34.0,0.0,0.16336633663366337,2023-12-01 04:44:51.485827208
60279.19782969708,32.0,0.0,0.15346534653465346,2023-12-01 04:44:52.485827446
60279.19784127115,30.0,0.0,0.14356435643564355,2023-12-01 04:44:53.485827208
60279.197852845224,28.0,5.291502622129181,0.13366336633663367,2023-12-01 04:44:54.485827208
60279.1978644193,27.0,5.196152422706632,0.12871287128712872,2023-12-01 04:44:55.485827446
60279.19787599337,26.166666666666668,0.0,0.1245874587458746,2023-12-01 04:44:56.485827208
60279.19788756745,25.333333333333332,0.0,0.12046204620462045,2023-12-01 04:44:57.485827446
60279.19789914152,24.5,0.0,0.11633663366336633,2023-12-01 04:44:58.485827684
60279.19791071559,23.666666666666668,0.0,0.11221122112211221,2023-12-01 04:44:59.485827208
60279.19792228967,22.833333333333332,0.0,0.10808580858085808,2023-12-01 04:45:00.485827446
60279.19793386375,22.0,4.69041575982343,0.10396039603960396,2023-12-01 04:45:01.485827684
60279.197945437816,26.0,0.0,0.12376237623762376,2023-12-01 04:45:02.485827208
60279.197957011886,30.0,5.477225575051661,0.14356435643564355,2023-12-01 04:45:03.485826969
60279.19796858597,28.333333333333332,0.0,0.1353135313531353,2023-12-01 04:45:04.485827684
60279.19798016004,26.666666666666668,0.0,0.12706270627062707,2023-12-01 04:45:05.485827446
60279.19799173411,25.0,5.0,0.1188118811881188,2023-12-01 04:45:06.485826969
60279.19800330819,21.0,4.58257569495584,0.099009900990099,2023-12-01 04:45:07.485827923
60279.19801488226,26.333333333333332,0.0,0.1254125412541254,2023-12-01 04:45:08.485827446
60279.19802645633,31.666666666666664,0.0,0.1518151815181518,2023-12-01 04:45:09.485826969
60279.19803803041,37.0,0.0,0.1782178217821782,2023-12-01 04:45:10.485827208
60279.198049604485,42.33333333333333,0.0,0.2046204620462046,2023-12-01 04:45:11.485827446
60279.198061178555,47.666666666666664,0.0,0.23102310231023102,2023-12-01 04:45:12.485827208
60279.19807275263,53.0,7.280109889280518,0.25742574257425743,2023-12-01 04:45:13.485827446
60279.19808432671,50.5,0.0,0.24504950495049505,2023-12-01 04:45:14.485827684
60279.19809590078,48.0,0.0,0.23267326732673266,2023-12-01 04:45:15.485827208
60279.198107474855,45.5,0.0,0.2202970297029703,2023-12-01 04:45:16.485827446
60279.19811904893,43.0,0.0,0.2079207920792079,2023-12-01 04:45:17.485827684
60279.198130623,40.5,0.0,0.19554455445544555,2023-12-01 04:45:18.485827208
60279.19814219707,38.0,6.164414002968976,0.18316831683168316,2023-12-01 04:45:19.485826969
60279.198153771154,17.0,4.123105625617661,0.07920792079207921,2023-12-01 04:45:20.485827684
60279.198165345224,13.0,0.0,0.05940594059405941,2023-12-01 04:45:21.485827446
60279.19817691929,9.0,0.0,0.039603960396039604,2023-12-01 04:45:22.485826969
60279.19818849338,5.0,2.23606797749979,0.019801980198019802,2023-12-01 04:45:23.485827923
60279.19820006745,24.5,0.0,0.11633663366336633,2023-12-01 04:45:24.485827446
60279.19821164152,44.0,6.6332495807108,0.21287128712871287,2023-12-01 04:45:25.485826969
60279.19822321559,41.833333333333336,0.0,0.20214521452145215,2023-12-01 04:45:26.485827208
60279.19823478967,39.666666666666664,0.0,0.1914191419141914,2023-12-01 04:45:27.485827446
60279.19824636374,37.5,0.0,0.1806930693069307,2023-12-01 04:45:28.485827208
60279.19825793782,35.333333333333336,0.0,0.16996699669966997,2023-12-01 04:45:29.485827446
60279.19826951189,33.16666666666667,0.0,0.15924092409240925,2023-12-01 04:45:30.485827684
60279.19828108596,31.0,5.5677643628300215,0.1485148514851485,2023-12-01 04:45:31.485827208
60279.19829266004,29.333333333333332,0.0,0.14026402640264027,2023-12-01 04:45:32.485827446
60279.198304234116,27.666666666666668,0.0,0.13201320132013203,2023-12-01 04:45:33.485827684
60279.198315808186,26.0,5.0990195135927845,0.12376237623762376,2023-12-01 04:45:34.485827208
60279.198327382255,22.666666666666668,0.0,0.10726072607260727,2023-12-01 04:45:35.485826969
60279.19833895634,19.333333333333332,0.0,0.09075907590759075,2023-12-01 04:45:36.485827684
60279.19835053041,16.0,4.0,0.07425742574257425,2023-12-01 04:45:37.485827208
60279.19836210448,19.333333333333332,0.0,0.09075907590759075,2023-12-01 04:45:38.485826969
60279.19837367856,22.666666666666668,0.0,0.10726072607260727,2023-12-01 04:45:39.485827684
60279.19838525263,26.0,5.0990195135927845,0.12376237623762376,2023-12-01 04:45:40.485827446
60279.1983968267,32.5,0.0,0.15594059405940594,2023-12-01 04:45:41.485826969
60279.198408400785,39.0,0.0,0.18811881188118812,2023-12-01 04:45:42.485827923
60279.198419974855,45.5,0.0,0.2202970297029703,2023-12-01 04:45:43.485827446
60279.198431548924,52.0,7.211102550927978,0.2524752475247525,2023-12-01 04:45:44.485826969
60279.198443123,51.57142857142857,0.0,0.25035360678925034,2023-12-01 04:45:45.485827208
60279.19845469708,51.142857142857146,0.0,0.24823196605374825,2023-12-01 04:45:46.485827446
60279.19846627115,50.714285714285715,0.0,0.24611032531824611,2023-12-01 04:45:47.485827208
60279.198477845224,50.285714285714285,0.0,0.24398868458274398,2023-12-01 04:45:48.485827446
60279.1984894193,49.857142857142854,0.0,0.24186704384724186,2023-12-01 04:45:49.485827684
60279.19850099337,49.42857142857143,0.0,0.23974540311173975,2023-12-01 04:45:50.485827208
60279.19851256745,49.0,7.0,0.2376237623762376,2023-12-01 04:45:51.485827446
60279.198524141524,20.0,4.47213595499958,0.09405940594059406,2023-12-01 04:45:52.485827684
60279.19853571559,25.5,0.0,0.12128712871287128,2023-12-01 04:45:53.485827208
60279.19854728966,31.0,0.0,0.1485148514851485,2023-12-01 04:45:54.485826969
60279.19855886375,36.5,0.0,0.17574257425742573,2023-12-01 04:45:55.485827684
60279.19857043782,42.0,0.0,0.20297029702970296,2023-12-01 04:45:56.485827446
60279.198582011886,47.5,0.0,0.2301980198019802,2023-12-01 04:45:57.485826969
60279.19859358597,53.0,7.280109889280518,0.25742574257425743,2023-12-01 04:45:58.485827923
60279.19860516004,51.0,0.0,0.24752475247524752,2023-12-01 04:45:59.485827446
60279.19861673411,49.0,0.0,0.2376237623762376,2023-12-01 04:46:00.485826969
60279.198628308186,47.0,0.0,0.22772277227722773,2023-12-01 04:46:01.485827208
60279.19863988226,45.0,0.0,0.21782178217821782,2023-12-01 04:46:02.485827446
60279.19865145633,43.0,0.0,0.2079207920792079,2023-12-01 04:46:03.485827208
60279.19866303041,41.0,0.0,0.19801980198019803,2023-12-01 04:46:04.485827446
60279.198674604486,39.0,6.244997998398398,0.18811881188118812,2023-12-01 04:46:05.485827684
60279.198686178555,40.125,0.0,0.1936881188118812,2023-12-01 04:46:06.485827208
60279.19869775263,41.25,0.0,0.19925742574257427,2023-12-01 04:46:07.485827446
60279.19870932671,42.375,0.0,0.20482673267326731,2023-12-01 04:46:08.485827684
60279.19872090078,43.5,0.0,0.2103960396039604,2023-12-01 04:46:09.485827208
60279.19873247485,44.625,0.0,0.21596534653465346,2023-12-01 04:46:10.485826969
60279.19874404893,45.75,0.0,0.22153465346534654,2023-12-01 04:46:11.485827684
60279.198755623,46.875,0.0,0.2271039603960396,2023-12-01 04:46:12.485827446
60279.19876719707,48.0,6.928203230275509,0.23267326732673266,2023-12-01 04:46:13.485826969
60279.198778771155,41.333333333333336,0.0,0.19966996699669967,2023-12-01 04:46:14.485827684
60279.198790345225,34.666666666666664,0.0,0.16666666666666666,2023-12-01 04:46:15.485827446
60279.198801919294,28.0,0.0,0.13366336633663367,2023-12-01 04:46:16.485826969
60279.19881349338,21.333333333333332,0.0,0.10066006600660066,2023-12-01 04:46:17.485827923
60279.19882506745,14.666666666666664,0.0,0.06765676567656764,2023-12-01 04:46:18.485827446
60279.19883664152,8.0,2.8284271247461903,0.034653465346534656,2023-12-01 04:46:19.485826969
60279.198848215594,30.0,5.477225575051661,0.14356435643564355,2023-12-01 04:46:20.485827208
60279.19885978967,28.166666666666668,0.0,0.13448844884488448,2023-12-01 04:46:21.485827446
60279.19887136374,26.333333333333332,0.0,0.1254125412541254,2023-12-01 04:46:22.485827208
60279.19888293782,24.5,0.0,0.11633663366336633,2023-12-01 04:46:23.485827446
60279.198894511894,22.666666666666668,0.0,0.10726072607260727,2023-12-01 04:46:24.485827684
60279.19890608596,20.833333333333336,0.0,0.0981848184818482,2023-12-01 04:46:25.485827208
60279.19891766004,19.0,4.358898943540674,0.0891089108910891,2023-12-01 04:46:26.485827446
60279.19892923412,21.0,4.58257569495584,0.099009900990099,2023-12-01 04:46:27.485827684
60279.198940808186,23.285714285714285,0.0,0.11032531824611032,2023-12-01 04:46:28.485827208
60279.198952382256,25.57142857142857,0.0,0.12164073550212162,2023-12-01 04:46:29.485826969
60279.19896395634,27.857142857142858,0.0,0.13295615275813297,2023-12-01 04:46:30.485827684
60279.19897553041,30.142857142857142,0.0,0.14427157001414426,2023-12-01 04:46:31.485827446
60279.19898710448,32.42857142857143,0.0,0.1555869872701556,2023-12-01 04:46:32.485826969
60279.19899867856,34.714285714285715,0.0,0.1669024045261669,2023-12-01 04:46:33.485827923
60279.19901025263,37.0,6.082762530298219,0.1782178217821782,2023-12-01 04:46:34.485827446
60279.1990218267,39.75,0.0,0.19183168316831684,2023-12-01 04:46:35.485826969
60279.19903340078,42.5,0.0,0.20544554455445543,2023-12-01 04:46:36.485827208
60279.199044974855,45.25,0.0,0.21905940594059406,2023-12-01 04:46:37.485827446
60279.199056548925,48.0,6.928203230275509,0.23267326732673266,2023-12-01 04:46:38.485827208
60279.199068123,48.0,0.0,0.23267326732673266,2023-12-01 04:46:39.485827446
60279.19907969708,48.0,0.0,0.23267326732673266,2023-12-01 04:46:40.485827684
60279.19909127115,48.0,0.0,0.23267326732673266,2023-12-01 04:46:41.485827208
60279.199102845225,48.0,0.0,0.23267326732673266,2023-12-01 04:46:42.485827446
60279.1991144193,48.0,0.0,0.23267326732673266,2023-12-01 04:46:43.485827684
60279.19912599337,48.0,0.0,0.23267326732673266,2023-12-01 04:46:44.485827208
60279.19913756744,48.0,0.0,0.23267326732673266,2023-12-01 04:46:45.485826969
60279.199149141525,48.0,0.0,0.23267326732673266,2023-12-01 04:46:46.485827684
60279.199160715594,48.0,6.928203230275509,0.23267326732673266,2023-12-01 04:46:47.485827446
60279.199172289664,3.0,1.7320508075688772,0.0099009900990099,2023-12-01 04:46:48.485826969
60279.19918386375,7.142857142857143,0.0,0.03041018387553041,2023-12-01 04:46:49.485827923
60279.19919543782,11.285714285714286,0.0,0.05091937765205093,2023-12-01 04:46:50.485827446
60279.19920701189,15.42857142857143,0.0,0.07142857142857144,2023-12-01 04:46:51.485826969
60279.19921858596,19.571428571428573,0.0,0.09193776520509195,2023-12-01 04:46:52.485827208
60279.19923016004,23.714285714285715,0.0,0.11244695898161244,2023-12-01 04:46:53.485827446
60279.19924173411,27.85714285714286,0.0,0.13295615275813297,2023-12-01 04:46:54.485826969
60279.19925330819,32.0,5.656854249492381,0.15346534653465346,2023-12-01 04:46:55.485827208
60279.19926488226,16.5,0.0,0.07673267326732673,2023-12-01 04:46:56.485827446
60279.19927645633,1.0,1.0,0.0,2023-12-01 04:46:57.485827208
60279.19928803041,9.25,0.0,0.04084158415841584,2023-12-01 04:46:58.485827446
60279.19929960449,17.5,0.0,0.08168316831683169,2023-12-01 04:46:59.485827684
60279.199311178556,25.75,0.0,0.12252475247524752,2023-12-01 04:47:00.485827208
60279.19932275263,34.0,5.830951894845301,0.16336633663366337,2023-12-01 04:47:01.485827446
60279.19933432671,32.833333333333336,0.0,0.1575907590759076,2023-12-01 04:47:02.485827684
60279.19934590078,31.666666666666668,0.0,0.15181518151815182,2023-12-01 04:47:03.485827208
60279.19935747485,30.5,0.0,0.14603960396039603,2023-12-01 04:47:04.485826969
60279.19936904893,29.333333333333332,0.0,0.14026402640264027,2023-12-01 04:47:05.485827684
60279.199380623,28.166666666666664,0.0,0.13448844884488448,2023-12-01 04:47:06.485827446
60279.19939219707,27.0,5.196152422706632,0.12871287128712872,2023-12-01 04:47:07.485826969
60279.199403771156,27.0,0.0,0.12871287128712872,2023-12-01 04:47:08.485827923
60279.199415345225,27.0,5.196152422706632,0.12871287128712872,2023-12-01 04:47:09.485827446
60279.199426919295,26.333333333333332,0.0,0.1254125412541254,2023-12-01 04:47:10.485826969
60279.19943849337,25.666666666666668,0.0,0.12211221122112212,2023-12-01 04:47:11.485827208
60279.19945006745,25.0,0.0,0.1188118811881188,2023-12-01 04:47:12.485827446
60279.19946164152,24.333333333333332,0.0,0.11551155115511551,2023-12-01 04:47:13.485827208
60279.199473215594,23.666666666666668,0.0,0.11221122112211221,2023-12-01 04:47:14.485827446
60279.19948478967,23.0,4.795831523312719,0.10891089108910891,2023-12-01 04:47:15.485827684
60279.19949636374,33.0,5.744562646538029,0.15841584158415842,2023-12-01 04:47:16.485827208
60279.19950793782,35.857142857142854,0.0,0.17256011315417255,2023-12-01 04:47:17.485827446
60279.199519511894,38.714285714285715,0.0,0.1867043847241867,2023-12-01 04:47:18.485827684
60279.199531085964,41.57142857142857,0.0,0.20084865629420084,2023-12-01 04:47:19.485827208
60279.19954266003,44.42857142857143,0.0,0.214992927864215,2023-12-01 04:47:20.485826969
60279.19955423412,47.285714285714285,0.0,0.22913719943422914,2023-12-01 04:47:21.485827684
60279.19956580819,50.14285714285714,0.0,0.24328147100424327,2023-12-01 04:47:22.485827446
60279.19957738226,53.0,7.280109889280518,0.25742574257425743,2023-12-01 04:47:23.485826969
60279.19958895634,50.333333333333336,0.0,0.24422442244224424,2023-12-01 04:47:24.485827923
60279.19960053041,47.666666666666664,0.0,0.23102310231023102,2023-12-01 04:47:25.485827446
60279.19961210448,45.0,0.0,0.21782178217821782,2023-12-01 04:47:26.485826969
60279.199623678556,42.333333333333336,0.0,0.20462046204620463,2023-12-01 04:47:27.485827208
60279.19963525263,39.66666666666667,0.0,0.19141914191419143,2023-12-01 04:47:28.485827446
60279.1996468267,37.0,6.082762530298219,0.1782178217821782,2023-12-01 04:47:29.485827208
60279.19965840078,38.75,0.0,0.18688118811881188,2023-12-01 04:47:30.485827446
60279.199669974856,40.5,0.0,0.19554455445544555,2023-12-01 04:47:31.485827446
60279.199681548926,42.25,0.0,0.2042079207920792,2023-12-01 04:47:32.485827208
60279.199693123,44.0,0.0,0.21287128712871287,2023-12-01 04:47:33.485827446
60279.19970469708,45.75,0.0,0.22153465346534654,2023-12-01 04:47:34.485827684
60279.19971627115,47.5,0.0,0.2301980198019802,2023-12-01 04:47:35.485827208
60279.199727845225,49.25,0.0,0.23886138613861385,2023-12-01 04:47:36.485827446
60279.1997394193,51.0,7.14142842854285,0.24752475247524752,2023-12-01 04:47:37.485827684
60279.19975099337,48.5,0.0,0.23514851485148514,2023-12-01 04:47:38.485827208
60279.19976256744,46.0,0.0,0.22277227722772278,2023-12-01 04:47:39.485826969
60279.199774141525,43.5,0.0,0.2103960396039604,2023-12-01 04:47:40.485827684
60279.199785715595,41.0,6.4031242374328485,0.19801980198019803,2023-12-01 04:47:41.485827446
60279.199797289664,28.333333333333336,0.0,0.1353135313531353,2023-12-01 04:47:42.485826969
60279.19980886375,15.666666666666668,0.0,0.07260726072607261,2023-12-01 04:47:43.485827923
60279.19982043782,3.0,1.7320508075688772,0.0099009900990099,2023-12-01 04:47:44.485827446
60279.19983201189,8.4,0.0,0.03663366336633664,2023-12-01 04:47:45.485826969
60279.199843585964,13.8,0.0,0.06336633663366337,2023-12-01 04:47:46.485827208
60279.19985516004,19.200000000000003,0.0,0.09009900990099011,2023-12-01 04:47:47.485827446
60279.19986673411,24.6,0.0,0.11683168316831684,2023-12-01 04:47:48.485827208
60279.19987830819,30.0,5.477225575051661,0.14356435643564355,2023-12-01 04:47:49.485827446
60279.199889882264,3.0,1.7320508075688772,0.0099009900990099,2023-12-01 04:47:50.485827684
60279.19990145633,6.166666666666666,0.0,0.025577557755775575,2023-12-01 04:47:51.485827208
60279.19991303041,9.333333333333332,0.0,0.041254125412541254,2023-12-01 04:47:52.485827446
60279.19992460449,12.5,0.0,0.05693069306930693,2023-12-01 04:47:53.485827684
60279.19993617856,15.666666666666666,0.0,0.0726072607260726,2023-12-01 04:47:54.485827208
60279.199947752626,18.833333333333332,0.0,0.08828382838283827,2023-12-01 04:47:55.485826969
60279.19995932671,22.0,4.69041575982343,0.10396039603960396,2023-12-01 04:47:56.485827684
60279.19997090078,20.5,0.0,0.09653465346534654,2023-12-01 04:47:57.485827446
60279.19998247485,19.0,4.358898943540674,0.0891089108910891,2023-12-01 04:47:58.485826969
60279.19999404893,16.0,0.0,0.07425742574257425,2023-12-01 04:47:59.485827923
60279.200005623,13.0,0.0,0.05940594059405941,2023-12-01 04:48:00.485827446
60279.20001719707,10.0,0.0,0.04455445544554456,2023-12-01 04:48:01.485826969
60279.20002877115,7.0,2.6457513110645907,0.029702970297029705,2023-12-01 04:48:02.485827208
60279.200040345226,46.0,6.782329983125268,0.22277227722772278,2023-12-01 04:48:03.485827446
60279.200051919295,44.42857142857143,0.0,0.214992927864215,2023-12-01 04:48:04.485827208
60279.20006349337,42.857142857142854,0.0,0.2072135785007072,2023-12-01 04:48:05.485827446
60279.20007506745,41.285714285714285,0.0,0.19943422913719944,2023-12-01 04:48:06.485827684
60279.20008664152,39.714285714285715,0.0,0.19165487977369167,2023-12-01 04:48:07.485827208
60279.200098215595,38.142857142857146,0.0,0.1838755304101839,2023-12-01 04:48:08.485827446
60279.20010978967,36.57142857142857,0.0,0.17609618104667607,2023-12-01 04:48:09.485827684
60279.20012136374,35.0,5.916079783099616,0.16831683168316833,2023-12-01 04:48:10.485827208
60279.20013293781,7.0,2.6457513110645907,0.029702970297029705,2023-12-01 04:48:11.485826969
60279.200144511895,7.166666666666667,0.0,0.030528052805280526,2023-12-01 04:48:12.485827684
60279.200156085964,7.333333333333333,0.0,0.03135313531353136,2023-12-01 04:48:13.485827208
60279.200167660034,7.5,0.0,0.03217821782178218,2023-12-01 04:48:14.485826969
60279.20017923412,7.666666666666667,0.0,0.03300330033003301,2023-12-01 04:48:15.485827684
60279.20019080819,7.833333333333333,0.0,0.03382838283828383,2023-12-01 04:48:16.485827446
60279.20020238226,8.0,2.8284271247461903,0.034653465346534656,2023-12-01 04:48:17.485826969
60279.20021395634,16.5,0.0,0.07673267326732673,2023-12-01 04:48:18.485827923
60279.20022553041,25.0,5.0,0.1188118811881188,2023-12-01 04:48:19.485827446
60279.20023710448,23.8,0.0,0.11287128712871287,2023-12-01 04:48:20.485826969
60279.20024867856,22.6,0.0,0.10693069306930693,2023-12-01 04:48:21.485827208
60279.20026025263,21.4,0.0,0.10099009900990098,2023-12-01 04:48:22.485827446
60279.2002718267,20.2,0.0,0.09504950495049504,2023-12-01 04:48:23.485827208
60279.20028340078,19.0,4.358898943540674,0.0891089108910891,2023-12-01 04:48:24.485827446
60279.20029497486,17.5,0.0,0.08168316831683169,2023-12-01 04:48:25.485827684
60279.200306548926,16.0,4.0,0.07425742574257425,2023-12-01 04:48:26.485827208
60279.200318123,20.0,0.0,0.09405940594059406,2023-12-01 04:48:27.485827446
60279.20032969708,24.0,0.0,0.11386138613861385,2023-12-01 04:48:28.485827684
60279.20034127115,28.0,0.0,0.13366336633663367,2023-12-01 04:48:29.485827208
60279.20035284522,32.0,0.0,0.15346534653465346,2023-12-01 04:48:30.485826969
60279.2003644193,36.0,0.0,0.17326732673267325,2023-12-01 04:48:31.485827684
60279.20037599337,40.0,6.324555320336759,0.19306930693069307,2023-12-01 04:48:32.485827446
60279.20038756744,39.875,0.0,0.19245049504950495,2023-12-01 04:48:33.485826969
60279.200399141526,39.75,0.0,0.19183168316831684,2023-12-01 04:48:34.485827923
60279.200410715595,39.625,0.0,0.19121287128712872,2023-12-01 04:48:35.485827446
60279.200422289665,39.5,0.0,0.1905940594059406,2023-12-01 04:48:36.485826969
60279.20043386374,39.375,0.0,0.18997524752475248,2023-12-01 04:48:37.485827208
60279.20044543782,39.25,0.0,0.18935643564356436,2023-12-01 04:48:38.485827446
60279.20045701189,39.125,0.0,0.18873762376237624,2023-12-01 04:48:39.485827208
60279.200468585965,39.0,6.244997998398398,0.18811881188118812,2023-12-01 04:48:40.485827446
60279.20048016004,7.0,2.6457513110645907,0.029702970297029705,2023-12-01 04:48:41.485827684
60279.20049173411,12.857142857142858,0.0,0.058698727015558706,2023-12-01 04:48:42.485827208
60279.20050330819,18.714285714285715,0.0,0.0876944837340877,2023-12-01 04:48:43.485827446
60279.200514882265,24.57142857142857,0.0,0.11669024045261668,2023-12-01 04:48:44.485827684
60279.200526456334,30.428571428571427,0.0,0.14568599717114566,2023-12-01 04:48:45.485827208
60279.2005380304,36.285714285714285,0.0,0.17468175388967466,2023-12-01 04:48:46.485826969
60279.20054960449,42.14285714285714,0.0,0.20367751060820366,2023-12-01 04:48:47.485827684
60279.20056117856,48.0,6.928203230275509,0.23267326732673266,2023-12-01 04:48:48.485827446
60279.20057275263,43.5,0.0,0.2103960396039604,2023-12-01 04:48:49.485826969
60279.20058432671,39.0,0.0,0.18811881188118812,2023-12-01 04:48:50.485827684
60279.20059590078,34.5,0.0,0.16584158415841585,2023-12-01 04:48:51.485827446
60279.20060747485,30.0,0.0,0.14356435643564355,2023-12-01 04:48:52.485826969
60279.20061904893,25.5,0.0,0.12128712871287128,2023-12-01 04:48:53.485827208
60279.200630623,21.0,4.58257569495584,0.099009900990099,2023-12-01 04:48:54.485827446
60279.20064219707,25.5,0.0,0.12128712871287128,2023-12-01 04:48:55.485826969
60279.20065377115,30.0,5.477225575051661,0.14356435643564355,2023-12-01 04:48:56.485827208
60279.200665345226,22.75,0.0,0.10767326732673267,2023-12-01 04:48:57.485827446
60279.200676919296,15.5,0.0,0.07178217821782178,2023-12-01 04:48:58.485827208
60279.20068849337,8.25,0.0,0.035891089108910895,2023-12-01 04:48:59.485827446
60279.20070006745,1.0,1.0,0.0,2023-12-01 04:49:00.485827684
60279.20071164152,41.0,6.4031242374328485,0.19801980198019803,2023-12-01 04:49:01.485827208
60279.200723215596,42.42857142857143,0.0,0.2050919377652051,2023-12-01 04:49:02.485827446
60279.20073478967,43.857142857142854,0.0,0.21216407355021213,2023-12-01 04:49:03.485827684
60279.20074636374,45.285714285714285,0.0,0.21923620933521923,2023-12-01 04:49:04.485827208
60279.20075793781,46.714285714285715,0.0,0.22630834512022632,2023-12-01 04:49:05.485826969
60279.200769511895,48.142857142857146,0.0,0.2333804809052334,2023-12-01 04:49:06.485827684
60279.200781085965,49.57142857142857,0.0,0.24045261669024043,2023-12-01 04:49:07.485827446
60279.200792660034,51.0,7.14142842854285,0.24752475247524752,2023-12-01 04:49:08.485826969
60279.20080423412,50.0,0.0,0.24257425742574257,2023-12-01 04:49:09.485827923
60279.20081580819,49.0,0.0,0.2376237623762376,2023-12-01 04:49:10.485827446
60279.20082738226,48.0,0.0,0.23267326732673266,2023-12-01 04:49:11.485826969
60279.200838956334,47.0,0.0,0.22772277227722773,2023-12-01 04:49:12.485827208
60279.20085053041,46.0,0.0,0.22277227722772278,2023-12-01 04:49:13.485827446
60279.20086210448,45.0,6.708203932499369,0.21782178217821782,2023-12-01 04:49:14.485827208
60279.20087367856,45.875,0.0,0.22215346534653466,2023-12-01 04:49:15.485827446
60279.200885252634,46.75,0.0,0.2264851485148515,2023-12-01 04:49:16.485827684
60279.200896826704,47.625,0.0,0.23081683168316833,2023-12-01 04:49:17.485827208
60279.20090840078,48.5,0.0,0.23514851485148514,2023-12-01 04:49:18.485827446
60279.20091997486,49.375,0.0,0.23948019801980197,2023-12-01 04:49:19.485827684
60279.20093154893,50.25,0.0,0.2438118811881188,2023-12-01 04:49:20.485827208
60279.200943122996,51.125,0.0,0.24814356435643564,2023-12-01 04:49:21.485826969
60279.20095469708,52.0,7.211102550927978,0.2524752475247525,2023-12-01 04:49:22.485827684
60279.20096627115,50.57142857142857,0.0,0.24540311173974538,2023-12-01 04:49:23.485827446
60279.20097784522,49.142857142857146,0.0,0.23833097595473834,2023-12-01 04:49:24.485826969
60279.2009894193,47.714285714285715,0.0,0.23125884016973125,2023-12-01 04:49:25.485827923
60279.20100099337,46.285714285714285,0.0,0.22418670438472418,2023-12-01 04:49:26.485827446
60279.20101256744,44.857142857142854,0.0,0.2171145685997171,2023-12-01 04:49:27.485826969
60279.20102414152,43.42857142857143,0.0,0.21004243281471005,2023-12-01 04:49:28.485827208
60279.201035715596,42.0,6.48074069840786,0.20297029702970296,2023-12-01 04:49:29.485827446
60279.201047289665,42.0,0.0,0.20297029702970296,2023-12-01 04:49:30.485827208
60279.20105886374,42.0,0.0,0.20297029702970296,2023-12-01 04:49:31.485827446
60279.20107043782,42.0,0.0,0.20297029702970296,2023-12-01 04:49:32.485827446
60279.20108201189,42.0,0.0,0.20297029702970296,2023-12-01 04:49:33.485827208
60279.201093585965,42.0,0.0,0.20297029702970296,2023-12-01 04:49:34.485827446
60279.20110516004,42.0,6.48074069840786,0.20297029702970296,2023-12-01 04:49:35.485827684
60279.20111673411,15.0,3.872983346207417,0.0693069306930693,2023-12-01 04:49:36.485827208
60279.20112830819,18.4,0.0,0.08613861386138613,2023-12-01 04:49:37.485827446
60279.201139882265,21.8,0.0,0.10297029702970296,2023-12-01 04:49:38.485827684
60279.201151456335,25.2,0.0,0.1198019801980198,2023-12-01 04:49:39.485827208
60279.201163030404,28.6,0.0,0.13663366336633664,2023-12-01 04:49:40.485826969
60279.20117460449,32.0,5.656854249492381,0.15346534653465346,2023-12-01 04:49:41.485827684
60279.20118617856,18.0,0.0,0.08415841584158415,2023-12-01 04:49:42.485827446
60279.20119775263,4.0,2.0,0.01485148514851485,2023-12-01 04:49:43.485826969
60279.20120932671,11.666666666666668,0.0,0.05280528052805281,2023-12-01 04:49:44.485827923
60279.20122090078,19.333333333333336,0.0,0.09075907590759076,2023-12-01 04:49:45.485827446
60279.20123247485,27.0,0.0,0.12871287128712872,2023-12-01 04:49:46.485826969
60279.20124404893,34.66666666666667,0.0,0.16666666666666669,2023-12-01 04:49:47.485827208
60279.201255623004,42.333333333333336,0.0,0.20462046204620463,2023-12-01 04:49:48.485827446
60279.20126719707,50.0,7.0710678118654755,0.24257425742574257,2023-12-01 04:49:49.485827208
60279.20127877115,49.166666666666664,0.0,0.23844884488448845,2023-12-01 04:49:50.485827446
60279.20129034523,48.333333333333336,0.0,0.23432343234323433,2023-12-01 04:49:51.485827684
60279.2013019193,47.5,0.0,0.2301980198019802,2023-12-01 04:49:52.485827208
60279.20131349337,46.666666666666664,0.0,0.22607260726072606,2023-12-01 04:49:53.485827446
60279.20132506745,45.833333333333336,0.0,0.22194719471947197,2023-12-01 04:49:54.485827684
60279.20133664152,45.0,6.708203932499369,0.21782178217821782,2023-12-01 04:49:55.485827208
60279.20134821559,5.0,2.23606797749979,0.019801980198019802,2023-12-01 04:49:56.485826969
60279.20135978967,13.4,0.0,0.06138613861386139,2023-12-01 04:49:57.485827684
60279.20137136374,21.8,0.0,0.10297029702970296,2023-12-01 04:49:58.485827446
60279.20138293781,30.200000000000003,0.0,0.14455445544554457,2023-12-01 04:49:59.485826969
60279.201394511896,38.6,0.0,0.18613861386138614,2023-12-01 04:50:00.485827923
60279.201406085966,47.0,6.855654600401044,0.22772277227722773,2023-12-01 04:50:01.485827446
60279.201417660035,15.0,3.872983346207417,0.0693069306930693,2023-12-01 04:50:02.485826969
60279.20142923411,14.333333333333334,0.0,0.066006600660066,2023-12-01 04:50:03.485827208
60279.20144080819,13.666666666666666,0.0,0.0627062706270627,2023-12-01 04:50:04.485827446
60279.20145238226,13.0,0.0,0.05940594059405941,2023-12-01 04:50:05.485827208
60279.201463956335,12.333333333333334,0.0,0.05610561056105611,2023-12-01 04:50:06.485827446
60279.20147553041,11.666666666666668,0.0,0.05280528052805281,2023-12-01 04:50:07.485827684
60279.20148710448,11.0,3.3166247903554,0.04950495049504951,2023-12-01 04:50:08.485827208
60279.20149867856,29.5,0.0,0.14108910891089108,2023-12-01 04:50:09.485827446
60279.201510252635,48.0,6.928203230275509,0.23267326732673266,2023-12-01 04:50:10.485827684
60279.201521826704,41.0,0.0,0.19801980198019803,2023-12-01 04:50:11.485827208
60279.201533400774,34.0,0.0,0.16336633663366337,2023-12-01 04:50:12.485826969
60279.20154497486,27.0,0.0,0.12871287128712872,2023-12-01 04:50:13.485827684
60279.20155654893,20.0,4.47213595499958,0.09405940594059406,2023-12-01 04:50:14.485827208
60279.201568123,26.333333333333332,0.0,0.1254125412541254,2023-12-01 04:50:15.485826969
60279.20157969708,32.666666666666664,0.0,0.15676567656765675,2023-12-01 04:50:16.485827684
60279.20159127115,39.0,6.244997998398398,0.18811881188118812,2023-12-01 04:50:17.485827446
60279.20160284522,45.0,0.0,0.21782178217821782,2023-12-01 04:50:18.485826969
60279.201614419304,51.0,0.0,0.24752475247524752,2023-12-01 04:50:19.485827923
60279.20162599337,57.0,0.0,0.27722772277227725,2023-12-01 04:50:20.485827446
60279.20163756744,63.0,7.937253933193772,0.3069306930693069,2023-12-01 04:50:21.485826969
60279.20164914152,34.5,0.0,0.16584158415841585,2023-12-01 04:50:22.485827208
60279.2016607156,6.0,2.449489742783178,0.02475247524752475,2023-12-01 04:50:23.485827446
60279.201672289666,6.4,0.0,0.026732673267326732,2023-12-01 04:50:24.485827208
60279.20168386374,6.8,0.0,0.028712871287128714,2023-12-01 04:50:25.485827446
60279.20169543782,7.2,0.0,0.030693069306930696,2023-12-01 04:50:26.485827684
60279.20170701189,7.6,0.0,0.032673267326732675,2023-12-01 04:50:27.485827208
60279.201718585966,8.0,2.8284271247461903,0.034653465346534656,2023-12-01 04:50:28.485827446
60279.20173016004,64.0,8.0,0.3118811881188119,2023-12-01 04:50:29.485827684
60279.20174173411,61.4,0.0,0.299009900990099,2023-12-01 04:50:30.485827208
60279.20175330818,58.8,0.0,0.2861386138613861,2023-12-01 04:50:31.485826969
60279.201764882266,56.2,0.0,0.2732673267326733,2023-12-01 04:50:32.485827684
60279.201776456335,53.6,0.0,0.2603960396039604,2023-12-01 04:50:33.485827446
60279.201788030405,51.0,7.14142842854285,0.24752475247524752,2023-12-01 04:50:34.485826969
60279.20179960449,36.0,0.0,0.17326732673267325,2023-12-01 04:50:35.485827923
60279.20181117856,21.0,4.58257569495584,0.099009900990099,2023-12-01 04:50:36.485827446
60279.20182275263,24.0,0.0,0.11386138613861385,2023-12-01 04:50:37.485826969
60279.201834326705,27.0,0.0,0.12871287128712872,2023-12-01 04:50:38.485827208
60279.20184590078,30.0,0.0,0.14356435643564355,2023-12-01 04:50:39.485827446
60279.20185747485,33.0,5.744562646538029,0.15841584158415842,2023-12-01 04:50:40.485827208
60279.20186904893,36.0,0.0,0.17326732673267325,2023-12-01 04:50:41.485827446
60279.201880623004,39.0,6.244997998398398,0.18811881188118812,2023-12-01 04:50:42.485827684
60279.201892197074,33.25,0.0,0.15965346534653466,2023-12-01 04:50:43.485827208
60279.20190377115,27.5,0.0,0.1311881188118812,2023-12-01 04:50:44.485827446
60279.20191534523,21.75,0.0,0.10272277227722772,2023-12-01 04:50:45.485827684
60279.2019269193,16.0,4.0,0.07425742574257425,2023-12-01 04:50:46.485827208
60279.20193849337,42.0,6.48074069840786,0.20297029702970296,2023-12-01 04:50:47.485826969
60279.20195006745,42.4,0.0,0.20495049504950494,2023-12-01 04:50:48.485827684
60279.20196164152,42.8,0.0,0.20693069306930692,2023-12-01 04:50:49.485827446
60279.20197321559,43.2,0.0,0.20891089108910893,2023-12-01 04:50:50.485826969
60279.20198478967,43.6,0.0,0.21089108910891088,2023-12-01 04:50:51.485827684
60279.20199636374,44.0,6.6332495807108,0.21287128712871287,2023-12-01 04:50:52.485827446
60279.20200793781,33.5,0.0,0.1608910891089109,2023-12-01 04:50:53.485826969
60279.2020195119,23.0,4.795831523312719,0.10891089108910891,2023-12-01 04:50:54.485827923
60279.202031085966,19.6,0.0,0.09207920792079208,2023-12-01 04:50:55.485827446
60279.202042660036,16.2,0.0,0.07524752475247524,2023-12-01 04:50:56.485826969
60279.20205423411,12.8,0.0,0.05841584158415842,2023-12-01 04:50:57.485827208
60279.20206580819,9.4,0.0,0.041584158415841586,2023-12-01 04:50:58.485827446
60279.20207738226,6.0,2.449489742783178,0.02475247524752475,2023-12-01 04:50:59.485827208
60279.202088956336,70.0,8.366600265340756,0.3415841584158416,2023-12-01 04:51:00.485827446
60279.20210053041,66.0,0.0,0.3217821782178218,2023-12-01 04:51:01.485827684
60279.20211210448,62.0,0.0,0.30198019801980197,2023-12-01 04:51:02.485827208
60279.20212367856,58.0,0.0,0.28217821782178215,2023-12-01 04:51:03.485827446
60279.202135252635,54.0,0.0,0.2623762376237624,2023-12-01 04:51:04.485827684
60279.202146826705,50.0,0.0,0.24257425742574257,2023-12-01 04:51:05.485827208
60279.202158400774,46.0,6.782329983125268,0.22277227722772278,2023-12-01 04:51:06.485826969
60279.20216997486,32.5,0.0,0.15594059405940594,2023-12-01 04:51:07.485827684
60279.20218154893,19.0,4.358898943540674,0.0891089108910891,2023-12-01 04:51:08.485827446
60279.202193123,31.6,0.0,0.15148514851485148,2023-12-01 04:51:09.485826969
60279.20220469708,44.2,0.0,0.21386138613861388,2023-12-01 04:51:10.485827923
60279.20221627115,56.8,0.0,0.2762376237623762,2023-12-01 04:51:11.485827446
60279.20222784522,69.4,0.0,0.33861386138613864,2023-12-01 04:51:12.485826969
60279.2022394193,82.0,9.055385138137417,0.400990099009901,2023-12-01 04:51:13.485827208
60279.202250993374,82.25,0.0,0.40222772277227725,2023-12-01 04:51:14.485827446
60279.20226256744,82.5,0.0,0.4034653465346535,2023-12-01 04:51:15.485827208
60279.20227414152,82.75,0.0,0.40470297029702973,2023-12-01 04:51:16.485827446
60279.2022857156,83.0,0.0,0.40594059405940597,2023-12-01 04:51:17.485827684
60279.20229728967,83.25,0.0,0.40717821782178215,2023-12-01 04:51:18.485827208
60279.20230886374,83.5,0.0,0.4084158415841584,2023-12-01 04:51:19.485827446
60279.20232043782,83.75,0.0,0.40965346534653463,2023-12-01 04:51:20.485827684
60279.20233201189,84.0,9.16515138991168,0.41089108910891087,2023-12-01 04:51:21.485827208
60279.20234358596,74.16666666666667,0.0,0.36221122112211224,2023-12-01 04:51:22.485826969
60279.20235516004,64.33333333333333,0.0,0.3135313531353135,2023-12-01 04:51:23.485827684
60279.20236673411,54.5,0.0,0.26485148514851486,2023-12-01 04:51:24.485827446
60279.20237830818,44.666666666666664,0.0,0.21617161716171615,2023-12-01 04:51:25.485826969
60279.202389882266,34.83333333333333,0.0,0.16749174917491746,2023-12-01 04:51:26.485827923
60279.202401456336,25.0,5.0,0.1188118811881188,2023-12-01 04:51:27.485827446
60279.202413030405,33.0,5.744562646538029,0.15841584158415842,2023-12-01 04:51:28.485826969
60279.20242460448,45.0,0.0,0.21782178217821782,2023-12-01 04:51:29.485827208
60279.20243617856,57.0,0.0,0.27722772277227725,2023-12-01 04:51:30.485827446
60279.20244775263,69.0,0.0,0.33663366336633666,2023-12-01 04:51:31.485827208
60279.202459326705,81.0,9.0,0.39603960396039606,2023-12-01 04:51:32.485827208
60279.20247090078,54.66666666666667,0.0,0.26567656765676567,2023-12-01 04:51:33.485827446
60279.20248247485,28.333333333333336,0.0,0.1353135313531353,2023-12-01 04:51:34.485827208
60279.20249404893,2.0,1.4142135623730951,0.0049504950495049506,2023-12-01 04:51:35.485827446
60279.202505623005,14.0,0.0,0.06435643564356436,2023-12-01 04:51:36.485827684
60279.202517197074,26.0,0.0,0.12376237623762376,2023-12-01 04:51:37.485827208
60279.20252877115,38.0,6.164414002968976,0.18316831683168316,2023-12-01 04:51:38.485827446
60279.20254034523,50.0,7.0710678118654755,0.24257425742574257,2023-12-01 04:51:39.485827684
60279.2025519193,44.0,0.0,0.21287128712871287,2023-12-01 04:51:40.485827208
60279.20256349337,38.0,0.0,0.18316831683168316,2023-12-01 04:51:41.485826969
60279.20257506745,32.0,0.0,0.15346534653465346,2023-12-01 04:51:42.485827684
60279.20258664152,26.0,0.0,0.12376237623762376,2023-12-01 04:51:43.485827446
60279.20259821559,20.0,0.0,0.09405940594059406,2023-12-01 04:51:44.485826969
60279.202609789674,14.0,0.0,0.06435643564356436,2023-12-01 04:51:45.485827923
60279.202621363744,8.0,2.8284271247461903,0.034653465346534656,2023-12-01 04:51:46.485827446
60279.20263293781,58.0,7.615773105863909,0.28217821782178215,2023-12-01 04:51:47.485826969
60279.20264451189,58.142857142857146,0.0,0.2828854314002829,2023-12-01 04:51:48.485827208
60279.20265608597,58.285714285714285,0.0,0.28359264497878356,2023-12-01 04:51:49.485827446
60279.202667660036,58.42857142857143,0.0,0.2842998585572843,2023-12-01 04:51:50.485827208
60279.20267923411,58.57142857142857,0.0,0.285007072135785,2023-12-01 04:51:51.485827446
60279.20269080819,58.714285714285715,0.0,0.2857142857142857,2023-12-01 04:51:52.485827684
60279.20270238226,58.857142857142854,0.0,0.28642149929278643,2023-12-01 04:51:53.485827208
60279.202713956336,59.0,7.681145747868608,0.2871287128712871,2023-12-01 04:51:54.485827446
60279.20272553041,46.25,0.0,0.22400990099009901,2023-12-01 04:51:55.485827684
60279.20273710448,33.5,0.0,0.1608910891089109,2023-12-01 04:51:56.485827208
60279.20274867855,20.75,0.0,0.09777227722772278,2023-12-01 04:51:57.485826969
60279.202760252636,8.0,2.8284271247461903,0.034653465346534656,2023-12-01 04:51:58.485827684
60279.202771826705,21.666666666666664,0.0,0.1023102310231023,2023-12-01 04:51:59.485827446
60279.202783400775,35.33333333333333,0.0,0.16996699669966994,2023-12-01 04:52:00.485826969
60279.20279497486,49.0,7.0,0.2376237623762376,2023-12-01 04:52:01.485827923
60279.20280654893,43.0,0.0,0.2079207920792079,2023-12-01 04:52:02.485827446
60279.202818123,37.0,0.0,0.1782178217821782,2023-12-01 04:52:03.485826969
60279.202829697075,31.0,0.0,0.1485148514851485,2023-12-01 04:52:04.485827208
60279.20284127115,25.0,0.0,0.1188118811881188,2023-12-01 04:52:05.485827446
60279.20285284522,19.0,4.358898943540674,0.0891089108910891,2023-12-01 04:52:06.485827208
60279.2028644193,37.5,0.0,0.1806930693069307,2023-12-01 04:52:07.485827446
60279.202875993375,56.0,7.483314773547883,0.2722772277227723,2023-12-01 04:52:08.485827684
60279.202887567444,44.75,0.0,0.21658415841584158,2023-12-01 04:52:09.485827208
60279.20289914152,33.5,0.0,0.1608910891089109,2023-12-01 04:52:10.485827446
60279.2029107156,22.25,0.0,0.1051980198019802,2023-12-01 04:52:11.485827684
60279.20292228967,11.0,3.3166247903554,0.04950495049504951,2023-12-01 04:52:12.485827208
60279.20293386374,20.5,0.0,0.09653465346534654,2023-12-01 04:52:13.485826969
60279.20294543782,30.0,5.477225575051661,0.14356435643564355,2023-12-01 04:52:14.485827684
60279.20295701189,33.8,0.0,0.16237623762376235,2023-12-01 04:52:15.485827208
60279.20296858596,37.6,0.0,0.18118811881188118,2023-12-01 04:52:16.485826969
60279.202980160044,41.4,0.0,0.19999999999999998,2023-12-01 04:52:17.485827684
60279.20299173411,45.2,0.0,0.2188118811881188,2023-12-01 04:52:18.485827446
60279.20300330818,49.0,7.0,0.2376237623762376,2023-12-01 04:52:19.485826969
60279.20301488227,3.0,1.7320508075688772,0.0099009900990099,2023-12-01 04:52:20.485827923
60279.20302645634,3.0,0.0,0.0099009900990099,2023-12-01 04:52:21.485827446
60279.203038030406,3.0,0.0,0.0099009900990099,2023-12-01 04:52:22.485826969
60279.20304960448,3.0,0.0,0.0099009900990099,2023-12-01 04:52:23.485827208
60279.20306117856,3.0,0.0,0.0099009900990099,2023-12-01 04:52:24.485827446
60279.20307275263,3.0,0.0,0.0099009900990099,2023-12-01 04:52:25.485827208
60279.203084326706,3.0,1.7320508075688772,0.0099009900990099,2023-12-01 04:52:26.485827446
60279.20309590078,62.0,7.874007874011811,0.30198019801980197,2023-12-01 04:52:27.485827684
60279.20310747485,48.25,0.0,0.2339108910891089,2023-12-01 04:52:28.485827208
60279.20311904893,34.5,0.0,0.16584158415841585,2023-12-01 04:52:29.485827446
60279.203130623006,20.75,0.0,0.09777227722772278,2023-12-01 04:52:30.485827684
60279.203142197075,7.0,2.6457513110645907,0.029702970297029705,2023-12-01 04:52:31.485827208
60279.203153771145,42.0,6.48074069840786,0.20297029702970296,2023-12-01 04:52:32.485826969
60279.20316534523,46.125,0.0,0.2233910891089109,2023-12-01 04:52:33.485827684
60279.2031769193,50.25,0.0,0.2438118811881188,2023-12-01 04:52:34.485827446
60279.20318849337,54.375,0.0,0.26423267326732675,2023-12-01 04:52:35.485826969
60279.20320006745,58.5,0.0,0.28465346534653463,2023-12-01 04:52:36.485827923
60279.20321164152,62.625,0.0,0.30507425742574257,2023-12-01 04:52:37.485827446
60279.20322321559,66.75,0.0,0.3254950495049505,2023-12-01 04:52:38.485826969
60279.20323478967,70.875,0.0,0.3459158415841584,2023-12-01 04:52:39.485827208
60279.203246363744,75.0,8.660254037844387,0.36633663366336633,2023-12-01 04:52:40.485827446
60279.203257937814,64.83333333333333,0.0,0.316006600660066,2023-12-01 04:52:41.485827208
60279.20326951189,54.66666666666667,0.0,0.26567656765676567,2023-12-01 04:52:42.485827446
60279.20328108597,44.5,0.0,0.21534653465346534,2023-12-01 04:52:43.485827684
60279.20329266004,34.333333333333336,0.0,0.16501650165016502,2023-12-01 04:52:44.485827208
60279.20330423411,24.16666666666667,0.0,0.1146864686468647,2023-12-01 04:52:45.485827446
60279.20331580819,14.0,3.7416573867739413,0.06435643564356436,2023-12-01 04:52:46.485827684
60279.20332738226,36.0,6.0,0.17326732673267325,2023-12-01 04:52:47.485827208
60279.20333895633,33.2,0.0,0.1594059405940594,2023-12-01 04:52:48.485826969
60279.20335053041,30.4,0.0,0.14554455445544554,2023-12-01 04:52:49.485827684
60279.20336210448,27.6,0.0,0.1316831683168317,2023-12-01 04:52:50.485827446
60279.20337367855,24.8,0.0,0.11782178217821783,2023-12-01 04:52:51.485826969
60279.20338525264,22.0,4.69041575982343,0.10396039603960396,2023-12-01 04:52:52.485827684
60279.203396826706,32.0,5.656854249492381,0.15346534653465346,2023-12-01 04:52:53.485827446
60279.203408400776,32.625,0.0,0.15655940594059406,2023-12-01 04:52:54.485826969
60279.20341997486,33.25,0.0,0.15965346534653466,2023-12-01 04:52:55.485827923
60279.20343154893,33.875,0.0,0.16274752475247525,2023-12-01 04:52:56.485827446
60279.203443123,34.5,0.0,0.16584158415841585,2023-12-01 04:52:57.485826969
60279.203454697075,35.125,0.0,0.16893564356435645,2023-12-01 04:52:58.485827208
60279.20346627115,35.75,0.0,0.17202970297029702,2023-12-01 04:52:59.485827446
60279.20347784522,36.375,0.0,0.1751237623762376,2023-12-01 04:53:00.485827208
60279.2034894193,37.0,6.082762530298219,0.1782178217821782,2023-12-01 04:53:01.485827446
60279.203500993375,6.0,2.449489742783178,0.02475247524752475,2023-12-01 04:53:02.485827684
60279.203512567445,7.75,0.0,0.03341584158415842,2023-12-01 04:53:03.485827208
60279.20352414152,9.5,0.0,0.04207920792079208,2023-12-01 04:53:04.485827446
60279.2035357156,11.25,0.0,0.050742574257425746,2023-12-01 04:53:05.485827684
60279.20354728967,13.0,3.605551275463989,0.05940594059405941,2023-12-01 04:53:06.485827208
60279.20355886374,44.0,6.6332495807108,0.21287128712871287,2023-12-01 04:53:07.485826969
60279.20357043782,46.5,0.0,0.22524752475247525,2023-12-01 04:53:08.485827684
60279.20358201189,49.0,0.0,0.2376237623762376,2023-12-01 04:53:09.485827446
60279.20359358596,51.5,0.0,0.25,2023-12-01 04:53:10.485826969
60279.203605160044,54.0,0.0,0.2623762376237624,2023-12-01 04:53:11.485827923
60279.203616734114,56.5,0.0,0.2747524752475248,2023-12-01 04:53:12.485827446
60279.20362830818,59.0,7.681145747868608,0.2871287128712871,2023-12-01 04:53:13.485826969
60279.20363988226,52.25,0.0,0.2537128712871287,2023-12-01 04:53:14.485827208
60279.20365145634,45.5,0.0,0.2202970297029703,2023-12-01 04:53:15.485827446
60279.20366303041,38.75,0.0,0.18688118811881188,2023-12-01 04:53:16.485827208
60279.20367460448,32.0,0.0,0.15346534653465346,2023-12-01 04:53:17.485827446
60279.20368617856,25.25,0.0,0.12004950495049505,2023-12-01 04:53:18.485827684
60279.20369775263,18.5,0.0,0.08663366336633663,2023-12-01 04:53:19.485827208
60279.203709326706,11.75,0.0,0.05321782178217822,2023-12-01 04:53:20.485827446
60279.20372090078,5.0,2.23606797749979,0.019801980198019802,2023-12-01 04:53:21.485827684
60279.20373247485,26.0,0.0,0.12376237623762376,2023-12-01 04:53:22.485827208
60279.20374404892,47.0,6.855654600401044,0.22772277227722773,2023-12-01 04:53:23.485826969
60279.203755623006,35.333333333333336,0.0,0.16996699669966997,2023-12-01 04:53:24.485827684
60279.203767197076,23.666666666666668,0.0,0.11221122112211221,2023-12-01 04:53:25.485827446
60279.203778771145,12.0,3.4641016151377544,0.054455445544554455,2023-12-01 04:53:26.485826969
60279.20379034523,19.333333333333332,0.0,0.09075907590759075,2023-12-01 04:53:27.485827923
60279.2038019193,26.666666666666664,0.0,0.12706270627062705,2023-12-01 04:53:28.485827446
60279.20381349337,34.0,5.830951894845301,0.16336633663366337,2023-12-01 04:53:29.485826969
60279.203825067445,38.666666666666664,0.0,0.18646864686468645,2023-12-01 04:53:30.485827208
60279.20383664152,43.333333333333336,0.0,0.20957095709570958,2023-12-01 04:53:31.485827446
60279.20384821559,48.0,0.0,0.23267326732673266,2023-12-01 04:53:32.485826969
60279.20385978967,52.66666666666667,0.0,0.2557755775577558,2023-12-01 04:53:33.485827208
60279.203871363745,57.333333333333336,0.0,0.27887788778877887,2023-12-01 04:53:34.485827446
60279.203882937814,62.0,7.874007874011811,0.30198019801980197,2023-12-01 04:53:35.485827208
60279.20389451189,51.833333333333336,0.0,0.25165016501650167,2023-12-01 04:53:36.485827446
60279.20390608597,41.66666666666667,0.0,0.20132013201320134,2023-12-01 04:53:37.485827684
60279.20391766004,31.5,0.0,0.15099009900990099,2023-12-01 04:53:38.485827208
60279.203929234114,21.333333333333336,0.0,0.10066006600660067,2023-12-01 04:53:39.485827446
60279.20394080819,11.166666666666671,0.0,0.050330033003300356,2023-12-01 04:53:40.485827684
60279.20395238226,1.0,1.0,0.0,2023-12-01 04:53:41.485827208
60279.20396395633,40.0,6.324555320336759,0.19306930693069307,2023-12-01 04:53:42.485826969
60279.203975530414,41.333333333333336,0.0,0.19966996699669967,2023-12-01 04:53:43.485827684
60279.20398710448,42.666666666666664,0.0,0.20627062706270627,2023-12-01 04:53:44.485827446
60279.20399867855,44.0,0.0,0.21287128712871287,2023-12-01 04:53:45.485826969
60279.20401025264,45.333333333333336,0.0,0.2194719471947195,2023-12-01 04:53:46.485827923
60279.20402182671,46.666666666666664,0.0,0.22607260726072606,2023-12-01 04:53:47.485827446
60279.204033400776,48.0,6.928203230275509,0.23267326732673266,2023-12-01 04:53:48.485826969
60279.20404497485,44.0,0.0,0.21287128712871287,2023-12-01 04:53:49.485827208
60279.20405654893,40.0,0.0,0.19306930693069307,2023-12-01 04:53:50.485827446
60279.204068123,36.0,0.0,0.17326732673267325,2023-12-01 04:53:51.485827208
60279.204079697076,32.0,0.0,0.15346534653465346,2023-12-01 04:53:52.485827446
60279.20409127115,28.0,0.0,0.13366336633663367,2023-12-01 04:53:53.485827684
60279.20410284522,24.0,0.0,0.11386138613861385,2023-12-01 04:53:54.485827208
60279.2041144193,20.0,0.0,0.09405940594059406,2023-12-01 04:53:55.485827446
60279.204125993376,16.0,4.0,0.07425742574257425,2023-12-01 04:53:56.485827684
60279.204137567445,32.0,5.656854249492381,0.15346534653465346,2023-12-01 04:53:57.485827208
60279.204149141515,32.0,0.0,0.15346534653465346,2023-12-01 04:53:58.485826969
60279.2041607156,32.0,0.0,0.15346534653465346,2023-12-01 04:53:59.485827684
60279.20417228967,32.0,0.0,0.15346534653465346,2023-12-01 04:54:00.485827446
60279.20418386374,32.0,0.0,0.15346534653465346,2023-12-01 04:54:01.485826969
60279.20419543782,32.0,0.0,0.15346534653465346,2023-12-01 04:54:02.485827923
60279.20420701189,32.0,0.0,0.15346534653465346,2023-12-01 04:54:03.485827446
60279.20421858596,32.0,5.656854249492381,0.15346534653465346,2023-12-01 04:54:04.485826969
60279.20423016004,11.0,3.3166247903554,0.04950495049504951,2023-12-01 04:54:05.485827208
60279.204241734114,16.2,0.0,0.07524752475247524,2023-12-01 04:54:06.485827446
60279.204253308184,21.4,0.0,0.10099009900990098,2023-12-01 04:54:07.485827208
60279.20426488226,26.6,0.0,0.12673267326732673,2023-12-01 04:54:08.485827446
60279.20427645634,31.8,0.0,0.15247524752475247,2023-12-01 04:54:09.485827446
60279.20428803041,37.0,6.082762530298219,0.1782178217821782,2023-12-01 04:54:10.485827208
60279.204299604484,34.285714285714285,0.0,0.16478076379066478,2023-12-01 04:54:11.485827446
60279.20431117856,31.57142857142857,0.0,0.15134370579915132,2023-12-01 04:54:12.485827684
60279.20432275263,28.857142857142858,0.0,0.1379066478076379,2023-12-01 04:54:13.485827208
60279.2043343267,26.142857142857142,0.0,0.12446958981612447,2023-12-01 04:54:14.485826731
60279.204345900784,23.428571428571427,0.0,0.11103253182461102,2023-12-01 04:54:15.485827684
60279.20435747485,20.714285714285715,0.0,0.09759547383309759,2023-12-01 04:54:16.485827208
60279.20436904892,18.0,4.242640687119285,0.08415841584158415,2023-12-01 04:54:17.485826969
60279.20438062301,31.0,5.5677643628300215,0.1485148514851485,2023-12-01 04:54:18.485827684
60279.204392197076,33.2,0.0,0.1594059405940594,2023-12-01 04:54:19.485827446
60279.204403771146,35.4,0.0,0.17029702970297028,2023-12-01 04:54:20.485826969
60279.20441534523,37.6,0.0,0.18118811881188118,2023-12-01 04:54:21.485827923
60279.2044269193,39.8,0.0,0.19207920792079206,2023-12-01 04:54:22.485827446
60279.20443849337,42.0,6.48074069840786,0.20297029702970296,2023-12-01 04:54:23.485826969
60279.204450067446,1.0,1.0,0.0,2023-12-01 04:54:24.485827208
60279.20446164152,6.2,0.0,0.025742574257425745,2023-12-01 04:54:25.485827446
60279.20447321559,11.4,0.0,0.05148514851485149,2023-12-01 04:54:26.485827208
60279.20448478967,16.6,0.0,0.07722772277227723,2023-12-01 04:54:27.485827446
60279.204496363745,21.8,0.0,0.10297029702970296,2023-12-01 04:54:28.485827684
60279.204507937815,27.0,5.196152422706632,0.12871287128712872,2023-12-01 04:54:29.485827208
60279.20451951189,22.0,0.0,0.10396039603960396,2023-12-01 04:54:30.485827446
60279.20453108597,17.0,4.123105625617661,0.07920792079207921,2023-12-01 04:54:31.485827684
60279.20454266004,20.833333333333332,0.0,0.09818481848184818,2023-12-01 04:54:32.485827208
60279.20455423411,24.666666666666668,0.0,0.11716171617161716,2023-12-01 04:54:33.485826969
60279.20456580819,28.5,0.0,0.13613861386138615,2023-12-01 04:54:34.485827684
60279.20457738226,32.333333333333336,0.0,0.15511551155115513,2023-12-01 04:54:35.485827446
60279.20458895633,36.16666666666667,0.0,0.17409240924092412,2023-12-01 04:54:36.485826969
60279.204600530415,40.0,6.324555320336759,0.19306930693069307,2023-12-01 04:54:37.485827923
60279.204612104484,39.0,0.0,0.18811881188118812,2023-12-01 04:54:38.485827446
60279.20462367855,38.0,0.0,0.18316831683168316,2023-12-01 04:54:39.485826969
60279.20463525263,37.0,0.0,0.1782178217821782,2023-12-01 04:54:40.485827208
60279.20464682671,36.0,0.0,0.17326732673267325,2023-12-01 04:54:41.485827446
60279.20465840078,35.0,0.0,0.16831683168316833,2023-12-01 04:54:42.485827208
60279.20466997485,34.0,5.830951894845301,0.16336633663366337,2023-12-01 04:54:43.485827446
60279.20468154893,33.166666666666664,0.0,0.15924092409240923,2023-12-01 04:54:44.485827684
60279.204693123,32.333333333333336,0.0,0.15511551155115513,2023-12-01 04:54:45.485827208
60279.20470469708,31.5,0.0,0.15099009900990099,2023-12-01 04:54:46.485827446
60279.20471627115,30.666666666666668,0.0,0.14686468646864687,2023-12-01 04:54:47.485827684
60279.20472784522,29.833333333333332,0.0,0.14273927392739272,2023-12-01 04:54:48.485827208
60279.20473941929,29.0,5.385164807134504,0.1386138613861386,2023-12-01 04:54:49.485826969
60279.20475099338,30.428571428571427,0.0,0.14568599717114566,2023-12-01 04:54:50.485827684
60279.204762567446,31.857142857142858,0.0,0.15275813295615276,2023-12-01 04:54:51.485827208
60279.204774141515,33.285714285714285,0.0,0.15983026874115983,2023-12-01 04:54:52.485826969
60279.2047857156,34.714285714285715,0.0,0.1669024045261669,2023-12-01 04:54:53.485827684
60279.20479728967,36.142857142857146,0.0,0.173974540311174,2023-12-01 04:54:54.485827446
60279.20480886374,37.57142857142857,0.0,0.18104667609618103,2023-12-01 04:54:55.485826969
60279.20482043782,39.0,6.244997998398398,0.18811881188118812,2023-12-01 04:54:56.485827923
60279.20483201189,36.0,0.0,0.17326732673267325,2023-12-01 04:54:57.485827446
60279.20484358596,33.0,0.0,0.15841584158415842,2023-12-01 04:54:58.485826969
60279.20485516004,30.0,0.0,0.14356435643564355,2023-12-01 04:54:59.485827208
60279.204866734115,27.0,0.0,0.12871287128712872,2023-12-01 04:55:00.485827446
60279.204878308185,24.0,0.0,0.11386138613861385,2023-12-01 04:55:01.485827208
60279.20488988226,21.0,0.0,0.099009900990099,2023-12-01 04:55:02.485827446
60279.20490145634,18.0,4.242640687119285,0.08415841584158415,2023-12-01 04:55:03.485827684
60279.20491303041,6.0,2.449489742783178,0.02475247524752475,2023-12-01 04:55:04.485827208
60279.204924604484,8.8,0.0,0.03861386138613862,2023-12-01 04:55:05.485827446
60279.20493617856,11.6,0.0,0.05247524752475247,2023-12-01 04:55:06.485827684
60279.20494775263,14.399999999999999,0.0,0.06633663366336633,2023-12-01 04:55:07.485827208
60279.2049593267,17.2,0.0,0.08019801980198019,2023-12-01 04:55:08.485826969
60279.204970900784,20.0,4.47213595499958,0.09405940594059406,2023-12-01 04:55:09.485827684
60279.204982474854,1.0,1.0,0.0,2023-12-01 04:55:10.485827446
60279.20499404892,1.8333333333333335,0.0,0.004125412541254126,2023-12-01 04:55:11.485826969
60279.20500562301,2.666666666666667,0.0,0.008250825082508254,2023-12-01 04:55:12.485827923
60279.20501719708,3.5,0.0,0.012376237623762377,2023-12-01 04:55:13.485827446
60279.205028771146,4.333333333333334,0.0,0.016501650165016504,2023-12-01 04:55:14.485826969
60279.20504034522,5.166666666666667,0.0,0.020627062706270627,2023-12-01 04:55:15.485827208
60279.2050519193,6.0,2.449489742783178,0.02475247524752475,2023-12-01 04:55:16.485827446
60279.20506349337,30.0,5.477225575051661,0.14356435643564355,2023-12-01 04:55:17.485827208
60279.205075067446,27.5,0.0,0.1311881188118812,2023-12-01 04:55:18.485827446
60279.20508664152,25.0,0.0,0.1188118811881188,2023-12-01 04:55:19.485827684
60279.20509821559,22.5,0.0,0.10643564356435643,2023-12-01 04:55:20.485827208
60279.20510978967,20.0,0.0,0.09405940594059406,2023-12-01 04:55:21.485827446
60279.205121363746,17.5,0.0,0.08168316831683169,2023-12-01 04:55:22.485827684
60279.205132937816,15.0,3.872983346207417,0.0693069306930693,2023-12-01 04:55:23.485827208
60279.205144511885,17.0,0.0,0.07920792079207921,2023-12-01 04:55:24.485826969
60279.20515608597,19.0,4.358898943540674,0.0891089108910891,2023-12-01 04:55:25.485827684
60279.20516766004,20.0,0.0,0.09405940594059406,2023-12-01 04:55:26.485827446
60279.20517923411,21.0,0.0,0.099009900990099,2023-12-01 04:55:27.485826969
60279.20519080819,22.0,0.0,0.10396039603960396,2023-12-01 04:55:28.485827684
60279.20520238226,23.0,0.0,0.10891089108910891,2023-12-01 04:55:29.485827446
60279.20521395633,24.0,4.898979485566356,0.11386138613861385,2023-12-01 04:55:30.485826969
60279.20522553041,20.5,0.0,0.09653465346534654,2023-12-01 04:55:31.485827208
60279.205237104485,17.0,0.0,0.07920792079207921,2023-12-01 04:55:32.485827446
60279.205248678554,13.5,0.0,0.06188118811881189,2023-12-01 04:55:33.485826969
60279.20526025263,10.0,0.0,0.04455445544554456,2023-12-01 04:55:34.485827208
60279.20527182671,6.5,0.0,0.027227722772277228,2023-12-01 04:55:35.485827446
60279.20528340078,3.0,1.7320508075688772,0.0099009900990099,2023-12-01 04:55:36.485827208
60279.205294974854,7.0,0.0,0.029702970297029705,2023-12-01 04:55:37.485827446
60279.20530654893,11.0,3.3166247903554,0.04950495049504951,2023-12-01 04:55:38.485827684
60279.205318123,13.6,0.0,0.06237623762376238,2023-12-01 04:55:39.485827208
60279.20532969708,16.2,0.0,0.07524752475247524,2023-12-01 04:55:40.485827446
60279.205341271154,18.8,0.0,0.08811881188118811,2023-12-01 04:55:41.485827684
60279.20535284522,21.4,0.0,0.10099009900990098,2023-12-01 04:55:42.485827208
60279.20536441929,24.0,4.898979485566356,0.11386138613861385,2023-12-01 04:55:43.485826969
60279.20537599338,21.571428571428573,0.0,0.10183875530410184,2023-12-01 04:55:44.485827684
60279.20538756745,19.142857142857142,0.0,0.08981612446958981,2023-12-01 04:55:45.485827446
60279.205399141516,16.714285714285715,0.0,0.0777934936350778,2023-12-01 04:55:46.485826969
60279.2054107156,14.285714285714286,0.0,0.06577086280056577,2023-12-01 04:55:47.485827923
60279.20542228967,11.857142857142858,0.0,0.05374823196605375,2023-12-01 04:55:48.485827446
60279.20543386374,9.42857142857143,0.0,0.04172560113154174,2023-12-01 04:55:49.485826969
60279.205445437816,7.0,2.6457513110645907,0.029702970297029705,2023-12-01 04:55:50.485827208
60279.20545701189,8.0,2.8284271247461903,0.034653465346534656,2023-12-01 04:55:51.485827446
60279.20546858596,10.833333333333334,0.0,0.048679867986798686,2023-12-01 04:55:52.485827208
60279.20548016004,13.666666666666668,0.0,0.0627062706270627,2023-12-01 04:55:53.485827446
60279.205491734116,16.5,0.0,0.07673267326732673,2023-12-01 04:55:54.485827684
60279.205503308185,19.333333333333336,0.0,0.09075907590759076,2023-12-01 04:55:55.485827208
60279.20551488226,22.166666666666668,0.0,0.10478547854785479,2023-12-01 04:55:56.485827446
60279.20552645634,25.0,5.0,0.1188118811881188,2023-12-01 04:55:57.485827684
60279.20553803041,23.5,0.0,0.11138613861386139,2023-12-01 04:55:58.485827208
60279.20554960448,22.0,0.0,0.10396039603960396,2023-12-01 04:55:59.485826969
60279.20556117856,20.5,0.0,0.09653465346534654,2023-12-01 04:56:00.485827684
60279.20557275263,19.0,0.0,0.0891089108910891,2023-12-01 04:56:01.485827446
60279.2055843267,17.5,0.0,0.08168316831683169,2023-12-01 04:56:02.485826969
60279.205595900785,16.0,0.0,0.07425742574257425,2023-12-01 04:56:03.485827923
60279.205607474854,14.5,0.0,0.06683168316831682,2023-12-01 04:56:04.485827446
60279.205619048924,13.0,3.605551275463989,0.05940594059405941,2023-12-01 04:56:05.485826969
60279.205630623,11.285714285714286,0.0,0.05091937765205093,2023-12-01 04:56:06.485827208
60279.20564219708,9.571428571428571,0.0,0.042432814710042434,2023-12-01 04:56:07.485827446
60279.20565377115,7.857142857142858,0.0,0.03394625176803395,2023-12-01 04:56:08.485827208
60279.205665345224,6.142857142857143,0.0,0.02545968882602546,2023-12-01 04:56:09.485827208
60279.2056769193,4.428571428571429,0.0,0.016973125884016973,2023-12-01 04:56:10.485827446
60279.20568849337,2.7142857142857153,0.0,0.008486562942008492,2023-12-01 04:56:11.485827208
60279.20570006745,1.0,1.0,0.0,2023-12-01 04:56:12.485827446
60279.20571164152,34.0,5.830951894845301,0.16336633663366337,2023-12-01 04:56:13.485827684
60279.20572321559,32.0,0.0,0.15346534653465346,2023-12-01 04:56:14.485827208
60279.20573478967,30.0,0.0,0.14356435643564355,2023-12-01 04:56:15.485827446
60279.20574636375,28.0,0.0,0.13366336633663367,2023-12-01 04:56:16.485827684
60279.205757937816,26.0,5.0990195135927845,0.12376237623762376,2023-12-01 04:56:17.485827208
60279.205769511886,24.875,0.0,0.11819306930693069,2023-12-01 04:56:18.485826969
60279.20578108597,23.75,0.0,0.11262376237623763,2023-12-01 04:56:19.485827684
60279.20579266004,22.625,0.0,0.10705445544554455,2023-12-01 04:56:20.485827446
60279.20580423411,21.5,0.0,0.10148514851485148,2023-12-01 04:56:21.485826969
60279.20581580819,20.375,0.0,0.09591584158415842,2023-12-01 04:56:22.485827923
60279.20582738226,19.25,0.0,0.09034653465346534,2023-12-01 04:56:23.485827446
60279.20583895633,18.125,0.0,0.08477722772277227,2023-12-01 04:56:24.485826969
60279.20585053041,17.0,4.123105625617661,0.07920792079207921,2023-12-01 04:56:25.485827208
60279.205862104485,18.0,0.0,0.08415841584158415,2023-12-01 04:56:26.485827446
60279.205873678555,19.0,0.0,0.0891089108910891,2023-12-01 04:56:27.485827208
60279.20588525263,20.0,4.47213595499958,0.09405940594059406,2023-12-01 04:56:28.485827446
60279.20589682671,18.0,0.0,0.08415841584158415,2023-12-01 04:56:29.485827684
60279.20590840078,16.0,0.0,0.07425742574257425,2023-12-01 04:56:30.485827208
60279.205919974855,14.0,3.7416573867739413,0.06435643564356436,2023-12-01 04:56:31.485827446
60279.20593154893,15.833333333333334,0.0,0.07343234323432343,2023-12-01 04:56:32.485827684
60279.205943123,17.666666666666668,0.0,0.08250825082508251,2023-12-01 04:56:33.485827208
60279.20595469707,19.5,0.0,0.09158415841584158,2023-12-01 04:56:34.485826969
60279.205966271154,21.333333333333332,0.0,0.10066006600660066,2023-12-01 04:56:35.485827684
60279.205977845224,23.166666666666664,0.0,0.10973597359735972,2023-12-01 04:56:36.485827446
60279.20598941929,25.0,5.0,0.1188118811881188,2023-12-01 04:56:37.485826969
60279.20600099338,22.428571428571427,0.0,0.10608203677510607,2023-12-01 04:56:38.485827923
60279.20601256745,19.857142857142858,0.0,0.09335219236209336,2023-12-01 04:56:39.485827446
60279.20602414152,17.285714285714285,0.0,0.08062234794908062,2023-12-01 04:56:40.485826969
60279.20603571559,14.714285714285714,0.0,0.06789250353606789,2023-12-01 04:56:41.485827208
60279.20604728967,12.142857142857142,0.0,0.055162659123055166,2023-12-01 04:56:42.485827446
60279.20605886374,9.57142857142857,0.0,0.04243281471004243,2023-12-01 04:56:43.485827208
60279.20607043782,7.0,2.6457513110645907,0.029702970297029705,2023-12-01 04:56:44.485827446
60279.20608201189,21.0,4.58257569495584,0.099009900990099,2023-12-01 04:56:45.485827684
60279.20609358596,17.2,0.0,0.08019801980198019,2023-12-01 04:56:46.485827208
60279.20610516004,13.4,0.0,0.06138613861386139,2023-12-01 04:56:47.485827446
60279.206116734116,9.600000000000001,0.0,0.042574257425742584,2023-12-01 04:56:48.485827684
60279.206128308186,5.800000000000001,0.0,0.023762376237623766,2023-12-01 04:56:49.485827208
60279.206139882255,2.0,1.4142135623730951,0.0049504950495049506,2023-12-01 04:56:50.485826969
60279.20615145634,7.0,0.0,0.029702970297029705,2023-12-01 04:56:51.485827684
60279.20616303041,12.0,3.4641016151377544,0.054455445544554455,2023-12-01 04:56:52.485827208
60279.20617460448,14.2,0.0,0.06534653465346534,2023-12-01 04:56:53.485826969
60279.20618617856,16.4,0.0,0.07623762376237622,2023-12-01 04:56:54.485827684
60279.20619775263,18.6,0.0,0.08712871287128714,2023-12-01 04:56:55.485827446
60279.2062093267,20.8,0.0,0.09801980198019802,2023-12-01 04:56:56.485826969
60279.206220900785,23.0,4.795831523312719,0.10891089108910891,2023-12-01 04:56:57.485827923
60279.206232474855,23.0,0.0,0.10891089108910891,2023-12-01 04:56:58.485827446
60279.206244048924,23.0,0.0,0.10891089108910891,2023-12-01 04:56:59.485826969
60279.206255623,23.0,0.0,0.10891089108910891,2023-12-01 04:57:00.485827208
60279.20626719708,23.0,0.0,0.10891089108910891,2023-12-01 04:57:01.485827446
60279.20627877115,23.0,4.795831523312719,0.10891089108910891,2023-12-01 04:57:02.485827208
60279.206290345224,20.5,0.0,0.09653465346534654,2023-12-01 04:57:03.485827446
60279.2063019193,18.0,0.0,0.08415841584158415,2023-12-01 04:57:04.485827684
60279.20631349337,15.5,0.0,0.07178217821782178,2023-12-01 04:57:05.485827208
60279.20632506745,13.0,0.0,0.05940594059405941,2023-12-01 04:57:06.485827446
60279.206336641524,10.5,0.0,0.04702970297029703,2023-12-01 04:57:07.485827684
60279.20634821559,8.0,2.8284271247461903,0.034653465346534656,2023-12-01 04:57:08.485827208
60279.20635978966,12.0,3.4641016151377544,0.054455445544554455,2023-12-01 04:57:09.485826969
60279.20637136375,12.6,0.0,0.05742574257425743,2023-12-01 04:57:10.485827684
60279.20638293782,13.2,0.0,0.0603960396039604,2023-12-01 04:57:11.485827446
60279.206394511886,13.8,0.0,0.06336633663366337,2023-12-01 04:57:12.485826969
60279.20640608597,14.4,0.0,0.06633663366336634,2023-12-01 04:57:13.485827923
60279.20641766004,15.0,3.872983346207417,0.0693069306930693,2023-12-01 04:57:14.485827446
60279.20642923411,15.0,0.0,0.0693069306930693,2023-12-01 04:57:15.485826969
60279.206440808186,15.0,3.872983346207417,0.0693069306930693,2023-12-01 04:57:16.485827208
60279.20645238226,14.4,0.0,0.06633663366336634,2023-12-01 04:57:17.485827446
60279.20646395633,13.8,0.0,0.06336633663366337,2023-12-01 04:57:18.485827208
60279.20647553041,13.2,0.0,0.0603960396039604,2023-12-01 04:57:19.485827446
60279.206487104486,12.6,0.0,0.05742574257425743,2023-12-01 04:57:20.485827684
60279.206498678555,12.0,3.4641016151377544,0.054455445544554455,2023-12-01 04:57:21.485827208
60279.20651025263,6.0,2.449489742783178,0.02475247524752475,2023-12-01 04:57:22.485827446
60279.20652182671,8.0,0.0,0.034653465346534656,2023-12-01 04:57:23.485827684
60279.20653340078,10.0,0.0,0.04455445544554456,2023-12-01 04:57:24.485827208
60279.20654497485,12.0,0.0,0.054455445544554455,2023-12-01 04:57:25.485826969
60279.20655654893,14.0,0.0,0.06435643564356436,2023-12-01 04:57:26.485827684
60279.206568123,16.0,4.0,0.07425742574257425,2023-12-01 04:57:27.485827446
60279.20657969707,14.833333333333334,0.0,0.06848184818481848,2023-12-01 04:57:28.485826969
60279.206591271155,13.666666666666666,0.0,0.0627062706270627,2023-12-01 04:57:29.485827684
60279.206602845225,12.5,0.0,0.05693069306930693,2023-12-01 04:57:30.485827446
60279.206614419294,11.333333333333332,0.0,0.05115511551155115,2023-12-01 04:57:31.485826969
60279.20662599337,10.166666666666666,0.0,0.04537953795379538,2023-12-01 04:57:32.485827208
60279.20663756745,9.0,3.0,0.039603960396039604,2023-12-01 04:57:33.485827446
60279.20664914152,13.0,0.0,0.05940594059405941,2023-12-01 04:57:34.485826969
60279.206660715594,17.0,4.123105625617661,0.07920792079207921,2023-12-01 04:57:35.485827208
60279.20667228967,14.25,0.0,0.0655940594059406,2023-12-01 04:57:36.485827446
60279.20668386374,11.5,0.0,0.051980198019801985,2023-12-01 04:57:37.485827208
60279.20669543782,8.75,0.0,0.03836633663366337,2023-12-01 04:57:38.485827446
60279.206707011894,6.0,2.449489742783178,0.02475247524752475,2023-12-01 04:57:39.485827684
60279.20671858596,12.0,3.4641016151377544,0.054455445544554455,2023-12-01 04:57:40.485827208
60279.20673016004,13.2,0.0,0.0603960396039604,2023-12-01 04:57:41.485827446
60279.20674173412,14.4,0.0,0.06633663366336634,2023-12-01 04:57:42.485827684
60279.206753308186,15.6,0.0,0.07227722772277227,2023-12-01 04:57:43.485827208
60279.206764882256,16.8,0.0,0.07821782178217822,2023-12-01 04:57:44.485826969
60279.20677645634,18.0,4.242640687119285,0.08415841584158415,2023-12-01 04:57:45.485827684
60279.20678803041,21.166666666666668,0.0,0.09983498349834984,2023-12-01 04:57:46.485827446
60279.20679960448,24.333333333333332,0.0,0.11551155115511551,2023-12-01 04:57:47.485826969
60279.20681117856,27.5,0.0,0.1311881188118812,2023-12-01 04:57:48.485827923
60279.20682275263,30.666666666666664,0.0,0.14686468646864684,2023-12-01 04:57:49.485827446
60279.2068343267,33.83333333333333,0.0,0.1625412541254125,2023-12-01 04:57:50.485826969
60279.20684590078,37.0,6.082762530298219,0.1782178217821782,2023-12-01 04:57:51.485827208
60279.206857474855,32.57142857142857,0.0,0.15629420084865628,2023-12-01 04:57:52.485827446
60279.206869048925,28.142857142857142,0.0,0.13437057991513437,2023-12-01 04:57:53.485827208
60279.206880623,23.714285714285715,0.0,0.11244695898161244,2023-12-01 04:57:54.485827446
60279.20689219708,19.285714285714285,0.0,0.09052333804809051,2023-12-01 04:57:55.485827684
60279.20690377115,14.857142857142854,0.0,0.06859971711456858,2023-12-01 04:57:56.485827208
60279.206915345225,10.428571428571427,0.0,0.04667609618104667,2023-12-01 04:57:57.485827446
60279.2069269193,6.0,2.449489742783178,0.02475247524752475,2023-12-01 04:57:58.485827684
60279.20693849337,15.5,0.0,0.07178217821782178,2023-12-01 04:57:59.485827208
60279.20695006744,25.0,5.0,0.1188118811881188,2023-12-01 04:58:00.485826969
60279.206961641525,24.0,0.0,0.11386138613861385,2023-12-01 04:58:01.485827684
60279.206973215594,23.0,0.0,0.10891089108910891,2023-12-01 04:58:02.485827446
60279.206984789664,22.0,0.0,0.10396039603960396,2023-12-01 04:58:03.485826969
60279.20699636375,21.0,0.0,0.099009900990099,2023-12-01 04:58:04.485827923
60279.20700793782,20.0,4.47213595499958,0.09405940594059406,2023-12-01 04:58:05.485827446
60279.20701951189,13.0,3.605551275463989,0.05940594059405941,2023-12-01 04:58:06.485826969
60279.20703108596,15.333333333333334,0.0,0.07095709570957096,2023-12-01 04:58:07.485827208
60279.20704266004,17.666666666666668,0.0,0.08250825082508251,2023-12-01 04:58:08.485827446
60279.20705423411,20.0,0.0,0.09405940594059406,2023-12-01 04:58:09.485826969
60279.20706580819,22.333333333333336,0.0,0.10561056105610563,2023-12-01 04:58:10.485827208
60279.20707738226,24.666666666666668,0.0,0.11716171617161716,2023-12-01 04:58:11.485827446
60279.20708895633,27.0,5.196152422706632,0.12871287128712872,2023-12-01 04:58:12.485827208
60279.20710053041,8.0,2.8284271247461903,0.034653465346534656,2023-12-01 04:58:13.485827446
60279.20711210449,10.125,0.0,0.04517326732673268,2023-12-01 04:58:14.485827684
60279.207123678556,12.25,0.0,0.055693069306930694,2023-12-01 04:58:15.485827208
60279.20713525263,14.375,0.0,0.06621287128712872,2023-12-01 04:58:16.485827446
60279.20714682671,16.5,0.0,0.07673267326732673,2023-12-01 04:58:17.485827684
60279.20715840078,18.625,0.0,0.08725247524752475,2023-12-01 04:58:18.485827208
60279.20716997485,20.75,0.0,0.09777227722772278,2023-12-01 04:58:19.485826969
60279.20718154893,22.875,0.0,0.10829207920792079,2023-12-01 04:58:20.485827684
60279.207193123,25.0,5.0,0.1188118811881188,2023-12-01 04:58:21.485827446
60279.20720469707,26.6,0.0,0.12673267326732673,2023-12-01 04:58:22.485826969
60279.207216271156,28.2,0.0,0.13465346534653463,2023-12-01 04:58:23.485827923
60279.207227845225,29.8,0.0,0.14257425742574256,2023-12-01 04:58:24.485827446
60279.207239419295,31.4,0.0,0.1504950495049505,2023-12-01 04:58:25.485826969
60279.20725099337,33.0,5.744562646538029,0.15841584158415842,2023-12-01 04:58:26.485827208
60279.20726256745,29.833333333333332,0.0,0.14273927392739272,2023-12-01 04:58:27.485827446
60279.20727414152,26.666666666666668,0.0,0.12706270627062707,2023-12-01 04:58:28.485827208
60279.207285715594,23.5,0.0,0.11138613861386139,2023-12-01 04:58:29.485827446
60279.20729728967,20.333333333333336,0.0,0.09570957095709572,2023-12-01 04:58:30.485827684
60279.20730886374,17.166666666666668,0.0,0.08003300330033003,2023-12-01 04:58:31.485827208
60279.20732043782,14.0,3.7416573867739413,0.06435643564356436,2023-12-01 04:58:32.485827446
60279.207332011894,13.0,3.605551275463989,0.05940594059405941,2023-12-01 04:58:33.485827684
60279.207343585964,17.4,0.0,0.08118811881188118,2023-12-01 04:58:34.485827208
60279.20735516003,21.8,0.0,0.10297029702970296,2023-12-01 04:58:35.485826969
60279.20736673412,26.200000000000003,0.0,0.12475247524752475,2023-12-01 04:58:36.485827684
60279.20737830819,30.6,0.0,0.14653465346534653,2023-12-01 04:58:37.485827446
60279.20738988226,35.0,5.916079783099616,0.16831683168316833,2023-12-01 04:58:38.485826969
60279.20740145634,1.0,1.0,0.0,2023-12-01 04:58:39.485827923
60279.20741303041,1.2,0.0,0.0009900990099009901,2023-12-01 04:58:40.485827446
60279.20742460448,1.4,0.0,0.0019801980198019794,2023-12-01 04:58:41.485826969
60279.207436178556,1.6,0.0,0.0029702970297029703,2023-12-01 04:58:42.485827208
60279.20744775263,1.8,0.0,0.003960396039603961,2023-12-01 04:58:43.485827446
60279.2074593267,2.0,1.4142135623730951,0.0049504950495049506,2023-12-01 04:58:44.485827208
60279.20747090078,17.0,0.0,0.07920792079207921,2023-12-01 04:58:45.485827446
60279.207482474856,32.0,5.656854249492381,0.15346534653465346,2023-12-01 04:58:46.485827446
60279.207494048926,30.714285714285715,0.0,0.1471004243281471,2023-12-01 04:58:47.485827208
60279.207505623,29.428571428571427,0.0,0.14073550212164074,2023-12-01 04:58:48.485827446
60279.20751719708,28.142857142857142,0.0,0.13437057991513437,2023-12-01 04:58:49.485827684
60279.20752877115,26.857142857142858,0.0,0.128005657708628,2023-12-01 04:58:50.485827208
60279.20754034522,25.57142857142857,0.0,0.12164073550212162,2023-12-01 04:58:51.485826731
60279.2075519193,24.285714285714285,0.0,0.11527581329561527,2023-12-01 04:58:52.485827684
60279.20756349337,23.0,4.795831523312719,0.10891089108910891,2023-12-01 04:58:53.485827208
60279.20757506744,19.666666666666668,0.0,0.09240924092409242,2023-12-01 04:58:54.485826969
60279.207586641525,16.333333333333332,0.0,0.0759075907590759,2023-12-01 04:58:55.485827684
60279.207598215595,13.0,0.0,0.05940594059405941,2023-12-01 04:58:56.485827446
60279.207609789664,9.666666666666666,0.0,0.0429042904290429,2023-12-01 04:58:57.485826969
60279.20762136375,6.333333333333332,0.0,0.0264026402640264,2023-12-01 04:58:58.485827923
60279.20763293782,3.0,1.7320508075688772,0.0099009900990099,2023-12-01 04:58:59.485827446
60279.20764451189,9.25,0.0,0.04084158415841584,2023-12-01 04:59:00.485826969
60279.207656085964,15.5,0.0,0.07178217821782178,2023-12-01 04:59:01.485827208
60279.20766766004,21.75,0.0,0.10272277227722772,2023-12-01 04:59:02.485827446
60279.20767923411,28.0,5.291502622129181,0.13366336633663367,2023-12-01 04:59:03.485827208
60279.20769080819,22.5,0.0,0.10643564356435643,2023-12-01 04:59:04.485827446
60279.207702382264,17.0,4.123105625617661,0.07920792079207921,2023-12-01 04:59:05.485827684
60279.20771395633,18.75,0.0,0.08787128712871287,2023-12-01 04:59:06.485827208
60279.20772553041,20.5,0.0,0.09653465346534654,2023-12-01 04:59:07.485827446
60279.20773710449,22.25,0.0,0.1051980198019802,2023-12-01 04:59:08.485827684
60279.20774867856,24.0,4.898979485566356,0.11386138613861385,2023-12-01 04:59:09.485827208
60279.207760252626,9.0,3.0,0.039603960396039604,2023-12-01 04:59:10.485826969
60279.20777182671,10.0,0.0,0.04455445544554456,2023-12-01 04:59:11.485827684
60279.20778340078,11.0,0.0,0.04950495049504951,2023-12-01 04:59:12.485827446
60279.20779497485,12.0,0.0,0.054455445544554455,2023-12-01 04:59:13.485826969
60279.20780654893,13.0,3.605551275463989,0.05940594059405941,2023-12-01 04:59:14.485827923
60279.207818123,7.0,2.6457513110645907,0.029702970297029705,2023-12-01 04:59:15.485827446
60279.20782969707,9.0,0.0,0.039603960396039604,2023-12-01 04:59:16.485826969
60279.20784127115,11.0,0.0,0.04950495049504951,2023-12-01 04:59:17.485827208
60279.207852845226,13.0,0.0,0.05940594059405941,2023-12-01 04:59:18.485827446
60279.207864419295,15.0,0.0,0.0693069306930693,2023-12-01 04:59:19.485827208
60279.20787599337,17.0,0.0,0.07920792079207921,2023-12-01 04:59:20.485827446
60279.20788756745,19.0,4.358898943540674,0.0891089108910891,2023-12-01 04:59:21.485827684
60279.20789914152,7.0,2.6457513110645907,0.029702970297029705,2023-12-01 04:59:22.485827208
60279.207910715595,7.571428571428571,0.0,0.03253182461103253,2023-12-01 04:59:23.485827446
60279.20792228967,8.142857142857142,0.0,0.03536067892503536,2023-12-01 04:59:24.485827684
60279.20793386374,8.714285714285714,0.0,0.03818953323903819,2023-12-01 04:59:25.485827208
60279.20794543781,9.285714285714285,0.0,0.04101838755304102,2023-12-01 04:59:26.485826969
60279.207957011895,9.857142857142858,0.0,0.043847241867043855,2023-12-01 04:59:27.485827684
60279.207968585964,10.428571428571429,0.0,0.04667609618104668,2023-12-01 04:59:28.485827208
60279.207980160034,11.0,3.3166247903554,0.04950495049504951,2023-12-01 04:59:29.485826969
60279.20799173412,8.0,2.8284271247461903,0.034653465346534656,2023-12-01 04:59:30.485827684
60279.20800330819,7.6,0.0,0.032673267326732675,2023-12-01 04:59:31.485827446
60279.20801488226,7.2,0.0,0.030693069306930696,2023-12-01 04:59:32.485826969
60279.20802645634,6.8,0.0,0.028712871287128714,2023-12-01 04:59:33.485827923
60279.20803803041,6.4,0.0,0.026732673267326732,2023-12-01 04:59:34.485827446
60279.20804960448,6.0,2.449489742783178,0.02475247524752475,2023-12-01 04:59:35.485826969
60279.20806117856,13.0,3.605551275463989,0.05940594059405941,2023-12-01 04:59:36.485827208
60279.20807275263,12.0,0.0,0.054455445544554455,2023-12-01 04:59:37.485827446
60279.2080843267,11.0,0.0,0.04950495049504951,2023-12-01 04:59:38.485827208
60279.20809590078,10.0,0.0,0.04455445544554456,2023-12-01 04:59:39.485827446
60279.20810747486,9.0,0.0,0.039603960396039604,2023-12-01 04:59:40.485827684
60279.208119048926,8.0,2.8284271247461903,0.034653465346534656,2023-12-01 04:59:41.485827208
60279.208130623,8.0,2.8284271247461903,0.034653465346534656,2023-12-01 04:59:42.485827446
60279.20814219708,11.166666666666666,0.0,0.05033003300330033,2023-12-01 04:59:43.485827684
60279.20815377115,14.333333333333332,0.0,0.066006600660066,2023-12-01 04:59:44.485827208
60279.20816534522,17.5,0.0,0.08168316831683169,2023-12-01 04:59:45.485826969
60279.2081769193,20.666666666666664,0.0,0.09735973597359734,2023-12-01 04:59:46.485827684
60279.20818849337,23.833333333333332,0.0,0.11303630363036303,2023-12-01 04:59:47.485827446
60279.20820006744,27.0,5.196152422706632,0.12871287128712872,2023-12-01 04:59:48.485826969
60279.208211641526,26.0,0.0,0.12376237623762376,2023-12-01 04:59:49.485827923
60279.208223215595,25.0,0.0,0.1188118811881188,2023-12-01 04:59:50.485827446
60279.208234789665,24.0,0.0,0.11386138613861385,2023-12-01 04:59:51.485826969
60279.20824636374,23.0,0.0,0.10891089108910891,2023-12-01 04:59:52.485827208
60279.20825793782,22.0,0.0,0.10396039603960396,2023-12-01 04:59:53.485827446
60279.20826951189,21.0,0.0,0.099009900990099,2023-12-01 04:59:54.485827208
60279.208281085965,20.0,0.0,0.09405940594059406,2023-12-01 04:59:55.485827446
60279.20829266004,19.0,4.358898943540674,0.0891089108910891,2023-12-01 04:59:56.485827684
60279.20830423411,17.0,0.0,0.07920792079207921,2023-12-01 04:59:57.485827208
60279.20831580819,15.0,0.0,0.0693069306930693,2023-12-01 04:59:58.485827446
60279.208327382265,13.0,0.0,0.05940594059405941,2023-12-01 04:59:59.485827684
60279.208338956334,11.0,0.0,0.04950495049504951,2023-12-01 05:00:00.485827208
60279.2083505304,9.0,3.0,0.039603960396039604,2023-12-01 05:00:01.485826969
60279.20836210449,12.0,3.4641016151377544,0.054455445544554455,2023-12-01 05:00:02.485827684
60279.20837367856,10.333333333333334,0.0,0.04620462046204621,2023-12-01 05:00:03.485827446
60279.20838525263,8.666666666666666,0.0,0.037953795379537955,2023-12-01 05:00:04.485826969
60279.20839682671,7.0,2.6457513110645907,0.029702970297029705,2023-12-01 05:00:05.485827684
60279.20840840078,7.0,0.0,0.029702970297029705,2023-12-01 05:00:06.485827446
60279.20841997485,7.0,0.0,0.029702970297029705,2023-12-01 05:00:07.485826969
60279.20843154893,7.0,2.6457513110645907,0.029702970297029705,2023-12-01 05:00:08.485827208
60279.208443123,11.5,0.0,0.051980198019801985,2023-12-01 05:00:09.485827446
60279.20845469707,16.0,0.0,0.07425742574257425,2023-12-01 05:00:10.485826969
60279.20846627115,20.5,0.0,0.09653465346534654,2023-12-01 05:00:11.485827208
60279.208477845226,25.0,5.0,0.1188118811881188,2023-12-01 05:00:12.485827446
60279.208489419296,24.75,0.0,0.11757425742574257,2023-12-01 05:00:13.485827208
60279.20850099337,24.5,0.0,0.11633663366336633,2023-12-01 05:00:14.485827446
60279.20851256745,24.25,0.0,0.11509900990099009,2023-12-01 05:00:15.485827684
60279.20852414152,24.0,0.0,0.11386138613861385,2023-12-01 05:00:16.485827208
60279.208535715596,23.75,0.0,0.11262376237623763,2023-12-01 05:00:17.485827446
60279.20854728967,23.5,0.0,0.11138613861386139,2023-12-01 05:00:18.485827684
60279.20855886374,23.25,0.0,0.11014851485148515,2023-12-01 05:00:19.485827208
60279.20857043781,23.0,4.795831523312719,0.10891089108910891,2023-12-01 05:00:20.485826969
60279.208582011895,22.5,0.0,0.10643564356435643,2023-12-01 05:00:21.485827684
60279.208593585965,22.0,0.0,0.10396039603960396,2023-12-01 05:00:22.485827446
60279.208605160034,21.5,0.0,0.10148514851485148,2023-12-01 05:00:23.485826969
60279.20861673412,21.0,0.0,0.099009900990099,2023-12-01 05:00:24.485827923
60279.20862830819,20.5,0.0,0.09653465346534654,2023-12-01 05:00:25.485827446
60279.20863988226,20.0,4.47213595499958,0.09405940594059406,2023-12-01 05:00:26.485826969
60279.208651456334,3.0,1.7320508075688772,0.0099009900990099,2023-12-01 05:00:27.485827208
60279.20866303041,3.0,0.0,0.0099009900990099,2023-12-01 05:00:28.485827446
60279.20867460448,3.0,0.0,0.0099009900990099,2023-12-01 05:00:29.485827208
60279.20868617856,3.0,0.0,0.0099009900990099,2023-12-01 05:00:30.485827446
60279.208697752634,3.0,0.0,0.0099009900990099,2023-12-01 05:00:31.485827684
60279.208709326704,3.0,1.7320508075688772,0.0099009900990099,2023-12-01 05:00:32.485827208
60279.20872090078,19.0,4.358898943540674,0.0891089108910891,2023-12-01 05:00:33.485827446
60279.20873247486,16.857142857142858,0.0,0.0785007072135785,2023-12-01 05:00:34.485827684
60279.20874404893,14.714285714285715,0.0,0.06789250353606789,2023-12-01 05:00:35.485827208
60279.208755622996,12.571428571428571,0.0,0.057284299858557285,2023-12-01 05:00:36.485826969
60279.20876719708,10.428571428571429,0.0,0.04667609618104668,2023-12-01 05:00:37.485827684
60279.20877877115,8.285714285714286,0.0,0.03606789250353608,2023-12-01 05:00:38.485827446
60279.20879034522,6.142857142857142,0.0,0.025459688826025458,2023-12-01 05:00:39.485826969
60279.2088019193,4.0,2.0,0.01485148514851485,2023-12-01 05:00:40.485827923
60279.20881349337,4.5,0.0,0.017326732673267325,2023-12-01 05:00:41.485827446
60279.20882506744,5.0,2.23606797749979,0.019801980198019802,2023-12-01 05:00:42.485826969
60279.20883664152,4.5,0.0,0.017326732673267325,2023-12-01 05:00:43.485827208
60279.208848215596,4.0,0.0,0.01485148514851485,2023-12-01 05:00:44.485827446
60279.208859789665,3.5,0.0,0.012376237623762377,2023-12-01 05:00:45.485827208
60279.20887136374,3.0,1.7320508075688772,0.0099009900990099,2023-12-01 05:00:46.485827446
60279.20888293782,21.0,4.58257569495584,0.099009900990099,2023-12-01 05:00:47.485827446
60279.20889451189,19.428571428571427,0.0,0.09123055162659122,2023-12-01 05:00:48.485827208
60279.208906085965,17.857142857142858,0.0,0.08345120226308345,2023-12-01 05:00:49.485827446
60279.20891766004,16.285714285714285,0.0,0.07567185289957566,2023-12-01 05:00:50.485827684
60279.20892923411,14.714285714285715,0.0,0.06789250353606789,2023-12-01 05:00:51.485827208
60279.20894080818,13.142857142857142,0.0,0.060113154172560114,2023-12-01 05:00:52.485826731
60279.208952382265,11.571428571428571,0.0,0.05233380480905234,2023-12-01 05:00:53.485827684
60279.208963956335,10.0,3.1622776601683795,0.04455445544554456,2023-12-01 05:00:54.485827208
60279.208975530404,8.0,0.0,0.034653465346534656,2023-12-01 05:00:55.485826969
60279.20898710449,6.0,2.449489742783178,0.02475247524752475,2023-12-01 05:00:56.485827684
60279.20899867856,5.333333333333333,0.0,0.02145214521452145,2023-12-01 05:00:57.485827446
60279.20901025263,4.666666666666667,0.0,0.018151815181518153,2023-12-01 05:00:58.485826969
60279.20902182671,4.0,0.0,0.01485148514851485,2023-12-01 05:00:59.485827923
60279.20903340078,3.3333333333333335,0.0,0.011551155115511552,2023-12-01 05:01:00.485827446
60279.20904497485,2.666666666666667,0.0,0.008250825082508254,2023-12-01 05:01:01.485826969
60279.20905654893,2.0,1.4142135623730951,0.0049504950495049506,2023-12-01 05:01:02.485827208
60279.209068123004,7.0,2.6457513110645907,0.029702970297029705,2023-12-01 05:01:03.485827446
60279.20907969707,8.125,0.0,0.035272277227722776,2023-12-01 05:01:04.485827208
60279.20909127115,9.25,0.0,0.04084158415841584,2023-12-01 05:01:05.485827446
60279.20910284523,10.375,0.0,0.04641089108910892,2023-12-01 05:01:06.485827684
60279.2091144193,11.5,0.0,0.051980198019801985,2023-12-01 05:01:07.485827208
60279.20912599337,12.625,0.0,0.05754950495049505,2023-12-01 05:01:08.485827446
60279.20913756745,13.75,0.0,0.06311881188118812,2023-12-01 05:01:09.485827684
60279.20914914152,14.875,0.0,0.06868811881188118,2023-12-01 05:01:10.485827208
60279.20916071559,16.0,4.0,0.07425742574257425,2023-12-01 05:01:11.485826969
60279.20917228967,12.5,0.0,0.05693069306930693,2023-12-01 05:01:12.485827684
60279.20918386374,9.0,0.0,0.039603960396039604,2023-12-01 05:01:13.485827446
60279.20919543781,5.5,0.0,0.022277227722772276,2023-12-01 05:01:14.485826969
60279.209207011896,2.0,1.4142135623730951,0.0049504950495049506,2023-12-01 05:01:15.485827923
60279.209218585966,8.0,2.8284271247461903,0.034653465346534656,2023-12-01 05:01:16.485827446
60279.209230160035,8.833333333333334,0.0,0.03877887788778878,2023-12-01 05:01:17.485826969
60279.20924173411,9.666666666666666,0.0,0.0429042904290429,2023-12-01 05:01:18.485827208
60279.20925330819,10.5,0.0,0.04702970297029703,2023-12-01 05:01:19.485827446
60279.20926488226,11.333333333333334,0.0,0.051155115511551164,2023-12-01 05:01:20.485827208
60279.209276456335,12.166666666666668,0.0,0.05528052805280529,2023-12-01 05:01:21.485827446
60279.20928803041,13.0,3.605551275463989,0.05940594059405941,2023-12-01 05:01:22.485827684
60279.20929960448,1.0,1.0,0.0,2023-12-01 05:01:23.485827208
60279.20931117856,2.333333333333333,0.0,0.0066006600660066,2023-12-01 05:01:24.485827446
60279.209322752635,3.6666666666666665,0.0,0.013201320132013201,2023-12-01 05:01:25.485827684
60279.209334326704,5.0,2.23606797749979,0.019801980198019802,2023-12-01 05:01:26.485827208
60279.209345900774,3.5,0.0,0.012376237623762377,2023-12-01 05:01:27.485826969
60279.20935747486,2.0,1.4142135623730951,0.0049504950495049506,2023-12-01 05:01:28.485827684
60279.20936904893,3.0,0.0,0.0099009900990099,2023-12-01 05:01:29.485827208
60279.209380623,4.0,0.0,0.01485148514851485,2023-12-01 05:01:30.485826969
60279.20939219708,5.0,0.0,0.019801980198019802,2023-12-01 05:01:31.485827684
60279.20940377115,6.0,0.0,0.02475247524752475,2023-12-01 05:01:32.485827446
60279.20941534522,7.0,0.0,0.029702970297029705,2023-12-01 05:01:33.485826969
60279.209426919304,8.0,2.8284271247461903,0.034653465346534656,2023-12-01 05:01:34.485827923
60279.20943849337,8.333333333333334,0.0,0.03630363036303631,2023-12-01 05:01:35.485827446
60279.20945006744,8.666666666666666,0.0,0.037953795379537955,2023-12-01 05:01:36.485826969
60279.20946164152,9.0,0.0,0.039603960396039604,2023-12-01 05:01:37.485827208
60279.2094732156,9.333333333333334,0.0,0.04125412541254126,2023-12-01 05:01:38.485827446
60279.209484789666,9.666666666666666,0.0,0.0429042904290429,2023-12-01 05:01:39.485827208
60279.20949636374,10.0,3.1622776601683795,0.04455445544554456,2023-12-01 05:01:40.485827446
60279.20950793782,9.666666666666666,0.0,0.0429042904290429,2023-12-01 05:01:41.485827684
60279.20951951189,9.333333333333334,0.0,0.04125412541254126,2023-12-01 05:01:42.485827208
60279.209531085966,9.0,0.0,0.039603960396039604,2023-12-01 05:01:43.485827446
60279.20954266004,8.666666666666666,0.0,0.037953795379537955,2023-12-01 05:01:44.485827684
60279.20955423411,8.333333333333334,0.0,0.03630363036303631,2023-12-01 05:01:45.485827208
60279.20956580818,8.0,2.8284271247461903,0.034653465346534656,2023-12-01 05:01:46.485826969
60279.209577382266,8.375,0.0,0.036509900990099015,2023-12-01 05:01:47.485827684
60279.209588956335,8.75,0.0,0.03836633663366337,2023-12-01 05:01:48.485827446
60279.209600530405,9.125,0.0,0.040222772277227724,2023-12-01 05:01:49.485826969
60279.20961210449,9.5,0.0,0.04207920792079208,2023-12-01 05:01:50.485827923
60279.20962367856,9.875,0.0,0.04393564356435644,2023-12-01 05:01:51.485827446
60279.20963525263,10.25,0.0,0.0457920792079208,2023-12-01 05:01:52.485826969
60279.209646826705,10.625,0.0,0.04764851485148515,2023-12-01 05:01:53.485827208
60279.20965840078,11.0,3.3166247903554,0.04950495049504951,2023-12-01 05:01:54.485827446
60279.20966997485,10.6,0.0,0.047524752475247525,2023-12-01 05:01:55.485827208
60279.20968154893,10.2,0.0,0.04554455445544554,2023-12-01 05:01:56.485827446
60279.209693123004,9.8,0.0,0.04356435643564357,2023-12-01 05:01:57.485827684
60279.209704697074,9.4,0.0,0.041584158415841586,2023-12-01 05:01:58.485827208
60279.20971627115,9.0,3.0,0.039603960396039604,2023-12-01 05:01:59.485827446
60279.20972784523,3.0,1.7320508075688772,0.0099009900990099,2023-12-01 05:02:00.485827684
60279.2097394193,3.0,0.0,0.0099009900990099,2023-12-01 05:02:01.485827208
60279.20975099337,3.0,0.0,0.0099009900990099,2023-12-01 05:02:02.485826969
60279.20976256745,3.0,1.7320508075688772,0.0099009900990099,2023-12-01 05:02:03.485827684
60279.20977414152,3.5,0.0,0.012376237623762377,2023-12-01 05:02:04.485827446
60279.20978571559,4.0,2.0,0.01485148514851485,2023-12-01 05:02:05.485826969
60279.20979728967,4.285714285714286,0.0,0.016265912305516265,2023-12-01 05:02:06.485827684
60279.20980886374,4.571428571428571,0.0,0.017680339462517677,2023-12-01 05:02:07.485827446
60279.20982043781,4.857142857142857,0.0,0.01909476661951909,2023-12-01 05:02:08.485826969
60279.20983201189,5.142857142857142,0.0,0.020509193776520506,2023-12-01 05:02:09.485827208
60279.209843585966,5.428571428571429,0.0,0.021923620933521924,2023-12-01 05:02:10.485827446
60279.209855160036,5.714285714285714,0.0,0.02333804809052334,2023-12-01 05:02:11.485826969
60279.20986673411,6.0,2.449489742783178,0.02475247524752475,2023-12-01 05:02:12.485827208
60279.20987830819,5.166666666666667,0.0,0.020627062706270627,2023-12-01 05:02:13.485827446
60279.20988988226,4.333333333333333,0.0,0.0165016501650165,2023-12-01 05:02:14.485827208
60279.209901456336,3.5,0.0,0.012376237623762377,2023-12-01 05:02:15.485827446
60279.20991303041,2.6666666666666665,0.0,0.00825082508250825,2023-12-01 05:02:16.485827684
60279.20992460448,1.833333333333333,0.0,0.004125412541254124,2023-12-01 05:02:17.485827208
60279.20993617856,1.0,1.0,0.0,2023-12-01 05:02:18.485827446
60279.209947752635,5.0,2.23606797749979,0.019801980198019802,2023-12-01 05:02:19.485827684
60279.209959326705,5.285714285714286,0.0,0.021216407355021213,2023-12-01 05:02:20.485827208
60279.209970900774,5.571428571428571,0.0,0.022630834512022628,2023-12-01 05:02:21.485826969
60279.20998247486,5.857142857142857,0.0,0.024045261669024043,2023-12-01 05:02:22.485827684
60279.20999404893,6.142857142857142,0.0,0.025459688826025458,2023-12-01 05:02:23.485827446
60279.210005623,6.428571428571429,0.0,0.026874115983026876,2023-12-01 05:02:24.485826969
60279.21001719708,6.714285714285714,0.0,0.02828854314002829,2023-12-01 05:02:25.485827923
60279.21002877115,7.0,2.6457513110645907,0.029702970297029705,2023-12-01 05:02:26.485827446
60279.21004034522,4.0,2.0,0.01485148514851485,2023-12-01 05:02:27.485826969
60279.2100519193,4.428571428571429,0.0,0.016973125884016973,2023-12-01 05:02:28.485827208
60279.210063493374,4.857142857142857,0.0,0.01909476661951909,2023-12-01 05:02:29.485827446
60279.21007506744,5.285714285714286,0.0,0.021216407355021213,2023-12-01 05:02:30.485827208
60279.21008664152,5.714285714285714,0.0,0.02333804809052334,2023-12-01 05:02:31.485827446
60279.2100982156,6.142857142857142,0.0,0.025459688826025458,2023-12-01 05:02:32.485827684
60279.21010978967,6.571428571428571,0.0,0.02758132956152758,2023-12-01 05:02:33.485827208
60279.21012136374,7.0,2.6457513110645907,0.029702970297029705,2023-12-01 05:02:34.485827446
60279.21013293782,9.0,3.0,0.039603960396039604,2023-12-01 05:02:35.485827684
60279.21014451189,8.333333333333334,0.0,0.03630363036303631,2023-12-01 05:02:36.485827208
60279.21015608596,7.666666666666667,0.0,0.03300330033003301,2023-12-01 05:02:37.485826969
60279.21016766004,7.0,0.0,0.029702970297029705,2023-12-01 05:02:38.485827684
60279.21017923411,6.333333333333334,0.0,0.026402640264026406,2023-12-01 05:02:39.485827446
60279.21019080818,5.666666666666667,0.0,0.023102310231023104,2023-12-01 05:02:40.485826969
60279.210202382266,5.0,2.23606797749979,0.019801980198019802,2023-12-01 05:02:41.485827923
60279.210213956336,5.2,0.0,0.020792079207920793,2023-12-01 05:02:42.485827446
60279.210225530405,5.4,0.0,0.021782178217821784,2023-12-01 05:02:43.485826969
60279.21023710448,5.6,0.0,0.022772277227722768,2023-12-01 05:02:44.485827208
60279.21024867856,5.8,0.0,0.02376237623762376,2023-12-01 05:02:45.485827446
60279.21026025263,6.0,2.449489742783178,0.02475247524752475,2023-12-01 05:02:46.485827208
60279.210271826705,2.0,1.4142135623730951,0.0049504950495049506,2023-12-01 05:02:47.485827208
60279.21028340078,2.0,0.0,0.0049504950495049506,2023-12-01 05:02:48.485827446
60279.21029497485,2.0,0.0,0.0049504950495049506,2023-12-01 05:02:49.485827208
60279.21030654893,2.0,0.0,0.0049504950495049506,2023-12-01 05:02:50.485827446
60279.210318123005,2.0,0.0,0.0049504950495049506,2023-12-01 05:02:51.485827684
60279.210329697074,2.0,0.0,0.0049504950495049506,2023-12-01 05:02:52.485827208
60279.21034127115,2.0,1.4142135623730951,0.0049504950495049506,2023-12-01 05:02:53.485827446
60279.21035284523,2.3333333333333335,0.0,0.006600660066006602,2023-12-01 05:02:54.485827684
60279.2103644193,2.6666666666666665,0.0,0.00825082508250825,2023-12-01 05:02:55.485827208
60279.21037599337,3.0,1.7320508075688772,0.0099009900990099,2023-12-01 05:02:56.485826969
60279.21038756745,3.6666666666666665,0.0,0.013201320132013201,2023-12-01 05:02:57.485827684
60279.21039914152,4.333333333333333,0.0,0.0165016501650165,2023-12-01 05:02:58.485827446
60279.21041071559,5.0,0.0,0.019801980198019802,2023-12-01 05:02:59.485826969
60279.210422289674,5.666666666666666,0.0,0.023102310231023097,2023-12-01 05:03:00.485827923
60279.210433863744,6.333333333333333,0.0,0.0264026402640264,2023-12-01 05:03:01.485827446
60279.21044543781,7.0,2.6457513110645907,0.029702970297029705,2023-12-01 05:03:02.485826969
60279.21045701189,6.2,0.0,0.025742574257425745,2023-12-01 05:03:03.485827208
60279.21046858597,5.4,0.0,0.021782178217821784,2023-12-01 05:03:04.485827446
60279.210480160036,4.6,0.0,0.01782178217821782,2023-12-01 05:03:05.485827208
60279.21049173411,3.8,0.0,0.01386138613861386,2023-12-01 05:03:06.485827446
60279.21050330819,3.0,1.7320508075688772,0.0099009900990099,2023-12-01 05:03:07.485827684
60279.21051488226,3.875,0.0,0.014232673267326731,2023-12-01 05:03:08.485827208
60279.210526456336,4.75,0.0,0.018564356435643563,2023-12-01 05:03:09.485827446
60279.21053803041,5.625,0.0,0.022896039603960396,2023-12-01 05:03:10.485827684
60279.21054960448,6.5,0.0,0.027227722772277228,2023-12-01 05:03:11.485827208
60279.21056117855,7.375,0.0,0.03155940594059406,2023-12-01 05:03:12.485826969
60279.210572752636,8.25,0.0,0.035891089108910895,2023-12-01 05:03:13.485827684
60279.210584326705,9.125,0.0,0.040222772277227724,2023-12-01 05:03:14.485827446
60279.210595900775,10.0,3.1622776601683795,0.04455445544554456,2023-12-01 05:03:15.485826969
60279.21060747486,8.833333333333334,0.0,0.03877887788778878,2023-12-01 05:03:16.485827923
60279.21061904893,7.666666666666666,0.0,0.033003300330033,2023-12-01 05:03:17.485827446
60279.210630623,6.5,0.0,0.027227722772277228,2023-12-01 05:03:18.485826969
60279.210642197075,5.333333333333333,0.0,0.02145214521452145,2023-12-01 05:03:19.485827208
60279.21065377115,4.166666666666666,0.0,0.015676567656765672,2023-12-01 05:03:20.485827446
60279.21066534522,3.0,1.7320508075688772,0.0099009900990099,2023-12-01 05:03:21.485827208
60279.2106769193,3.0,0.0,0.0099009900990099,2023-12-01 05:03:22.485827446
60279.210688493375,3.0,1.7320508075688772,0.0099009900990099,2023-12-01 05:03:23.485827684
60279.210700067444,3.142857142857143,0.0,0.010608203677510607,2023-12-01 05:03:24.485827208
60279.21071164152,3.2857142857142856,0.0,0.011315417256011314,2023-12-01 05:03:25.485827446
60279.2107232156,3.4285714285714284,0.0,0.012022630834512021,2023-12-01 05:03:26.485827684
60279.21073478967,3.571428571428571,0.0,0.012729844413012729,2023-12-01 05:03:27.485827208
60279.21074636374,3.7142857142857144,0.0,0.013437057991513436,2023-12-01 05:03:28.485826969
60279.21075793782,3.857142857142857,0.0,0.014144271570014143,2023-12-01 05:03:29.485827684
60279.21076951189,4.0,2.0,0.01485148514851485,2023-12-01 05:03:30.485827208
60279.21078108596,3.6,0.0,0.012871287128712872,2023-12-01 05:03:31.485826969
60279.210792660044,3.2,0.0,0.01089108910891089,2023-12-01 05:03:32.485827684
60279.21080423411,2.8,0.0,0.008910891089108908,2023-12-01 05:03:33.485827446
60279.21081580818,2.4,0.0,0.006930693069306931,2023-12-01 05:03:34.485826969
60279.21082738227,2.0,1.4142135623730951,0.0049504950495049506,2023-12-01 05:03:35.485827923
60279.21083895634,2.0,0.0,0.0049504950495049506,2023-12-01 05:03:36.485827446
60279.210850530406,2.0,1.4142135623730951,0.0049504950495049506,2023-12-01 05:03:37.485826969
60279.21086210448,2.4,0.0,0.006930693069306931,2023-12-01 05:03:38.485827208
60279.21087367856,2.8,0.0,0.008910891089108908,2023-12-01 05:03:39.485827446
60279.21088525263,3.2,0.0,0.01089108910891089,2023-12-01 05:03:40.485827208
60279.210896826706,3.6,0.0,0.012871287128712872,2023-12-01 05:03:41.485827446
60279.21090840078,4.0,2.0,0.01485148514851485,2023-12-01 05:03:42.485827684
60279.21091997485,3.0,0.0,0.0099009900990099,2023-12-01 05:03:43.485827208
60279.21093154893,2.0,1.4142135623730951,0.0049504950495049506,2023-12-01 05:03:44.485827446
60279.210943123006,2.0,0.0,0.0049504950495049506,2023-12-01 05:03:45.485827684
60279.210954697075,2.0,0.0,0.0049504950495049506,2023-12-01 05:03:46.485827208
60279.210966271145,2.0,0.0,0.0049504950495049506,2023-12-01 05:03:47.485826969
60279.21097784523,2.0,1.4142135623730951,0.0049504950495049506,2023-12-01 05:03:48.485827684
60279.2109894193,2.0,1.4142135623730951,0.0049504950495049506,2023-12-01 05:03:49.485827446
60279.21100099337,2.1538461538461537,0.0,0.005712109672505712,2023-12-01 05:03:50.485826969
60279.21101256745,2.3076923076923075,0.0,0.006473724295506473,2023-12-01 05:03:51.485827923
60279.21102414152,2.4615384615384617,0.0,0.0072353389185072356,2023-12-01 05:03:52.485827446
60279.21103571559,2.6153846153846154,0.0,0.007996953541507996,2023-12-01 05:03:53.485826969
60279.21104728967,2.769230769230769,0.0,0.008758568164508759,2023-12-01 05:03:54.485827208
60279.211058863744,2.9230769230769234,0.0,0.009520182787509521,2023-12-01 05:03:55.485827446
60279.211070437814,3.076923076923077,0.0,0.010281797410510284,2023-12-01 05:03:56.485827208
60279.21108201189,3.230769230769231,0.0,0.011043412033511044,2023-12-01 05:03:57.485827446
60279.21109358597,3.3846153846153846,0.0,0.011805026656511803,2023-12-01 05:03:58.485827684
60279.21110516004,3.5384615384615383,0.0,0.012566641279512566,2023-12-01 05:03:59.485827208
60279.21111673411,3.6923076923076925,0.0,0.013328255902513329,2023-12-01 05:04:00.485827446
60279.21112830819,3.8461538461538463,0.0,0.014089870525514088,2023-12-01 05:04:01.485827684
60279.21113988226,4.0,2.0,0.01485148514851485,2023-12-01 05:04:02.485827208
60279.21115145633,3.857142857142857,0.0,0.014144271570014143,2023-12-01 05:04:03.485826969
60279.21116303041,3.7142857142857144,0.0,0.013437057991513436,2023-12-01 05:04:04.485827684
60279.21117460448,3.5714285714285716,0.0,0.012729844413012729,2023-12-01 05:04:05.485827446
60279.21118617855,3.428571428571429,0.0,0.012022630834512025,2023-12-01 05:04:06.485826969
60279.21119775264,3.2857142857142856,0.0,0.011315417256011314,2023-12-01 05:04:07.485827684
60279.211209326706,3.142857142857143,0.0,0.010608203677510607,2023-12-01 05:04:08.485827446
60279.211220900776,3.0,1.7320508075688772,0.0099009900990099,2023-12-01 05:04:09.485826969
60279.21123247485,2.6,0.0,0.007920792079207921,2023-12-01 05:04:10.485827208
60279.21124404893,2.2,0.0,0.0059405940594059415,2023-12-01 05:04:11.485827446
60279.211255623,1.7999999999999998,0.0,0.00396039603960396,2023-12-01 05:04:12.485826969
60279.211267197075,1.4,0.0,0.0019801980198019794,2023-12-01 05:04:13.485827208
60279.21127877115,1.0,1.0,0.0,2023-12-01 05:04:14.485827446
60279.21129034522,1.5,0.0,0.002475247524752475,2023-12-01 05:04:15.485827208
60279.2113019193,2.0,1.4142135623730951,0.0049504950495049506,2023-12-01 05:04:16.485827446
60279.211313493375,2.4285714285714284,0.0,0.007072135785007071,2023-12-01 05:04:17.485827684
60279.211325067445,2.857142857142857,0.0,0.009193776520509195,2023-12-01 05:04:18.485827208
60279.21133664152,3.2857142857142856,0.0,0.011315417256011314,2023-12-01 05:04:19.485827446
60279.2113482156,3.7142857142857144,0.0,0.013437057991513436,2023-12-01 05:04:20.485827684
60279.21135978967,4.142857142857142,0.0,0.015558698727015555,2023-12-01 05:04:21.485827208
60279.21137136374,4.571428571428571,0.0,0.017680339462517677,2023-12-01 05:04:22.485826969
60279.21138293782,5.0,2.23606797749979,0.019801980198019802,2023-12-01 05:04:23.485827684
60279.21139451189,4.428571428571429,0.0,0.016973125884016973,2023-12-01 05:04:24.485827446
60279.21140608596,3.857142857142857,0.0,0.014144271570014143,2023-12-01 05:04:25.485826969
60279.211417660044,3.2857142857142856,0.0,0.011315417256011314,2023-12-01 05:04:26.485827923
60279.211429234114,2.7142857142857144,0.0,0.008486562942008488,2023-12-01 05:04:27.485827446
60279.21144080818,2.1428571428571432,0.0,0.00565770862800566,2023-12-01 05:04:28.485826969
60279.21145238226,1.5714285714285716,0.0,0.0028288543140028303,2023-12-01 05:04:29.485827208
60279.21146395634,1.0,1.0,0.0,2023-12-01 05:04:30.485827446
60279.21147553041,5.0,2.23606797749979,0.019801980198019802,2023-12-01 05:04:31.485827208
60279.21148710448,4.5,0.0,0.017326732673267325,2023-12-01 05:04:32.485827446
60279.21149867856,4.0,0.0,0.01485148514851485,2023-12-01 05:04:33.485827684
60279.21151025263,3.5,0.0,0.012376237623762377,2023-12-01 05:04:34.485827208
60279.211521826706,3.0,1.7320508075688772,0.0099009900990099,2023-12-01 05:04:35.485827446
60279.21153340078,2.3333333333333335,0.0,0.006600660066006602,2023-12-01 05:04:36.485827684
60279.21154497485,1.6666666666666667,0.0,0.0033003300330033012,2023-12-01 05:04:37.485827208
60279.21155654892,1.0,1.0,0.0,2023-12-01 05:04:38.485826969
60279.211568123006,1.6666666666666665,0.0,0.0033003300330032995,2023-12-01 05:04:39.485827684
60279.211579697076,2.333333333333333,0.0,0.0066006600660066,2023-12-01 05:04:40.485827446
60279.211591271145,3.0,0.0,0.0099009900990099,2023-12-01 05:04:41.485826969
60279.21160284523,3.6666666666666665,0.0,0.013201320132013201,2023-12-01 05:04:42.485827923
60279.2116144193,4.333333333333333,0.0,0.0165016501650165,2023-12-01 05:04:43.485827446
60279.21162599337,5.0,2.23606797749979,0.019801980198019802,2023-12-01 05:04:44.485826969
60279.211637567445,3.0,0.0,0.0099009900990099,2023-12-01 05:04:45.485827208
60279.21164914152,1.0,1.0,0.0,2023-12-01 05:04:46.485827446
60279.21166071559,1.2,0.0,0.0009900990099009901,2023-12-01 05:04:47.485826969
60279.21167228967,1.4,0.0,0.0019801980198019794,2023-12-01 05:04:48.485827208
60279.211683863745,1.6,0.0,0.0029702970297029703,2023-12-01 05:04:49.485827446
60279.211695437814,1.8,0.0,0.003960396039603961,2023-12-01 05:04:50.485827208
60279.21170701189,2.0,1.4142135623730951,0.0049504950495049506,2023-12-01 05:04:51.485827446
60279.21171858597,1.8333333333333333,0.0,0.004125412541254126,2023-12-01 05:04:52.485827684
60279.21173016004,1.6666666666666667,0.0,0.0033003300330033012,2023-12-01 05:04:53.485827208
60279.211741734114,1.5,0.0,0.002475247524752475,2023-12-01 05:04:54.485827446
60279.21175330819,1.3333333333333335,0.0,0.001650165016501651,2023-12-01 05:04:55.485827684
60279.21176488226,1.1666666666666667,0.0,0.0008250825082508255,2023-12-01 05:04:56.485827208
60279.21177645633,1.0,1.0,0.0,2023-12-01 05:04:57.485826969
60279.211788030414,1.5,0.0,0.002475247524752475,2023-12-01 05:04:58.485827684
60279.21179960448,2.0,1.4142135623730951,0.0049504950495049506,2023-12-01 05:04:59.485827446
60279.21181117855,2.2,0.0,0.0059405940594059415,2023-12-01 05:05:00.485826969
60279.21182275264,2.4,0.0,0.006930693069306931,2023-12-01 05:05:01.485827923
60279.21183432671,2.6,0.0,0.007920792079207921,2023-12-01 05:05:02.485827446
60279.211845900776,2.8,0.0,0.008910891089108908,2023-12-01 05:05:03.485826969
60279.21185747485,3.0,1.7320508075688772,0.0099009900990099,2023-12-01 05:05:04.485827208
60279.21186904893,2.7142857142857144,0.0,0.008486562942008488,2023-12-01 05:05:05.485827446
60279.211880623,2.428571428571429,0.0,0.007072135785007074,2023-12-01 05:05:06.485827208
60279.211892197076,2.142857142857143,0.0,0.005657708628005658,2023-12-01 05:05:07.485827446
60279.21190377115,1.8571428571428572,0.0,0.004243281471004243,2023-12-01 05:05:08.485827684
60279.21191534522,1.5714285714285716,0.0,0.0028288543140028303,2023-12-01 05:05:09.485827208
60279.2119269193,1.2857142857142858,0.0,0.0014144271570014147,2023-12-01 05:05:10.485827446
60279.211938493376,1.0,1.0,0.0,2023-12-01 05:05:11.485827684
60279.211950067445,1.0,0.0,0.0,2023-12-01 05:05:12.485827208
60279.211961641515,1.0,0.0,0.0,2023-12-01 05:05:13.485826969
60279.2119732156,1.0,0.0,0.0,2023-12-01 05:05:14.485827684
60279.21198478967,1.0,0.0,0.0,2023-12-01 05:05:15.485827446
60279.21199636374,1.0,0.0,0.0,2023-12-01 05:05:16.485826969
60279.21200793782,1.0,0.0,0.0,2023-12-01 05:05:17.485827923
60279.21201951189,1.0,0.0,0.0,2023-12-01 05:05:18.485827446
60279.21203108596,1.0,1.0,0.0,2023-12-01 05:05:19.485826969
60279.21204266004,1.4,0.0,0.0019801980198019794,2023-12-01 05:05:20.485827208
60279.212054234114,1.8,0.0,0.003960396039603961,2023-12-01 05:05:21.485827446
60279.212065808184,2.2,0.0,0.0059405940594059415,2023-12-01 05:05:22.485827208
60279.21207738226,2.6,0.0,0.007920792079207921,2023-12-01 05:05:23.485827446
60279.21208895634,3.0,1.7320508075688772,0.0099009900990099,2023-12-01 05:05:24.485827446
60279.21210053041,3.0,0.0,0.0099009900990099,2023-12-01 05:05:25.485827208
60279.212112104484,3.0,0.0,0.0099009900990099,2023-12-01 05:05:26.485827446
60279.21212367856,3.0,0.0,0.0099009900990099,2023-12-01 05:05:27.485827684
60279.21213525263,3.0,0.0,0.0099009900990099,2023-12-01 05:05:28.485827208
60279.2121468267,3.0,0.0,0.0099009900990099,2023-12-01 05:05:29.485826731
60279.212158400784,3.0,0.0,0.0099009900990099,2023-12-01 05:05:30.485827684
60279.21216997485,3.0,0.0,0.0099009900990099,2023-12-01 05:05:31.485827208
60279.21218154892,3.0,0.0,0.0099009900990099,2023-12-01 05:05:32.485826969
60279.21219312301,3.0,0.0,0.0099009900990099,2023-12-01 05:05:33.485827684
60279.212204697076,3.0,0.0,0.0099009900990099,2023-12-01 05:05:34.485827446
60279.212216271146,3.0,0.0,0.0099009900990099,2023-12-01 05:05:35.485826969
60279.21222784523,3.0,0.0,0.0099009900990099,2023-12-01 05:05:36.485827923
60279.2122394193,3.0,1.7320508075688772,0.0099009900990099,2023-12-01 05:05:37.485827446
60279.21225099337,2.8,0.0,0.008910891089108908,2023-12-01 05:05:38.485826969
60279.212262567446,2.6,0.0,0.007920792079207921,2023-12-01 05:05:39.485827208
60279.21227414152,2.4,0.0,0.006930693069306931,2023-12-01 05:05:40.485827446
60279.21228571559,2.2,0.0,0.0059405940594059415,2023-12-01 05:05:41.485827208
60279.21229728967,2.0,1.4142135623730951,0.0049504950495049506,2023-12-01 05:05:42.485827446
60279.212308863745,1.5,0.0,0.002475247524752475,2023-12-01 05:05:43.485827684
60279.212320437815,1.0,1.0,0.0,2023-12-01 05:05:44.485827208
60279.21233201189,1.6666666666666665,0.0,0.0033003300330032995,2023-12-01 05:05:45.485827446
60279.21234358597,2.333333333333333,0.0,0.0066006600660066,2023-12-01 05:05:46.485827684
60279.21235516004,3.0,0.0,0.0099009900990099,2023-12-01 05:05:47.485827208
60279.21236673411,3.6666666666666665,0.0,0.013201320132013201,2023-12-01 05:05:48.485826969
60279.21237830819,4.333333333333333,0.0,0.0165016501650165,2023-12-01 05:05:49.485827684
60279.21238988226,5.0,2.23606797749979,0.019801980198019802,2023-12-01 05:05:50.485827446
60279.21240145633,4.571428571428571,0.0,0.017680339462517677,2023-12-01 05:05:51.485826969
60279.212413030415,4.142857142857143,0.0,0.015558698727015562,2023-12-01 05:05:52.485827923
60279.212424604484,3.7142857142857144,0.0,0.013437057991513436,2023-12-01 05:05:53.485827446
60279.21243617855,3.2857142857142856,0.0,0.011315417256011314,2023-12-01 05:05:54.485826969
60279.21244775263,2.857142857142857,0.0,0.009193776520509195,2023-12-01 05:05:55.485827208
60279.21245932671,2.428571428571429,0.0,0.007072135785007074,2023-12-01 05:05:56.485827446
60279.21247090078,2.0,1.4142135623730951,0.0049504950495049506,2023-12-01 05:05:57.485827208
60279.21248247485,3.0,1.7320508075688772,0.0099009900990099,2023-12-01 05:05:58.485827446
60279.21249404893,2.75,0.0,0.008663366336633664,2023-12-01 05:05:59.485827684
60279.212505623,2.5,0.0,0.007425742574257426,2023-12-01 05:06:00.485827208
60279.21251719708,2.25,0.0,0.0061881188118811875,2023-12-01 05:06:01.485827446
60279.21252877115,2.0,0.0,0.0049504950495049506,2023-12-01 05:06:02.485827684
60279.21254034522,1.75,0.0,0.0037128712871287136,2023-12-01 05:06:03.485827208
60279.21255191929,1.5,0.0,0.002475247524752475,2023-12-01 05:06:04.485826969
60279.21256349338,1.25,0.0,0.0012376237623762379,2023-12-01 05:06:05.485827684
60279.212575067446,1.0,1.0,0.0,2023-12-01 05:06:06.485827208
60279.212586641515,1.0,0.0,0.0,2023-12-01 05:06:07.485826969
60279.2125982156,1.0,0.0,0.0,2023-12-01 05:06:08.485827684
60279.21260978967,1.0,0.0,0.0,2023-12-01 05:06:09.485827446
60279.21262136374,1.0,0.0,0.0,2023-12-01 05:06:10.485826969
60279.21263293782,1.0,0.0,0.0,2023-12-01 05:06:11.485827923
60279.21264451189,1.0,1.0,0.0,2023-12-01 05:06:12.485827446
60279.21265608596,1.25,0.0,0.0012376237623762379,2023-12-01 05:06:13.485826969
60279.21266766004,1.5,0.0,0.002475247524752475,2023-12-01 05:06:14.485827208
60279.212679234115,1.75,0.0,0.0037128712871287136,2023-12-01 05:06:15.485827446
60279.212690808185,2.0,0.0,0.0049504950495049506,2023-12-01 05:06:16.485827208
60279.21270238226,2.25,0.0,0.0061881188118811875,2023-12-01 05:06:17.485827446
60279.21271395634,2.5,0.0,0.007425742574257426,2023-12-01 05:06:18.485827684
60279.21272553041,2.75,0.0,0.008663366336633664,2023-12-01 05:06:19.485827208
60279.212737104484,3.0,1.7320508075688772,0.0099009900990099,2023-12-01 05:06:20.485827446
60279.21274867856,2.5,0.0,0.007425742574257426,2023-12-01 05:06:21.485827684
60279.21276025263,2.0,0.0,0.0049504950495049506,2023-12-01 05:06:22.485827208
60279.2127718267,1.5,0.0,0.002475247524752475,2023-12-01 05:06:23.485826969
60279.212783400784,1.0,1.0,0.0,2023-12-01 05:06:24.485827684
60279.212794974854,1.1428571428571428,0.0,0.0007072135785007065,2023-12-01 05:06:25.485827446
60279.21280654892,1.2857142857142856,0.0,0.0014144271570014138,2023-12-01 05:06:26.485826969
60279.21281812301,1.4285714285714286,0.0,0.002121640735502122,2023-12-01 05:06:27.485827923
60279.21282969708,1.5714285714285714,0.0,0.0028288543140028285,2023-12-01 05:06:28.485827446
60279.212841271146,1.7142857142857142,0.0,0.003536067892503536,2023-12-01 05:06:29.485826969
60279.21285284522,1.8571428571428572,0.0,0.004243281471004243,2023-12-01 05:06:30.485827208
60279.2128644193,2.0,1.4142135623730951,0.0049504950495049506,2023-12-01 05:06:31.485827446
60279.21287599337,2.0,0.0,0.0049504950495049506,2023-12-01 05:06:32.485827208
60279.212887567446,2.0,1.4142135623730951,0.0049504950495049506,2023-12-01 05:06:33.485827446
60279.21289914152,2.0,0.0,0.0049504950495049506,2023-12-01 05:06:34.485827684
60279.21291071559,2.0,0.0,0.0049504950495049506,2023-12-01 05:06:35.485827208
60279.21292228967,2.0,0.0,0.0049504950495049506,2023-12-01 05:06:36.485827446
60279.212933863746,2.0,0.0,0.0049504950495049506,2023-12-01 05:06:37.485827684
60279.212945437816,2.0,0.0,0.0049504950495049506,2023-12-01 05:06:38.485827208
60279.212957011885,2.0,1.4142135623730951,0.0049504950495049506,2023-12-01 05:06:39.485826969
60279.21296858597,1.8333333333333333,0.0,0.004125412541254126,2023-12-01 05:06:40.485827684
60279.21298016004,1.6666666666666667,0.0,0.0033003300330033012,2023-12-01 05:06:41.485827446
60279.21299173411,1.5,0.0,0.002475247524752475,2023-12-01 05:06:42.485826969
60279.21300330819,1.3333333333333335,0.0,0.001650165016501651,2023-12-01 05:06:43.485827684
60279.21301488226,1.1666666666666667,0.0,0.0008250825082508255,2023-12-01 05:06:44.485827446
60279.21302645633,1.0,1.0,0.0,2023-12-01 05:06:45.485826969
60279.21303803041,1.2222222222222223,0.0,0.0011001100110011007,2023-12-01 05:06:46.485827208
60279.213049604485,1.4444444444444444,0.0,0.0022002200220022005,2023-12-01 05:06:47.485827446
60279.213061178554,1.6666666666666665,0.0,0.0033003300330032995,2023-12-01 05:06:48.485826969
60279.21307275263,1.8888888888888888,0.0,0.0044004400440044,2023-12-01 05:06:49.485827208
60279.21308432671,2.111111111111111,0.0,0.005500550055005501,2023-12-01 05:06:50.485827446
60279.21309590078,2.333333333333333,0.0,0.0066006600660066,2023-12-01 05:06:51.485827208
60279.213107474854,2.5555555555555554,0.0,0.007700770077007701,2023-12-01 05:06:52.485827446
60279.21311904893,2.7777777777777777,0.0,0.008800880088008802,2023-12-01 05:06:53.485827684
60279.213130623,3.0,1.7320508075688772,0.0099009900990099,2023-12-01 05:06:54.485827208
60279.21314219708,2.7142857142857144,0.0,0.008486562942008488,2023-12-01 05:06:55.485827446
60279.213153771154,2.428571428571429,0.0,0.007072135785007074,2023-12-01 05:06:56.485827684
60279.21316534522,2.142857142857143,0.0,0.005657708628005658,2023-12-01 05:06:57.485827208
60279.21317691929,1.8571428571428572,0.0,0.004243281471004243,2023-12-01 05:06:58.485826969
60279.21318849338,1.5714285714285716,0.0,0.0028288543140028303,2023-12-01 05:06:59.485827684
60279.21320006745,1.2857142857142858,0.0,0.0014144271570014147,2023-12-01 05:07:00.485827446
60279.213211641516,1.0,1.0,0.0,2023-12-01 05:07:01.485826969
60279.2132232156,1.0,0.0,0.0,2023-12-01 05:07:02.485827923
60279.21323478967,1.0,0.0,0.0,2023-12-01 05:07:03.485827446
60279.21324636374,1.0,0.0,0.0,2023-12-01 05:07:04.485826969
60279.213257937816,1.0,0.0,0.0,2023-12-01 05:07:05.485827208
60279.21326951189,1.0,1.0,0.0,2023-12-01 05:07:06.485827446
60279.21328108596,1.0,0.0,0.0,2023-12-01 05:07:07.485827208
60279.21329266004,1.0,1.0,0.0,2023-12-01 05:07:08.485827446
60279.213304234116,1.5,0.0,0.002475247524752475,2023-12-01 05:07:09.485827684
60279.213315808185,2.0,0.0,0.0049504950495049506,2023-12-01 05:07:10.485827208
60279.21332738226,2.5,0.0,0.007425742574257426,2023-12-01 05:07:11.485827446
60279.21333895634,3.0,0.0,0.0099009900990099,2023-12-01 05:07:12.485827684
60279.21335053041,3.5,0.0,0.012376237623762377,2023-12-01 05:07:13.485827208
60279.21336210448,4.0,2.0,0.01485148514851485,2023-12-01 05:07:14.485826969
60279.21337367856,3.4,0.0,0.011881188118811881,2023-12-01 05:07:15.485827684
60279.21338525263,2.8,0.0,0.008910891089108908,2023-12-01 05:07:16.485827446
60279.2133968267,2.2,0.0,0.0059405940594059415,2023-12-01 05:07:17.485826969
60279.213408400785,1.6,0.0,0.0029702970297029703,2023-12-01 05:07:18.485827923
60279.213419974854,1.0,1.0,0.0,2023-12-01 05:07:19.485827446
60279.213431548924,1.2,0.0,0.0009900990099009901,2023-12-01 05:07:20.485826969
60279.213443123,1.4,0.0,0.0019801980198019794,2023-12-01 05:07:21.485827208
60279.21345469708,1.6,0.0,0.0029702970297029703,2023-12-01 05:07:22.485827446
60279.21346627115,1.8,0.0,0.003960396039603961,2023-12-01 05:07:23.485827208
60279.213477845224,2.0,1.4142135623730951,0.0049504950495049506,2023-12-01 05:07:24.485827208
60279.2134894193,2.1666666666666665,0.0,0.005775577557755775,2023-12-01 05:07:25.485827446
60279.21350099337,2.3333333333333335,0.0,0.006600660066006602,2023-12-01 05:07:26.485827208
60279.21351256745,2.5,0.0,0.007425742574257426,2023-12-01 05:07:27.485827446
60279.21352414152,2.6666666666666665,0.0,0.00825082508250825,2023-12-01 05:07:28.485827684
60279.21353571559,2.833333333333333,0.0,0.009075907590759075,2023-12-01 05:07:29.485827208
60279.21354728966,3.0,1.7320508075688772,0.0099009900990099,2023-12-01 05:07:30.485826731
60279.21355886375,3.142857142857143,0.0,0.010608203677510607,2023-12-01 05:07:31.485827684
60279.213570437816,3.2857142857142856,0.0,0.011315417256011314,2023-12-01 05:07:32.485827208
60279.213582011886,3.4285714285714284,0.0,0.012022630834512021,2023-12-01 05:07:33.485826969
60279.21359358597,3.571428571428571,0.0,0.012729844413012729,2023-12-01 05:07:34.485827684
60279.21360516004,3.7142857142857144,0.0,0.013437057991513436,2023-12-01 05:07:35.485827446
60279.21361673411,3.857142857142857,0.0,0.014144271570014143,2023-12-01 05:07:36.485826969
60279.21362830819,4.0,2.0,0.01485148514851485,2023-12-01 05:07:37.485827923
60279.21363988226,3.4,0.0,0.011881188118811881,2023-12-01 05:07:38.485827446
60279.21365145633,2.8,0.0,0.008910891089108908,2023-12-01 05:07:39.485826969
60279.21366303041,2.2,0.0,0.0059405940594059415,2023-12-01 05:07:40.485827208
60279.213674604485,1.6,0.0,0.0029702970297029703,2023-12-01 05:07:41.485827446
60279.213686178555,1.0,1.0,0.0,2023-12-01 05:07:42.485827208
60279.21369775263,2.0,1.4142135623730951,0.0049504950495049506,2023-12-01 05:07:43.485827446
60279.21370932671,1.8333333333333333,0.0,0.004125412541254126,2023-12-01 05:07:44.485827684
60279.21372090078,1.6666666666666667,0.0,0.0033003300330033012,2023-12-01 05:07:45.485827208
60279.213732474855,1.5,0.0,0.002475247524752475,2023-12-01 05:07:46.485827446
60279.21374404893,1.3333333333333335,0.0,0.001650165016501651,2023-12-01 05:07:47.485827684
60279.213755623,1.1666666666666667,0.0,0.0008250825082508255,2023-12-01 05:07:48.485827208
60279.21376719707,1.0,1.0,0.0,2023-12-01 05:07:49.485826969
60279.213778771154,1.0,0.0,0.0,2023-12-01 05:07:50.485827684
60279.213790345224,1.0,0.0,0.0,2023-12-01 05:07:51.485827446
60279.21380191929,1.0,0.0,0.0,2023-12-01 05:07:52.485826969
60279.21381349338,1.0,0.0,0.0,2023-12-01 05:07:53.485827923
60279.21382506745,1.0,0.0,0.0,2023-12-01 05:07:54.485827446
60279.21383664152,1.0,0.0,0.0,2023-12-01 05:07:55.485826969
60279.21384821559,1.0,1.0,0.0,2023-12-01 05:07:56.485827208
60279.21385978967,1.0,0.0,0.0,2023-12-01 05:07:57.485827446
60279.21387136374,1.0,0.0,0.0,2023-12-01 05:07:58.485827208
60279.21388293782,1.0,0.0,0.0,2023-12-01 05:07:59.485827446
60279.21389451189,1.0,0.0,0.0,2023-12-01 05:08:00.485827684
60279.21390608596,1.0,0.0,0.0,2023-12-01 05:08:01.485827208
60279.21391766004,1.0,1.0,0.0,2023-12-01 05:08:02.485827446
60279.213929234116,1.0,0.0,0.0,2023-12-01 05:08:03.485827684
60279.213940808186,1.0,0.0,0.0,2023-12-01 05:08:04.485827208
60279.213952382255,1.0,0.0,0.0,2023-12-01 05:08:05.485826969
60279.21396395634,1.0,0.0,0.0,2023-12-01 05:08:06.485827684
60279.21397553041,1.0,0.0,0.0,2023-12-01 05:08:07.485827208
60279.21398710448,1.0,0.0,0.0,2023-12-01 05:08:08.485826969
60279.21399867856,1.0,0.0,0.0,2023-12-01 05:08:09.485827684
60279.21401025263,1.0,0.0,0.0,2023-12-01 05:08:10.485827446
60279.2140218267,1.0,1.0,0.0,2023-12-01 05:08:11.485826969
60279.214033400785,1.0,0.0,0.0,2023-12-01 05:08:12.485827923
60279.214044974855,1.0,0.0,0.0,2023-12-01 05:08:13.485827446
60279.214056548924,1.0,0.0,0.0,2023-12-01 05:08:14.485826969
60279.214068123,1.0,0.0,0.0,2023-12-01 05:08:15.485827208
60279.21407969708,1.0,1.0,0.0,2023-12-01 05:08:16.485827446
60279.21409127115,2.0,1.4142135623730951,0.0049504950495049506,2023-12-01 05:08:17.485827208
60279.214102845224,2.142857142857143,0.0,0.005657708628005658,2023-12-01 05:08:18.485827446
60279.2141144193,2.2857142857142856,0.0,0.0063649222065063635,2023-12-01 05:08:19.485827684
60279.21412599337,2.4285714285714284,0.0,0.007072135785007071,2023-12-01 05:08:20.485827208
60279.21413756745,2.571428571428571,0.0,0.007779349363507778,2023-12-01 05:08:21.485827446
60279.214149141524,2.7142857142857144,0.0,0.008486562942008488,2023-12-01 05:08:22.485827684
60279.21416071559,2.857142857142857,0.0,0.009193776520509195,2023-12-01 05:08:23.485827208
60279.21417228966,3.0,1.7320508075688772,0.0099009900990099,2023-12-01 05:08:24.485826969
60279.21418386375,2.7142857142857144,0.0,0.008486562942008488,2023-12-01 05:08:25.485827684
60279.21419543782,2.428571428571429,0.0,0.007072135785007074,2023-12-01 05:08:26.485827446
60279.214207011886,2.142857142857143,0.0,0.005657708628005658,2023-12-01 05:08:27.485826969
60279.21421858597,1.8571428571428572,0.0,0.004243281471004243,2023-12-01 05:08:28.485827923
60279.21423016004,1.5714285714285716,0.0,0.0028288543140028303,2023-12-01 05:08:29.485827446
60279.21424173411,1.2857142857142858,0.0,0.0014144271570014147,2023-12-01 05:08:30.485826969
60279.214253308186,1.0,1.0,0.0,2023-12-01 05:08:31.485827208
60279.21426488226,1.2727272727272727,0.0,0.00135013501350135,2023-12-01 05:08:32.485827446
60279.21427645633,1.5454545454545454,0.0,0.0027002700270027,2023-12-01 05:08:33.485827208
60279.21428803041,1.8181818181818181,0.0,0.004050405040504051,2023-12-01 05:08:34.485827446
60279.214299604486,2.090909090909091,0.0,0.0054005400540054005,2023-12-01 05:08:35.485827684
60279.214311178555,2.3636363636363633,0.0,0.006750675067506749,2023-12-01 05:08:36.485827208
60279.21432275263,2.6363636363636362,0.0,0.0081008100810081,2023-12-01 05:08:37.485827446
60279.21433432671,2.909090909090909,0.0,0.009450945094509451,2023-12-01 05:08:38.485827684
60279.21434590078,3.1818181818181817,0.0,0.0108010801080108,2023-12-01 05:08:39.485827208
60279.21435747485,3.454545454545454,0.0,0.012151215121512147,2023-12-01 05:08:40.485826969
60279.21436904893,3.727272727272727,0.0,0.0135013501350135,2023-12-01 05:08:41.485827684
60279.214380623,4.0,2.0,0.01485148514851485,2023-12-01 05:08:42.485827446
60279.21439219707,3.7272727272727275,0.0,0.013501350135013503,2023-12-01 05:08:43.485826969
60279.214403771155,3.4545454545454546,0.0,0.012151215121512151,2023-12-01 05:08:44.485827684
60279.214415345225,3.1818181818181817,0.0,0.0108010801080108,2023-12-01 05:08:45.485827446
60279.214426919294,2.909090909090909,0.0,0.009450945094509451,2023-12-01 05:08:46.485826969
60279.21443849337,2.6363636363636367,0.0,0.008100810081008103,2023-12-01 05:08:47.485827208
60279.21445006745,2.3636363636363638,0.0,0.006750675067506752,2023-12-01 05:08:48.485827446
60279.21446164152,2.090909090909091,0.0,0.0054005400540054005,2023-12-01 05:08:49.485826969
60279.214473215594,1.8181818181818183,0.0,0.004050405040504051,2023-12-01 05:08:50.485827208
60279.21448478967,1.5454545454545459,0.0,0.0027002700270027024,2023-12-01 05:08:51.485827446
60279.21449636374,1.272727272727273,0.0,0.0013501350135013508,2023-12-01 05:08:52.485827208
60279.21450793782,1.0,1.0,0.0,2023-12-01 05:08:53.485827446
60279.214519511894,1.0,1.0,0.0,2023-12-01 05:08:54.485827684
60279.21453108596,1.0,0.0,0.0,2023-12-01 05:08:55.485827208
60279.21454266004,1.0,0.0,0.0,2023-12-01 05:08:56.485827446
60279.21455423412,1.0,0.0,0.0,2023-12-01 05:08:57.485827684
60279.214565808186,1.0,0.0,0.0,2023-12-01 05:08:58.485827208
60279.214577382256,1.0,0.0,0.0,2023-12-01 05:08:59.485826969
60279.21458895634,1.0,1.0,0.0,2023-12-01 05:09:00.485827684
60279.21460053041,1.0,0.0,0.0,2023-12-01 05:09:01.485827446
60279.21461210448,1.0,1.0,0.0,2023-12-01 05:09:02.485826969
60279.21462367856,1.0,0.0,0.0,2023-12-01 05:09:03.485827923
60279.21463525263,1.0,0.0,0.0,2023-12-01 05:09:04.485827446
60279.2146468267,1.0,0.0,0.0,2023-12-01 05:09:05.485826969
60279.21465840078,1.0,0.0,0.0,2023-12-01 05:09:06.485827208
60279.214669974855,1.0,0.0,0.0,2023-12-01 05:09:07.485827446
60279.214681548925,1.0,0.0,0.0,2023-12-01 05:09:08.485827208
60279.214693123,1.0,0.0,0.0,2023-12-01 05:09:09.485827446
60279.21470469708,1.0,1.0,0.0,2023-12-01 05:09:10.485827684
60279.21471627115,1.1666666666666667,0.0,0.0008250825082508255,2023-12-01 05:09:11.485827208
60279.214727845225,1.3333333333333333,0.0,0.0016501650165016502,2023-12-01 05:09:12.485827446
60279.2147394193,1.5,0.0,0.002475247524752475,2023-12-01 05:09:13.485827684
60279.21475099337,1.6666666666666665,0.0,0.0033003300330032995,2023-12-01 05:09:14.485827208
60279.21476256744,1.8333333333333333,0.0,0.004125412541254126,2023-12-01 05:09:15.485826969
60279.214774141525,2.0,1.4142135623730951,0.0049504950495049506,2023-12-01 05:09:16.485827684
60279.214785715594,1.8571428571428572,0.0,0.004243281471004243,2023-12-01 05:09:17.485827446
60279.214797289664,1.7142857142857144,0.0,0.0035360678925035376,2023-12-01 05:09:18.485826969
60279.21480886375,1.5714285714285714,0.0,0.0028288543140028285,2023-12-01 05:09:19.485827923
60279.21482043782,1.4285714285714286,0.0,0.002121640735502122,2023-12-01 05:09:20.485827446
60279.21483201189,1.2857142857142858,0.0,0.0014144271570014147,2023-12-01 05:09:21.485826969
60279.21484358596,1.1428571428571428,0.0,0.0007072135785007065,2023-12-01 05:09:22.485827208
60279.21485516004,1.0,1.0,0.0,2023-12-01 05:09:23.485827446
60279.21486673411,1.0,0.0,0.0,2023-12-01 05:09:24.485826969
60279.21487830819,1.0,0.0,0.0,2023-12-01 05:09:25.485827208
60279.21488988226,1.0,0.0,0.0,2023-12-01 05:09:26.485827446
60279.21490145633,1.0,0.0,0.0,2023-12-01 05:09:27.485827208
60279.21491303041,1.0,0.0,0.0,2023-12-01 05:09:28.485827446
60279.21492460449,1.0,0.0,0.0,2023-12-01 05:09:29.485827684
60279.214936178556,1.0,1.0,0.0,2023-12-01 05:09:30.485827208
60279.21494775263,1.1111111111111112,0.0,0.0005500550055005504,2023-12-01 05:09:31.485827446
60279.21495932671,1.2222222222222223,0.0,0.0011001100110011007,2023-12-01 05:09:32.485827684
60279.21497090078,1.3333333333333333,0.0,0.0016501650165016502,2023-12-01 05:09:33.485827208
60279.21498247485,1.4444444444444444,0.0,0.0022002200220022005,2023-12-01 05:09:34.485826969
60279.21499404893,1.5555555555555556,0.0,0.00275027502750275,2023-12-01 05:09:35.485827684
60279.215005623,1.6666666666666665,0.0,0.0033003300330032995,2023-12-01 05:09:36.485827446
60279.21501719707,1.7777777777777777,0.0,0.00385038503850385,2023-12-01 05:09:37.485826969
60279.215028771156,1.8888888888888888,0.0,0.0044004400440044,2023-12-01 05:09:38.485827923
60279.215040345225,2.0,1.4142135623730951,0.0049504950495049506,2023-12-01 05:09:39.485827446
60279.215051919295,1.75,0.0,0.0037128712871287136,2023-12-01 05:09:40.485826969
60279.21506349337,1.5,0.0,0.002475247524752475,2023-12-01 05:09:41.485827208
60279.21507506745,1.25,0.0,0.0012376237623762379,2023-12-01 05:09:42.485827446
60279.21508664152,1.0,1.0,0.0,2023-12-01 05:09:43.485827208
60279.215098215594,1.0,0.0,0.0,2023-12-01 05:09:44.485827446
60279.21510978967,1.0,0.0,0.0,2023-12-01 05:09:45.485827684
60279.21512136374,1.0,0.0,0.0,2023-12-01 05:09:46.485827208
60279.21513293782,1.0,0.0,0.0,2023-12-01 05:09:47.485827446
60279.215144511894,1.0,0.0,0.0,2023-12-01 05:09:48.485827684
60279.215156085964,1.0,0.0,0.0,2023-12-01 05:09:49.485827208
60279.21516766003,1.0,0.0,0.0,2023-12-01 05:09:50.485826969
60279.21517923412,1.0,0.0,0.0,2023-12-01 05:09:51.485827684
60279.21519080819,1.0,0.0,0.0,2023-12-01 05:09:52.485827446
60279.21520238226,1.0,0.0,0.0,2023-12-01 05:09:53.485826969
60279.21521395634,1.0,0.0,0.0,2023-12-01 05:09:54.485827923
60279.21522553041,1.0,0.0,0.0,2023-12-01 05:09:55.485827446
60279.21523710448,1.0,0.0,0.0,2023-12-01 05:09:56.485826969
60279.215248678556,1.0,0.0,0.0,2023-12-01 05:09:57.485827208
60279.21526025263,1.0,0.0,0.0,2023-12-01 05:09:58.485827446
60279.2152718267,1.0,1.0,0.0,2023-12-01 05:09:59.485827208
60279.21528340078,1.0,0.0,0.0,2023-12-01 05:10:00.485827446
60279.215294974856,1.0,0.0,0.0,2023-12-01 05:10:01.485827446
60279.215306548926,1.0,0.0,0.0,2023-12-01 05:10:02.485827208
60279.215318123,1.0,0.0,0.0,2023-12-01 05:10:03.485827446
60279.21532969708,1.0,0.0,0.0,2023-12-01 05:10:04.485827684
60279.21534127115,1.0,0.0,0.0,2023-12-01 05:10:05.485827208
60279.21535284522,1.0,0.0,0.0,2023-12-01 05:10:06.485826731
60279.2153644193,1.0,0.0,0.0,2023-12-01 05:10:07.485827684
60279.21537599337,1.0,0.0,0.0,2023-12-01 05:10:08.485827208
60279.21538756744,1.0,1.0,0.0,2023-12-01 05:10:09.485826969
60279.215399141525,1.2,0.0,0.0009900990099009901,2023-12-01 05:10:10.485827684
60279.215410715595,1.4,0.0,0.0019801980198019794,2023-12-01 05:10:11.485827446
60279.215422289664,1.6,0.0,0.0029702970297029703,2023-12-01 05:10:12.485826969
60279.21543386375,1.8,0.0,0.003960396039603961,2023-12-01 05:10:13.485827923
60279.21544543782,2.0,1.4142135623730951,0.0049504950495049506,2023-12-01 05:10:14.485827446
60279.21545701189,1.8888888888888888,0.0,0.0044004400440044,2023-12-01 05:10:15.485826969
60279.215468585964,1.7777777777777777,0.0,0.00385038503850385,2023-12-01 05:10:16.485827208
60279.21548016004,1.6666666666666667,0.0,0.0033003300330033012,2023-12-01 05:10:17.485827446
60279.21549173411,1.5555555555555556,0.0,0.00275027502750275,2023-12-01 05:10:18.485827208
60279.21550330819,1.4444444444444444,0.0,0.0022002200220022005,2023-12-01 05:10:19.485827446
60279.215514882264,1.3333333333333335,0.0,0.001650165016501651,2023-12-01 05:10:20.485827684
60279.21552645633,1.2222222222222223,0.0,0.0011001100110011007,2023-12-01 05:10:21.485827208
60279.21553803041,1.1111111111111112,0.0,0.0005500550055005504,2023-12-01 05:10:22.485827446
60279.21554960449,1.0,1.0,0.0,2023-12-01 05:10:23.485827684
60279.21556117856,1.0,0.0,0.0,2023-12-01 05:10:24.485827208
60279.215572752626,1.0,0.0,0.0,2023-12-01 05:10:25.485826969
60279.21558432671,1.0,0.0,0.0,2023-12-01 05:10:26.485827684
60279.21559590078,1.0,0.0,0.0,2023-12-01 05:10:27.485827446
60279.21560747485,1.0,1.0,0.0,2023-12-01 05:10:28.485826969
60279.21561904893,1.0,0.0,0.0,2023-12-01 05:10:29.485827923
60279.215630623,1.0,0.0,0.0,2023-12-01 05:10:30.485827446
60279.21564219707,1.0,0.0,0.0,2023-12-01 05:10:31.485826969
60279.21565377115,1.0,0.0,0.0,2023-12-01 05:10:32.485827208
60279.215665345226,1.0,0.0,0.0,2023-12-01 05:10:33.485827446
60279.215676919295,1.0,0.0,0.0,2023-12-01 05:10:34.485827208
60279.21568849337,1.0,0.0,0.0,2023-12-01 05:10:35.485827446
60279.21570006745,1.0,1.0,0.0,2023-12-01 05:10:36.485827684
60279.21571164152,1.0,1.0,0.0,2023-12-01 05:10:37.485827208
60279.215723215595,1.0,0.0,0.0,2023-12-01 05:10:38.485827446
60279.21573478967,1.0,0.0,0.0,2023-12-01 05:10:39.485827684
60279.21574636374,1.0,0.0,0.0,2023-12-01 05:10:40.485827208
60279.21575793781,1.0,0.0,0.0,2023-12-01 05:10:41.485826969
60279.215769511895,1.0,1.0,0.0,2023-12-01 05:10:42.485827684
60279.215781085964,1.0,0.0,0.0,2023-12-01 05:10:43.485827208
60279.215792660034,1.0,0.0,0.0,2023-12-01 05:10:44.485826969
60279.21580423412,1.0,0.0,0.0,2023-12-01 05:10:45.485827684
60279.21581580819,1.0,0.0,0.0,2023-12-01 05:10:46.485827446
60279.21582738226,1.0,0.0,0.0,2023-12-01 05:10:47.485826969
60279.215838956334,1.0,1.0,0.0,2023-12-01 05:10:48.485827208
60279.21585053041,1.1,0.0,0.0004950495049504955,2023-12-01 05:10:49.485827446
60279.21586210448,1.2,0.0,0.0009900990099009901,2023-12-01 05:10:50.485826969
60279.21587367856,1.3,0.0,0.0014851485148514856,2023-12-01 05:10:51.485827208
60279.21588525263,1.4,0.0,0.0019801980198019794,2023-12-01 05:10:52.485827446
60279.2158968267,1.5,0.0,0.002475247524752475,2023-12-01 05:10:53.485827208
60279.21590840078,1.6,0.0,0.0029702970297029703,2023-12-01 05:10:54.485827446
60279.21591997486,1.7000000000000002,0.0,0.003465346534653466,2023-12-01 05:10:55.485827684
60279.215931548926,1.8,0.0,0.003960396039603961,2023-12-01 05:10:56.485827208
60279.215943123,1.9,0.0,0.004455445544554455,2023-12-01 05:10:57.485827446
60279.21595469708,2.0,1.4142135623730951,0.0049504950495049506,2023-12-01 05:10:58.485827684
60279.21596627115,1.9285714285714286,0.0,0.004596888260254597,2023-12-01 05:10:59.485827208
60279.21597784522,1.8571428571428572,0.0,0.004243281471004243,2023-12-01 05:11:00.485826969
60279.2159894193,1.7857142857142858,0.0,0.0038896746817538895,2023-12-01 05:11:01.485827684
60279.21600099337,1.7142857142857144,0.0,0.0035360678925035376,2023-12-01 05:11:02.485827446
60279.21601256744,1.6428571428571428,0.0,0.003182461103253182,2023-12-01 05:11:03.485826969
60279.216024141526,1.5714285714285714,0.0,0.0028288543140028285,2023-12-01 05:11:04.485827923
60279.216035715595,1.5,0.0,0.002475247524752475,2023-12-01 05:11:05.485827446
60279.216047289665,1.4285714285714286,0.0,0.002121640735502122,2023-12-01 05:11:06.485826969
60279.21605886374,1.3571428571428572,0.0,0.0017680339462517684,2023-12-01 05:11:07.485827208
60279.21607043782,1.2857142857142858,0.0,0.0014144271570014147,2023-12-01 05:11:08.485827446
60279.21608201189,1.2142857142857144,0.0,0.0010608203677510619,2023-12-01 05:11:09.485827208
60279.216093585965,1.1428571428571428,0.0,0.0007072135785007065,2023-12-01 05:11:10.485827446
60279.21610516004,1.0714285714285716,0.0,0.00035360678925035454,2023-12-01 05:11:11.485827684
60279.21611673411,1.0,1.0,0.0,2023-12-01 05:11:12.485827208
60279.21612830819,1.0,0.0,0.0,2023-12-01 05:11:13.485827446
60279.216139882265,1.0,0.0,0.0,2023-12-01 05:11:14.485827684
60279.216151456334,1.0,0.0,0.0,2023-12-01 05:11:15.485827208
60279.2161630304,1.0,0.0,0.0,2023-12-01 05:11:16.485826969
60279.21617460449,1.0,0.0,0.0,2023-12-01 05:11:17.485827684
60279.21618617856,1.0,1.0,0.0,2023-12-01 05:11:18.485827446
60279.21619775263,1.0,0.0,0.0,2023-12-01 05:11:19.485826969
60279.21620932671,1.0,0.0,0.0,2023-12-01 05:11:20.485827684
60279.21622090078,1.0,0.0,0.0,2023-12-01 05:11:21.485827446
60279.21623247485,1.0,0.0,0.0,2023-12-01 05:11:22.485826969
60279.21624404893,1.0,0.0,0.0,2023-12-01 05:11:23.485827208
60279.216255623,1.0,0.0,0.0,2023-12-01 05:11:24.485827446
60279.21626719707,1.0,0.0,0.0,2023-12-01 05:11:25.485826969
60279.21627877115,1.0,0.0,0.0,2023-12-01 05:11:26.485827208
60279.216290345226,1.0,1.0,0.0,2023-12-01 05:11:27.485827446
60279.216301919296,1.0,0.0,0.0,2023-12-01 05:11:28.485827208
60279.21631349337,1.0,0.0,0.0,2023-12-01 05:11:29.485827446
60279.21632506745,1.0,0.0,0.0,2023-12-01 05:11:30.485827684
60279.21633664152,1.0,0.0,0.0,2023-12-01 05:11:31.485827208
60279.216348215596,1.0,0.0,0.0,2023-12-01 05:11:32.485827446
60279.21635978967,1.0,0.0,0.0,2023-12-01 05:11:33.485827684
60279.21637136374,1.0,1.0,0.0,2023-12-01 05:11:34.485827208
60279.21638293781,1.0,0.0,0.0,2023-12-01 05:11:35.485826969
60279.216394511895,1.0,0.0,0.0,2023-12-01 05:11:36.485827684
60279.216406085965,1.0,0.0,0.0,2023-12-01 05:11:37.485827446
60279.216417660034,1.0,0.0,0.0,2023-12-01 05:11:38.485826969
60279.21642923412,1.0,1.0,0.0,2023-12-01 05:11:39.485827923
60279.21644080819,1.1428571428571428,0.0,0.0007072135785007065,2023-12-01 05:11:40.485827446
60279.21645238226,1.2857142857142856,0.0,0.0014144271570014138,2023-12-01 05:11:41.485826969
60279.216463956334,1.4285714285714286,0.0,0.002121640735502122,2023-12-01 05:11:42.485827208
60279.21647553041,1.5714285714285714,0.0,0.0028288543140028285,2023-12-01 05:11:43.485827446
60279.21648710448,1.7142857142857142,0.0,0.003536067892503536,2023-12-01 05:11:44.485827208
60279.21649867856,1.8571428571428572,0.0,0.004243281471004243,2023-12-01 05:11:45.485827446
60279.216510252634,2.0,1.4142135623730951,0.0049504950495049506,2023-12-01 05:11:46.485827684
60279.216521826704,1.875,0.0,0.004331683168316831,2023-12-01 05:11:47.485827208
60279.21653340078,1.75,0.0,0.0037128712871287136,2023-12-01 05:11:48.485827446
60279.21654497486,1.625,0.0,0.003094059405940594,2023-12-01 05:11:49.485827684
60279.21655654893,1.5,0.0,0.002475247524752475,2023-12-01 05:11:50.485827208
60279.216568122996,1.375,0.0,0.0018564356435643563,2023-12-01 05:11:51.485826969
60279.21657969708,1.25,0.0,0.0012376237623762379,2023-12-01 05:11:52.485827684
60279.21659127115,1.125,0.0,0.0006188118811881185,2023-12-01 05:11:53.485827446
60279.21660284522,1.0,1.0,0.0,2023-12-01 05:11:54.485826969
60279.2166144193,1.125,0.0,0.0006188118811881185,2023-12-01 05:11:55.485827923
60279.21662599337,1.25,0.0,0.0012376237623762379,2023-12-01 05:11:56.485827446
60279.21663756744,1.375,0.0,0.0018564356435643563,2023-12-01 05:11:57.485826969
60279.21664914152,1.5,0.0,0.002475247524752475,2023-12-01 05:11:58.485827208
60279.216660715596,1.625,0.0,0.003094059405940594,2023-12-01 05:11:59.485827446
60279.216672289665,1.75,0.0,0.0037128712871287136,2023-12-01 05:12:00.485827208
60279.21668386374,1.875,0.0,0.004331683168316831,2023-12-01 05:12:01.485827446
60279.21669543782,2.0,1.4142135623730951,0.0049504950495049506,2023-12-01 05:12:02.485827446
60279.21670701189,1.9411764705882353,0.0,0.0046592894583576,2023-12-01 05:12:03.485827208
60279.216718585965,1.8823529411764706,0.0,0.004368083867210251,2023-12-01 05:12:04.485827446
60279.21673016004,1.8235294117647058,0.0,0.0040768782760629,2023-12-01 05:12:05.485827684
60279.21674173411,1.7647058823529411,0.0,0.003785672684915551,2023-12-01 05:12:06.485827208
60279.21675330818,1.7058823529411764,0.0,0.0034944670937682,2023-12-01 05:12:07.485826731
60279.216764882265,1.6470588235294117,0.0,0.0032032615026208492,2023-12-01 05:12:08.485827684
60279.216776456335,1.5882352941176472,0.0,0.0029120559114735,2023-12-01 05:12:09.485827208
60279.216788030404,1.5294117647058822,0.0,0.0026208503203261494,2023-12-01 05:12:10.485826969
60279.21679960449,1.4705882352941178,0.0,0.002329644729178801,2023-12-01 05:12:11.485827684
60279.21681117856,1.4117647058823528,0.0,0.0020384391380314495,2023-12-01 05:12:12.485827446
60279.21682275263,1.3529411764705883,0.0,0.0017472335468841005,2023-12-01 05:12:13.485826969
60279.21683432671,1.2941176470588236,0.0,0.0014560279557367505,2023-12-01 05:12:14.485827923
60279.21684590078,1.2352941176470589,0.0,0.0011648223645894006,2023-12-01 05:12:15.485827446
60279.21685747485,1.1764705882352942,0.0,0.0008736167734420507,2023-12-01 05:12:16.485826969
60279.21686904893,1.1176470588235294,0.0,0.0005824111822946999,2023-12-01 05:12:17.485827208
60279.216880623004,1.0588235294117647,0.0,0.00029120559114734993,2023-12-01 05:12:18.485827446
60279.21689219707,1.0,1.0,0.0,2023-12-01 05:12:19.485827208
60279.21690377115,1.1111111111111112,0.0,0.0005500550055005504,2023-12-01 05:12:20.485827446
60279.21691534523,1.2222222222222223,0.0,0.0011001100110011007,2023-12-01 05:12:21.485827684
60279.2169269193,1.3333333333333333,0.0,0.0016501650165016502,2023-12-01 05:12:22.485827208
60279.21693849337,1.4444444444444444,0.0,0.0022002200220022005,2023-12-01 05:12:23.485827446
60279.21695006745,1.5555555555555556,0.0,0.00275027502750275,2023-12-01 05:12:24.485827684
60279.21696164152,1.6666666666666665,0.0,0.0033003300330032995,2023-12-01 05:12:25.485827208
60279.21697321559,1.7777777777777777,0.0,0.00385038503850385,2023-12-01 05:12:26.485826969
60279.21698478967,1.8888888888888888,0.0,0.0044004400440044,2023-12-01 05:12:27.485827684
60279.21699636374,2.0,0.0,0.0049504950495049506,2023-12-01 05:12:28.485827446
60279.21700793781,2.111111111111111,0.0,0.005500550055005501,2023-12-01 05:12:29.485826969
60279.217019511896,2.2222222222222223,0.0,0.006050605060506051,2023-12-01 05:12:30.485827923
60279.217031085966,2.333333333333333,0.0,0.0066006600660066,2023-12-01 05:12:31.485827446
60279.217042660035,2.4444444444444446,0.0,0.007150715071507152,2023-12-01 05:12:32.485826969
60279.21705423411,2.5555555555555554,0.0,0.007700770077007701,2023-12-01 05:12:33.485827208
60279.21706580819,2.6666666666666665,0.0,0.00825082508250825,2023-12-01 05:12:34.485827446
60279.21707738226,2.7777777777777777,0.0,0.008800880088008802,2023-12-01 05:12:35.485827208
60279.217088956335,2.888888888888889,0.0,0.00935093509350935,2023-12-01 05:12:36.485827446
60279.21710053041,3.0,1.7320508075688772,0.0099009900990099,2023-12-01 05:12:37.485827684
60279.21711210448,2.942857142857143,0.0,0.00961810466760962,2023-12-01 05:12:38.485827208
60279.21712367856,2.8857142857142857,0.0,0.009335219236209336,2023-12-01 05:12:39.485827446
60279.217135252635,2.8285714285714287,0.0,0.009052333804809052,2023-12-01 05:12:40.485827684
60279.217146826704,2.7714285714285714,0.0,0.008769448373408768,2023-12-01 05:12:41.485827208
60279.217158400774,2.7142857142857144,0.0,0.008486562942008488,2023-12-01 05:12:42.485826969
60279.21716997486,2.657142857142857,0.0,0.008203677510608205,2023-12-01 05:12:43.485827684
60279.21718154893,2.6,0.0,0.007920792079207921,2023-12-01 05:12:44.485827208
60279.217193123,2.5428571428571427,0.0,0.007637906647807636,2023-12-01 05:12:45.485826969
60279.21720469708,2.4857142857142858,0.0,0.007355021216407356,2023-12-01 05:12:46.485827684
60279.21721627115,2.428571428571429,0.0,0.007072135785007074,2023-12-01 05:12:47.485827446
60279.21722784522,2.3714285714285714,0.0,0.006789250353606789,2023-12-01 05:12:48.485826969
60279.217239419304,2.314285714285714,0.0,0.006506364922206505,2023-12-01 05:12:49.485827923
60279.21725099337,2.257142857142857,0.0,0.006223479490806223,2023-12-01 05:12:50.485827446
60279.21726256744,2.2,0.0,0.0059405940594059415,2023-12-01 05:12:51.485826969
60279.21727414152,2.142857142857143,0.0,0.005657708628005658,2023-12-01 05:12:52.485827208
60279.2172857156,2.085714285714286,0.0,0.005374823196605376,2023-12-01 05:12:53.485827446
60279.217297289666,2.0285714285714285,0.0,0.005091937765205091,2023-12-01 05:12:54.485827208
60279.21730886374,1.9714285714285715,0.0,0.0048090523338048105,2023-12-01 05:12:55.485827446
60279.21732043782,1.9142857142857144,0.0,0.004526166902404527,2023-12-01 05:12:56.485827684
60279.21733201189,1.8571428571428572,0.0,0.004243281471004243,2023-12-01 05:12:57.485827208
60279.217343585966,1.8,0.0,0.003960396039603961,2023-12-01 05:12:58.485827446
60279.21735516004,1.7428571428571429,0.0,0.0036775106082036777,2023-12-01 05:12:59.485827684
60279.21736673411,1.6857142857142857,0.0,0.003394625176803394,2023-12-01 05:13:00.485827208
60279.21737830818,1.6285714285714286,0.0,0.003111739745403112,2023-12-01 05:13:01.485826969
60279.217389882266,1.5714285714285714,0.0,0.0028288543140028285,2023-12-01 05:13:02.485827684
60279.217401456335,1.5142857142857142,0.0,0.0025459688826025458,2023-12-01 05:13:03.485827446
60279.217413030405,1.4571428571428573,0.0,0.002263083451202264,2023-12-01 05:13:04.485826969
60279.21742460449,1.4000000000000001,0.0,0.001980198019801981,2023-12-01 05:13:05.485827923
60279.21743617856,1.342857142857143,0.0,0.0016973125884016983,2023-12-01 05:13:06.485827446
60279.21744775263,1.2857142857142858,0.0,0.0014144271570014147,2023-12-01 05:13:07.485826969
60279.217459326705,1.2285714285714286,0.0,0.001131541725601132,2023-12-01 05:13:08.485827208
60279.21747090078,1.1714285714285715,0.0,0.0008486562942008492,2023-12-01 05:13:09.485827446
60279.21748247485,1.1142857142857143,0.0,0.0005657708628005664,2023-12-01 05:13:10.485827208
60279.21749404893,1.0571428571428572,0.0,0.00028288543140028276,2023-12-01 05:13:11.485827446
60279.217505623004,1.0,1.0,0.0,2023-12-01 05:13:12.485827684
60279.217517197074,1.1428571428571428,0.0,0.0007072135785007065,2023-12-01 05:13:13.485827208
60279.21752877115,1.2857142857142856,0.0,0.0014144271570014138,2023-12-01 05:13:14.485827446
60279.21754034523,1.4285714285714286,0.0,0.002121640735502122,2023-12-01 05:13:15.485827684
60279.2175519193,1.5714285714285714,0.0,0.0028288543140028285,2023-12-01 05:13:16.485827208
60279.21756349337,1.7142857142857142,0.0,0.003536067892503536,2023-12-01 05:13:17.485826969
60279.21757506745,1.8571428571428572,0.0,0.004243281471004243,2023-12-01 05:13:18.485827684
60279.21758664152,2.0,1.4142135623730951,0.0049504950495049506,2023-12-01 05:13:19.485827446
60279.21759821559,1.875,0.0,0.004331683168316831,2023-12-01 05:13:20.485826969
60279.21760978967,1.75,0.0,0.0037128712871287136,2023-12-01 05:13:21.485827684
60279.21762136374,1.625,0.0,0.003094059405940594,2023-12-01 05:13:22.485827446
60279.21763293781,1.5,0.0,0.002475247524752475,2023-12-01 05:13:23.485826969
60279.21764451189,1.375,0.0,0.0018564356435643563,2023-12-01 05:13:24.485827208
60279.217656085966,1.25,0.0,0.0012376237623762379,2023-12-01 05:13:25.485827446
60279.217667660036,1.125,0.0,0.0006188118811881185,2023-12-01 05:13:26.485826969
60279.21767923411,1.0,1.0,0.0,2023-12-01 05:13:27.485827208
60279.21769080819,1.0,0.0,0.0,2023-12-01 05:13:28.485827446
60279.21770238226,1.0,0.0,0.0,2023-12-01 05:13:29.485827208
60279.217713956336,1.0,0.0,0.0,2023-12-01 05:13:30.485827446
60279.21772553041,1.0,0.0,0.0,2023-12-01 05:13:31.485827684
60279.21773710448,1.0,0.0,0.0,2023-12-01 05:13:32.485827208
60279.21774867856,1.0,0.0,0.0,2023-12-01 05:13:33.485827446
60279.217760252635,1.0,0.0,0.0,2023-12-01 05:13:34.485827684
60279.217771826705,1.0,0.0,0.0,2023-12-01 05:13:35.485827208
60279.217783400774,1.0,0.0,0.0,2023-12-01 05:13:36.485826969
60279.21779497486,1.0,0.0,0.0,2023-12-01 05:13:37.485827684
60279.21780654893,1.0,0.0,0.0,2023-12-01 05:13:38.485827446
60279.217818123,1.0,0.0,0.0,2023-12-01 05:13:39.485826969
60279.21782969708,1.0,0.0,0.0,2023-12-01 05:13:40.485827923
60279.21784127115,1.0,0.0,0.0,2023-12-01 05:13:41.485827446
60279.21785284522,1.0,0.0,0.0,2023-12-01 05:13:42.485826969
60279.2178644193,1.0,0.0,0.0,2023-12-01 05:13:43.485827208
60279.217875993374,1.0,0.0,0.0,2023-12-01 05:13:44.485827446
60279.21788756744,1.0,0.0,0.0,2023-12-01 05:13:45.485827208
60279.21789914152,1.0,0.0,0.0,2023-12-01 05:13:46.485827446
60279.2179107156,1.0,0.0,0.0,2023-12-01 05:13:47.485827684
60279.21792228967,1.0,1.0,0.0,2023-12-01 05:13:48.485827208
60279.21793386374,1.0,0.0,0.0,2023-12-01 05:13:49.485827446
60279.21794543782,1.0,0.0,0.0,2023-12-01 05:13:50.485827684
60279.21795701189,1.0,0.0,0.0,2023-12-01 05:13:51.485827208
60279.21796858596,1.0,0.0,0.0,2023-12-01 05:13:52.485826969
60279.21798016004,1.0,0.0,0.0,2023-12-01 05:13:53.485827684
60279.21799173411,1.0,0.0,0.0,2023-12-01 05:13:54.485827446
60279.21800330818,1.0,0.0,0.0,2023-12-01 05:13:55.485826969
60279.218014882266,1.0,0.0,0.0,2023-12-01 05:13:56.485827923
60279.218026456336,1.0,0.0,0.0,2023-12-01 05:13:57.485827446
60279.218038030405,1.0,0.0,0.0,2023-12-01 05:13:58.485826969
60279.21804960448,1.0,0.0,0.0,2023-12-01 05:13:59.485827208
60279.21806117856,1.0,1.0,0.0,2023-12-01 05:14:00.485827446
60279.21807275263,1.0,0.0,0.0,2023-12-01 05:14:01.485827208
60279.218084326705,1.0,0.0,0.0,2023-12-01 05:14:02.485827208
60279.21809590078,1.0,0.0,0.0,2023-12-01 05:14:03.485827446
60279.21810747485,1.0,0.0,0.0,2023-12-01 05:14:04.485827208
60279.21811904893,1.0,0.0,0.0,2023-12-01 05:14:05.485827446
60279.218130623005,1.0,0.0,0.0,2023-12-01 05:14:06.485827684
60279.218142197074,1.0,0.0,0.0,2023-12-01 05:14:07.485827208
60279.218153771144,1.0,0.0,0.0,2023-12-01 05:14:08.485826731
60279.21816534523,1.0,1.0,0.0,2023-12-01 05:14:09.485827684
60279.2181769193,1.0,0.0,0.0,2023-12-01 05:14:10.485827208
60279.21818849337,1.0,0.0,0.0,2023-12-01 05:14:11.485826969
60279.21820006745,1.0,0.0,0.0,2023-12-01 05:14:12.485827684
60279.21821164152,1.0,0.0,0.0,2023-12-01 05:14:13.485827446
60279.21822321559,1.0,0.0,0.0,2023-12-01 05:14:14.485826969
60279.218234789674,1.0,0.0,0.0,2023-12-01 05:14:15.485827923
60279.218246363744,1.0,1.0,0.0,2023-12-01 05:14:16.485827446
60279.21825793781,1.0,0.0,0.0,2023-12-01 05:14:17.485826969
60279.21826951189,1.0,0.0,0.0,2023-12-01 05:14:18.485827208
60279.21828108597,1.0,0.0,0.0,2023-12-01 05:14:19.485827446
60279.218292660036,1.0,0.0,0.0,2023-12-01 05:14:20.485827208
60279.21830423411,1.0,0.0,0.0,2023-12-01 05:14:21.485827446
60279.21831580819,1.0,0.0,0.0,2023-12-01 05:14:22.485827684
60279.21832738226,1.0,0.0,0.0,2023-12-01 05:14:23.485827208
60279.218338956336,1.0,1.0,0.0,2023-12-01 05:14:24.485827446
60279.21835053041,1.0,0.0,0.0,2023-12-01 05:14:25.485827684
60279.21836210448,1.0,0.0,0.0,2023-12-01 05:14:26.485827208
60279.21837367855,1.0,0.0,0.0,2023-12-01 05:14:27.485826969
60279.218385252636,1.0,0.0,0.0,2023-12-01 05:14:28.485827684
60279.218396826705,1.0,0.0,0.0,2023-12-01 05:14:29.485827446
60279.218408400775,1.0,0.0,0.0,2023-12-01 05:14:30.485826969
60279.21841997486,1.0,0.0,0.0,2023-12-01 05:14:31.485827923
60279.21843154893,1.0,0.0,0.0,2023-12-01 05:14:32.485827446
60279.218443123,1.0,0.0,0.0,2023-12-01 05:14:33.485826969
60279.218454697075,1.0,0.0,0.0,2023-12-01 05:14:34.485827208
60279.21846627115,1.0,0.0,0.0,2023-12-01 05:14:35.485827446
60279.21847784522,1.0,0.0,0.0,2023-12-01 05:14:36.485827208
60279.2184894193,1.0,1.0,0.0,2023-12-01 05:14:37.485827446
60279.218500993375,1.0,0.0,0.0,2023-12-01 05:14:38.485827684
60279.218512567444,1.0,0.0,0.0,2023-12-01 05:14:39.485827208
60279.21852414152,1.0,0.0,0.0,2023-12-01 05:14:40.485827446
60279.2185357156,1.0,0.0,0.0,2023-12-01 05:14:41.485827684
60279.21854728967,1.0,0.0,0.0,2023-12-01 05:14:42.485827208
60279.21855886374,1.0,0.0,0.0,2023-12-01 05:14:43.485826969
60279.21857043782,1.0,0.0,0.0,2023-12-01 05:14:44.485827684
60279.21858201189,1.0,1.0,0.0,2023-12-01 05:14:45.485827208
60279.21859358596,1.0,0.0,0.0,2023-12-01 05:14:46.485826969
60279.218605160044,1.0,0.0,0.0,2023-12-01 05:14:47.485827684
60279.21861673411,1.0,0.0,0.0,2023-12-01 05:14:48.485827446
60279.21862830818,1.0,0.0,0.0,2023-12-01 05:14:49.485826969
60279.21863988227,1.0,0.0,0.0,2023-12-01 05:14:50.485827923
60279.21865145634,1.0,0.0,0.0,2023-12-01 05:14:51.485827446
60279.218663030406,1.0,1.0,0.0,2023-12-01 05:14:52.485826969
60279.21867460448,1.0,0.0,0.0,2023-12-01 05:14:53.485827208
60279.21868617856,1.0,0.0,0.0,2023-12-01 05:14:54.485827446
60279.21869775263,1.0,0.0,0.0,2023-12-01 05:14:55.485827208
60279.218709326706,1.0,0.0,0.0,2023-12-01 05:14:56.485827446
60279.21872090078,1.0,0.0,0.0,2023-12-01 05:14:57.485827684
60279.21873247485,1.0,0.0,0.0,2023-12-01 05:14:58.485827208
60279.21874404893,1.0,0.0,0.0,2023-12-01 05:14:59.485827446
60279.218755623006,1.0,0.0,0.0,2023-12-01 05:15:00.485827684
60279.218767197075,1.0,1.0,0.0,2023-12-01 05:15:01.485827208
60279.218778771145,1.0,0.0,0.0,2023-12-01 05:15:02.485826969
60279.21879034523,1.0,0.0,0.0,2023-12-01 05:15:03.485827684
60279.2188019193,1.0,0.0,0.0,2023-12-01 05:15:04.485827446
60279.21881349337,1.0,0.0,0.0,2023-12-01 05:15:05.485826969
60279.21882506745,1.0,0.0,0.0,2023-12-01 05:15:06.485827923
60279.21883664152,1.0,0.0,0.0,2023-12-01 05:15:07.485827446
60279.21884821559,1.0,0.0,0.0,2023-12-01 05:15:08.485826969
60279.21885978967,1.0,0.0,0.0,2023-12-01 05:15:09.485827208
60279.218871363744,1.0,1.0,0.0,2023-12-01 05:15:10.485827446
60279.218882937814,1.0,0.0,0.0,2023-12-01 05:15:11.485827208
60279.21889451189,1.0,0.0,0.0,2023-12-01 05:15:12.485827446
60279.21890608597,1.0,0.0,0.0,2023-12-01 05:15:13.485827684
60279.21891766004,1.0,0.0,0.0,2023-12-01 05:15:14.485827208
60279.21892923411,1.0,0.0,0.0,2023-12-01 05:15:15.485827446
60279.21894080819,1.0,0.0,0.0,2023-12-01 05:15:16.485827684
60279.21895238226,1.0,0.0,0.0,2023-12-01 05:15:17.485827208
60279.21896395633,1.0,0.0,0.0,2023-12-01 05:15:18.485826969
60279.21897553041,1.0,0.0,0.0,2023-12-01 05:15:19.485827684
60279.21898710448,1.0,0.0,0.0,2023-12-01 05:15:20.485827446
60279.21899867855,1.0,0.0,0.0,2023-12-01 05:15:21.485826969
60279.21901025264,1.0,0.0,0.0,2023-12-01 05:15:22.485827684
60279.219021826706,1.0,0.0,0.0,2023-12-01 05:15:23.485827446
60279.219033400776,1.0,0.0,0.0,2023-12-01 05:15:24.485826969
60279.21904497485,1.0,1.0,0.0,2023-12-01 05:15:25.485827208
60279.21905654893,1.0,0.0,0.0,2023-12-01 05:15:26.485827446
60279.219068123,1.0,0.0,0.0,2023-12-01 05:15:27.485826969
60279.219079697075,1.0,0.0,0.0,2023-12-01 05:15:28.485827208
60279.21909127115,1.0,0.0,0.0,2023-12-01 05:15:29.485827446
60279.21910284522,1.0,0.0,0.0,2023-12-01 05:15:30.485827208
60279.2191144193,1.0,0.0,0.0,2023-12-01 05:15:31.485827446
60279.219125993375,1.0,0.0,0.0,2023-12-01 05:15:32.485827684
60279.219137567445,1.0,0.0,0.0,2023-12-01 05:15:33.485827208
60279.21914914152,1.0,0.0,0.0,2023-12-01 05:15:34.485827446
60279.2191607156,1.0,0.0,0.0,2023-12-01 05:15:35.485827684
60279.21917228967,1.0,0.0,0.0,2023-12-01 05:15:36.485827208
60279.21918386374,1.0,1.0,0.0,2023-12-01 05:15:37.485826969
60279.21919543782,1.0,0.0,0.0,2023-12-01 05:15:38.485827684
60279.21920701189,1.0,1.0,0.0,2023-12-01 05:15:39.485827446
60279.21921858596,1.0769230769230769,0.0,0.00038080731150038055,2023-12-01 05:15:40.485826969
60279.219230160044,1.1538461538461537,0.0,0.0007616146230007611,2023-12-01 05:15:41.485827923
60279.219241734114,1.2307692307692308,0.0,0.0011424219345011425,2023-12-01 05:15:42.485827446
60279.21925330818,1.3076923076923077,0.0,0.001523229246001523,2023-12-01 05:15:43.485826969
60279.21926488226,1.3846153846153846,0.0,0.0019040365575019036,2023-12-01 05:15:44.485827208
60279.21927645634,1.4615384615384617,0.0,0.002284843869002286,2023-12-01 05:15:45.485827446
60279.21928803041,1.5384615384615385,0.0,0.0026656511805026664,2023-12-01 05:15:46.485827208
60279.21929960448,1.6153846153846154,0.0,0.003046458492003047,2023-12-01 05:15:47.485827446
60279.21931117856,1.6923076923076923,0.0,0.0034272658035034266,2023-12-01 05:15:48.485827684
60279.21932275263,1.7692307692307692,0.0,0.003808073115003808,2023-12-01 05:15:49.485827208
60279.219334326706,1.8461538461538463,0.0,0.0041888804265041895,2023-12-01 05:15:50.485827446
60279.21934590078,1.9230769230769231,0.0,0.004569687738004569,2023-12-01 05:15:51.485827684
60279.21935747485,2.0,1.4142135623730951,0.0049504950495049506,2023-12-01 05:15:52.485827208
60279.21936904892,1.875,0.0,0.004331683168316831,2023-12-01 05:15:53.485826969
60279.219380623006,1.75,0.0,0.0037128712871287136,2023-12-01 05:15:54.485827684
60279.219392197076,1.625,0.0,0.003094059405940594,2023-12-01 05:15:55.485827446
60279.219403771145,1.5,0.0,0.002475247524752475,2023-12-01 05:15:56.485826969
60279.21941534523,1.375,0.0,0.0018564356435643563,2023-12-01 05:15:57.485827923
60279.2194269193,1.25,0.0,0.0012376237623762379,2023-12-01 05:15:58.485827446
60279.21943849337,1.125,0.0,0.0006188118811881185,2023-12-01 05:15:59.485826969
60279.219450067445,1.0,1.0,0.0,2023-12-01 05:16:00.485827208
60279.21946164152,1.0,0.0,0.0,2023-12-01 05:16:01.485827446
60279.21947321559,1.0,0.0,0.0,2023-12-01 05:16:02.485826969
60279.21948478967,1.0,0.0,0.0,2023-12-01 05:16:03.485827208
60279.219496363745,1.0,0.0,0.0,2023-12-01 05:16:04.485827446
60279.219507937814,1.0,0.0,0.0,2023-12-01 05:16:05.485827208
60279.21951951189,1.0,0.0,0.0,2023-12-01 05:16:06.485827446
60279.21953108597,1.0,0.0,0.0,2023-12-01 05:16:07.485827684
60279.21954266004,1.0,0.0,0.0,2023-12-01 05:16:08.485827208
60279.219554234114,1.0,0.0,0.0,2023-12-01 05:16:09.485827446
60279.21956580819,1.0,0.0,0.0,2023-12-01 05:16:10.485827684
60279.21957738226,1.0,0.0,0.0,2023-12-01 05:16:11.485827208
60279.21958895633,1.0,0.0,0.0,2023-12-01 05:16:12.485826969
60279.219600530414,1.0,0.0,0.0,2023-12-01 05:16:13.485827684
60279.21961210448,1.0,0.0,0.0,2023-12-01 05:16:14.485827446
60279.21962367855,1.0,1.0,0.0,2023-12-01 05:16:15.485826969
60279.21963525264,1.0,0.0,0.0,2023-12-01 05:16:16.485827923
60279.21964682671,1.0,0.0,0.0,2023-12-01 05:16:17.485827446
60279.219658400776,1.0,0.0,0.0,2023-12-01 05:16:18.485826969
60279.21966997485,1.0,0.0,0.0,2023-12-01 05:16:19.485827208
60279.21968154893,1.0,0.0,0.0,2023-12-01 05:16:20.485827446
60279.219693123,1.0,0.0,0.0,2023-12-01 05:16:21.485827208
60279.219704697076,1.0,0.0,0.0,2023-12-01 05:16:22.485827446
60279.21971627115,1.0,0.0,0.0,2023-12-01 05:16:23.485827684
60279.21972784522,1.0,0.0,0.0,2023-12-01 05:16:24.485827208
60279.2197394193,1.0,0.0,0.0,2023-12-01 05:16:25.485827446
60279.219750993376,1.0,0.0,0.0,2023-12-01 05:16:26.485827684
60279.219762567445,1.0,0.0,0.0,2023-12-01 05:16:27.485827208
60279.219774141515,1.0,0.0,0.0,2023-12-01 05:16:28.485826969
60279.2197857156,1.0,0.0,0.0,2023-12-01 05:16:29.485827684
60279.21979728967,1.0,1.0,0.0,2023-12-01 05:16:30.485827446
60279.21980886374,1.0,0.0,0.0,2023-12-01 05:16:31.485826969
60279.21982043782,1.0,0.0,0.0,2023-12-01 05:16:32.485827923
60279.21983201189,1.0,0.0,0.0,2023-12-01 05:16:33.485827446
60279.21984358596,1.0,0.0,0.0,2023-12-01 05:16:34.485826969
60279.21985516004,1.0,0.0,0.0,2023-12-01 05:16:35.485827208
60279.219866734114,1.0,0.0,0.0,2023-12-01 05:16:36.485827446
60279.219878308184,1.0,0.0,0.0,2023-12-01 05:16:37.485827208
60279.21988988226,1.0,1.0,0.0,2023-12-01 05:16:38.485827446
60279.21990145634,1.0,1.0,0.0,2023-12-01 05:16:39.485827446
60279.21991303041,1.0,0.0,0.0,2023-12-01 05:16:40.485827208
60279.219924604484,1.0,0.0,0.0,2023-12-01 05:16:41.485827446
60279.21993617856,1.0,0.0,0.0,2023-12-01 05:16:42.485827684
60279.21994775263,1.0,0.0,0.0,2023-12-01 05:16:43.485827208
60279.2199593267,1.0,0.0,0.0,2023-12-01 05:16:44.485826731
60279.219970900784,1.0,0.0,0.0,2023-12-01 05:16:45.485827684
60279.21998247485,1.0,0.0,0.0,2023-12-01 05:16:46.485827208
60279.21999404892,1.0,0.0,0.0,2023-12-01 05:16:47.485826969
60279.22000562301,1.0,0.0,0.0,2023-12-01 05:16:48.485827684
60279.220017197076,1.0,0.0,0.0,2023-12-01 05:16:49.485827446
60279.220028771146,1.0,0.0,0.0,2023-12-01 05:16:50.485826969
60279.22004034523,1.0,0.0,0.0,2023-12-01 05:16:51.485827923
60279.2200519193,1.0,0.0,0.0,2023-12-01 05:16:52.485827446
60279.22006349337,1.0,0.0,0.0,2023-12-01 05:16:53.485826969
60279.220075067446,1.0,0.0,0.0,2023-12-01 05:16:54.485827208
60279.22008664152,1.0,1.0,0.0,2023-12-01 05:16:55.485827446
60279.22009821559,1.1538461538461537,0.0,0.0007616146230007611,2023-12-01 05:16:56.485827208
60279.22010978967,1.3076923076923077,0.0,0.001523229246001523,2023-12-01 05:16:57.485827446
60279.220121363745,1.4615384615384617,0.0,0.002284843869002286,2023-12-01 05:16:58.485827684
60279.220132937815,1.6153846153846154,0.0,0.003046458492003047,2023-12-01 05:16:59.485827208
60279.22014451189,1.7692307692307692,0.0,0.003808073115003808,2023-12-01 05:17:00.485827446
60279.22015608597,1.9230769230769231,0.0,0.004569687738004569,2023-12-01 05:17:01.485827684
60279.22016766004,2.076923076923077,0.0,0.005331302361005332,2023-12-01 05:17:02.485827208
60279.22017923411,2.230769230769231,0.0,0.006092916984006093,2023-12-01 05:17:03.485826969
60279.22019080819,2.3846153846153846,0.0,0.006854531607006854,2023-12-01 05:17:04.485827684
60279.22020238226,2.5384615384615383,0.0,0.007616146230007615,2023-12-01 05:17:05.485827446
60279.22021395633,2.6923076923076925,0.0,0.008377760853008377,2023-12-01 05:17:06.485826969
60279.220225530415,2.8461538461538463,0.0,0.00913937547600914,2023-12-01 05:17:07.485827923
60279.220237104484,3.0,1.7320508075688772,0.0099009900990099,2023-12-01 05:17:08.485827446
60279.22024867855,2.6666666666666665,0.0,0.00825082508250825,2023-12-01 05:17:09.485826969
60279.22026025263,2.3333333333333335,0.0,0.006600660066006602,2023-12-01 05:17:10.485827208
60279.22027182671,2.0,0.0,0.0049504950495049506,2023-12-01 05:17:11.485827446
60279.22028340078,1.6666666666666667,0.0,0.0033003300330033012,2023-12-01 05:17:12.485827208
60279.22029497485,1.3333333333333335,0.0,0.001650165016501651,2023-12-01 05:17:13.485827446
60279.22030654893,1.0,1.0,0.0,2023-12-01 05:17:14.485827684
60279.220318123,1.1111111111111112,0.0,0.0005500550055005504,2023-12-01 05:17:15.485827208
60279.22032969708,1.2222222222222223,0.0,0.0011001100110011007,2023-12-01 05:17:16.485827446
60279.22034127115,1.3333333333333333,0.0,0.0016501650165016502,2023-12-01 05:17:17.485827684
60279.22035284522,1.4444444444444444,0.0,0.0022002200220022005,2023-12-01 05:17:18.485827208
60279.22036441929,1.5555555555555556,0.0,0.00275027502750275,2023-12-01 05:17:19.485826969
60279.22037599338,1.6666666666666665,0.0,0.0033003300330032995,2023-12-01 05:17:20.485827684
60279.220387567446,1.7777777777777777,0.0,0.00385038503850385,2023-12-01 05:17:21.485827208
60279.220399141515,1.8888888888888888,0.0,0.0044004400440044,2023-12-01 05:17:22.485826969
60279.2204107156,2.0,1.4142135623730951,0.0049504950495049506,2023-12-01 05:17:23.485827684
60279.22042228967,2.076923076923077,0.0,0.005331302361005332,2023-12-01 05:17:24.485827446
60279.22043386374,2.1538461538461537,0.0,0.005712109672505712,2023-12-01 05:17:25.485826969
60279.220445437815,2.230769230769231,0.0,0.006092916984006093,2023-12-01 05:17:26.485827208
60279.22045701189,2.3076923076923075,0.0,0.006473724295506473,2023-12-01 05:17:27.485827446
60279.22046858596,2.3846153846153846,0.0,0.006854531607006854,2023-12-01 05:17:28.485826969
60279.22048016004,2.4615384615384617,0.0,0.0072353389185072356,2023-12-01 05:17:29.485827208
60279.220491734115,2.5384615384615383,0.0,0.007616146230007615,2023-12-01 05:17:30.485827446
60279.220503308185,2.6153846153846154,0.0,0.007996953541507996,2023-12-01 05:17:31.485827208
60279.22051488226,2.6923076923076925,0.0,0.008377760853008377,2023-12-01 05:17:32.485827446
60279.22052645634,2.769230769230769,0.0,0.008758568164508759,2023-12-01 05:17:33.485827684
60279.22053803041,2.8461538461538463,0.0,0.00913937547600914,2023-12-01 05:17:34.485827208
60279.220549604484,2.9230769230769234,0.0,0.009520182787509521,2023-12-01 05:17:35.485827446
60279.22056117856,3.0,1.7320508075688772,0.0099009900990099,2023-12-01 05:17:36.485827684
60279.22057275263,2.75,0.0,0.008663366336633664,2023-12-01 05:17:37.485827208
60279.2205843267,2.5,0.0,0.007425742574257426,2023-12-01 05:17:38.485826969
60279.220595900784,2.25,0.0,0.0061881188118811875,2023-12-01 05:17:39.485827684
60279.220607474854,2.0,0.0,0.0049504950495049506,2023-12-01 05:17:40.485827446
60279.22061904892,1.75,0.0,0.0037128712871287136,2023-12-01 05:17:41.485826969
60279.22063062301,1.5,0.0,0.002475247524752475,2023-12-01 05:17:42.485827923
60279.22064219708,1.25,0.0,0.0012376237623762379,2023-12-01 05:17:43.485827446
60279.220653771146,1.0,1.0,0.0,2023-12-01 05:17:44.485826969
60279.22066534522,1.3333333333333333,0.0,0.0016501650165016502,2023-12-01 05:17:45.485827208
60279.2206769193,1.6666666666666665,0.0,0.0033003300330032995,2023-12-01 05:17:46.485827446
60279.22068849337,2.0,0.0,0.0049504950495049506,2023-12-01 05:17:47.485827208
60279.220700067446,2.333333333333333,0.0,0.0066006600660066,2023-12-01 05:17:48.485827446
60279.22071164152,2.6666666666666665,0.0,0.00825082508250825,2023-12-01 05:17:49.485827684
60279.22072321559,3.0,1.7320508075688772,0.0099009900990099,2023-12-01 05:17:50.485827208
60279.22073478967,3.0,0.0,0.0099009900990099,2023-12-01 05:17:51.485827446
60279.220746363746,3.0,0.0,0.0099009900990099,2023-12-01 05:17:52.485827684
60279.220757937816,3.0,0.0,0.0099009900990099,2023-12-01 05:17:53.485827208
60279.220769511885,3.0,0.0,0.0099009900990099,2023-12-01 05:17:54.485826969
60279.22078108597,3.0,0.0,0.0099009900990099,2023-12-01 05:17:55.485827684
60279.22079266004,3.0,0.0,0.0099009900990099,2023-12-01 05:17:56.485827446
60279.22080423411,3.0,1.7320508075688772,0.0099009900990099,2023-12-01 05:17:57.485826969
60279.22081580819,2.9285714285714284,0.0,0.009547383309759547,2023-12-01 05:17:58.485827684
60279.22082738226,2.857142857142857,0.0,0.009193776520509195,2023-12-01 05:17:59.485827446
60279.22083895633,2.7857142857142856,0.0,0.00884016973125884,2023-12-01 05:18:00.485826969
60279.22085053041,2.7142857142857144,0.0,0.008486562942008488,2023-12-01 05:18:01.485827208
60279.220862104485,2.642857142857143,0.0,0.008132956152758133,2023-12-01 05:18:02.485827446
60279.220873678554,2.5714285714285716,0.0,0.00777934936350778,2023-12-01 05:18:03.485826969
60279.22088525263,2.5,0.0,0.007425742574257426,2023-12-01 05:18:04.485827208
60279.22089682671,2.428571428571429,0.0,0.007072135785007074,2023-12-01 05:18:05.485827446
60279.22090840078,2.357142857142857,0.0,0.006718528995756719,2023-12-01 05:18:06.485827208
60279.220919974854,2.2857142857142856,0.0,0.0063649222065063635,2023-12-01 05:18:07.485827446
60279.22093154893,2.2142857142857144,0.0,0.006011315417256012,2023-12-01 05:18:08.485827684
60279.220943123,2.142857142857143,0.0,0.005657708628005658,2023-12-01 05:18:09.485827208
60279.22095469708,2.0714285714285716,0.0,0.005304101838755306,2023-12-01 05:18:10.485827446
60279.220966271154,2.0,0.0,0.0049504950495049506,2023-12-01 05:18:11.485827684
60279.22097784522,1.9285714285714286,0.0,0.004596888260254597,2023-12-01 05:18:12.485827208
60279.22098941929,1.8571428571428572,0.0,0.004243281471004243,2023-12-01 05:18:13.485826969
60279.22100099338,1.7857142857142858,0.0,0.0038896746817538895,2023-12-01 05:18:14.485827684
60279.22101256745,1.7142857142857144,0.0,0.0035360678925035376,2023-12-01 05:18:15.485827446
60279.221024141516,1.642857142857143,0.0,0.003182461103253184,2023-12-01 05:18:16.485826969
60279.2210357156,1.5714285714285716,0.0,0.0028288543140028303,2023-12-01 05:18:17.485827923
60279.22104728967,1.5,0.0,0.002475247524752475,2023-12-01 05:18:18.485827446
60279.22105886374,1.4285714285714286,0.0,0.002121640735502122,2023-12-01 05:18:19.485826969
60279.221070437816,1.3571428571428572,0.0,0.0017680339462517684,2023-12-01 05:18:20.485827208
60279.22108201189,1.2857142857142858,0.0,0.0014144271570014147,2023-12-01 05:18:21.485827446
60279.22109358596,1.2142857142857144,0.0,0.0010608203677510619,2023-12-01 05:18:22.485827208
60279.22110516004,1.142857142857143,0.0,0.0007072135785007082,2023-12-01 05:18:23.485827446
60279.221116734116,1.0714285714285716,0.0,0.00035360678925035454,2023-12-01 05:18:24.485827684
60279.221128308185,1.0,1.0,0.0,2023-12-01 05:18:25.485827208
60279.22113988226,1.0,0.0,0.0,2023-12-01 05:18:26.485827446
60279.22115145634,1.0,0.0,0.0,2023-12-01 05:18:27.485827684
60279.22116303041,1.0,0.0,0.0,2023-12-01 05:18:28.485827208
60279.22117460448,1.0,0.0,0.0,2023-12-01 05:18:29.485826969
60279.22118617856,1.0,0.0,0.0,2023-12-01 05:18:30.485827684
60279.22119775263,1.0,0.0,0.0,2023-12-01 05:18:31.485827446
60279.2212093267,1.0,0.0,0.0,2023-12-01 05:18:32.485826969
60279.221220900785,1.0,0.0,0.0,2023-12-01 05:18:33.485827923
60279.221232474854,1.0,0.0,0.0,2023-12-01 05:18:34.485827446
60279.221244048924,1.0,0.0,0.0,2023-12-01 05:18:35.485826969
60279.221255623,1.0,1.0,0.0,2023-12-01 05:18:36.485827208
60279.22126719708,1.125,0.0,0.0006188118811881185,2023-12-01 05:18:37.485827446
60279.22127877115,1.25,0.0,0.0012376237623762379,2023-12-01 05:18:38.485827208
60279.221290345224,1.375,0.0,0.0018564356435643563,2023-12-01 05:18:39.485827208
60279.2213019193,1.5,0.0,0.002475247524752475,2023-12-01 05:18:40.485827446
60279.22131349337,1.625,0.0,0.003094059405940594,2023-12-01 05:18:41.485827208
60279.22132506745,1.75,0.0,0.0037128712871287136,2023-12-01 05:18:42.485827446
60279.22133664152,1.875,0.0,0.004331683168316831,2023-12-01 05:18:43.485827684
60279.22134821559,2.0,1.4142135623730951,0.0049504950495049506,2023-12-01 05:18:44.485827208
60279.22135978966,2.0,0.0,0.0049504950495049506,2023-12-01 05:18:45.485826731
60279.22137136375,2.0,0.0,0.0049504950495049506,2023-12-01 05:18:46.485827684
60279.221382937816,2.0,0.0,0.0049504950495049506,2023-12-01 05:18:47.485827208
60279.221394511886,2.0,0.0,0.0049504950495049506,2023-12-01 05:18:48.485826969
60279.22140608597,2.0,0.0,0.0049504950495049506,2023-12-01 05:18:49.485827684
60279.22141766004,2.0,0.0,0.0049504950495049506,2023-12-01 05:18:50.485827446
60279.22142923411,2.0,0.0,0.0049504950495049506,2023-12-01 05:18:51.485826969
60279.22144080819,2.0,1.4142135623730951,0.0049504950495049506,2023-12-01 05:18:52.485827923
60279.22145238226,1.9444444444444444,0.0,0.004675467546754676,2023-12-01 05:18:53.485827446
60279.22146395633,1.8888888888888888,0.0,0.0044004400440044,2023-12-01 05:18:54.485826969
60279.22147553041,1.8333333333333333,0.0,0.004125412541254126,2023-12-01 05:18:55.485827208
60279.221487104485,1.7777777777777777,0.0,0.00385038503850385,2023-12-01 05:18:56.485827446
60279.221498678555,1.7222222222222223,0.0,0.0035753575357535755,2023-12-01 05:18:57.485827208
60279.22151025263,1.6666666666666667,0.0,0.0033003300330033012,2023-12-01 05:18:58.485827446
60279.22152182671,1.6111111111111112,0.0,0.003025302530253025,2023-12-01 05:18:59.485827684
60279.22153340078,1.5555555555555556,0.0,0.00275027502750275,2023-12-01 05:19:00.485827208
60279.221544974855,1.5,0.0,0.002475247524752475,2023-12-01 05:19:01.485827446
60279.22155654893,1.4444444444444444,0.0,0.0022002200220022005,2023-12-01 05:19:02.485827684
60279.221568123,1.3888888888888888,0.0,0.0019251925192519254,2023-12-01 05:19:03.485827208
60279.22157969707,1.3333333333333335,0.0,0.001650165016501651,2023-12-01 05:19:04.485826969
60279.221591271154,1.2777777777777777,0.0,0.001375137513751375,2023-12-01 05:19:05.485827684
60279.221602845224,1.2222222222222223,0.0,0.0011001100110011007,2023-12-01 05:19:06.485827446
60279.22161441929,1.1666666666666667,0.0,0.0008250825082508255,2023-12-01 05:19:07.485826969
60279.22162599338,1.1111111111111112,0.0,0.0005500550055005504,2023-12-01 05:19:08.485827923
60279.22163756745,1.0555555555555556,0.0,0.0002750275027502752,2023-12-01 05:19:09.485827446
60279.22164914152,1.0,1.0,0.0,2023-12-01 05:19:10.485826969
60279.22166071559,1.0,0.0,0.0,2023-12-01 05:19:11.485827208
60279.22167228967,1.0,0.0,0.0,2023-12-01 05:19:12.485827446
60279.22168386374,1.0,0.0,0.0,2023-12-01 05:19:13.485827208
60279.22169543782,1.0,0.0,0.0,2023-12-01 05:19:14.485827446
60279.22170701189,1.0,0.0,0.0,2023-12-01 05:19:15.485827684
60279.22171858596,1.0,0.0,0.0,2023-12-01 05:19:16.485827208
60279.22173016004,1.0,0.0,0.0,2023-12-01 05:19:17.485827446
60279.221741734116,1.0,1.0,0.0,2023-12-01 05:19:18.485827684
60279.221753308186,2.0,1.4142135623730951,0.0049504950495049506,2023-12-01 05:19:19.485827208
60279.221764882255,2.066666666666667,0.0,0.0052805280528052815,2023-12-01 05:19:20.485826969
60279.22177645634,2.1333333333333333,0.0,0.005610561056105611,2023-12-01 05:19:21.485827684
60279.22178803041,2.2,0.0,0.0059405940594059415,2023-12-01 05:19:22.485827208
60279.22179960448,2.2666666666666666,0.0,0.006270627062706271,2023-12-01 05:19:23.485826969
60279.22181117856,2.3333333333333335,0.0,0.006600660066006602,2023-12-01 05:19:24.485827684
60279.22182275263,2.4,0.0,0.006930693069306931,2023-12-01 05:19:25.485827446
60279.2218343267,2.466666666666667,0.0,0.007260726072607262,2023-12-01 05:19:26.485826969
60279.221845900785,2.533333333333333,0.0,0.007590759075907591,2023-12-01 05:19:27.485827923
60279.221857474855,2.6,0.0,0.007920792079207921,2023-12-01 05:19:28.485827446
60279.221869048924,2.6666666666666665,0.0,0.00825082508250825,2023-12-01 05:19:29.485826969
60279.221880623,2.7333333333333334,0.0,0.008580858085808583,2023-12-01 05:19:30.485827208
60279.22189219708,2.8,0.0,0.008910891089108908,2023-12-01 05:19:31.485827446
60279.22190377115,2.8666666666666667,0.0,0.009240924092409241,2023-12-01 05:19:32.485827208
60279.221915345224,2.9333333333333336,0.0,0.009570957095709574,2023-12-01 05:19:33.485827446
60279.2219269193,3.0,1.7320508075688772,0.0099009900990099,2023-12-01 05:19:34.485827684
60279.22193849337,2.923076923076923,0.0,0.009520182787509518,2023-12-01 05:19:35.485827208
60279.22195006745,2.8461538461538463,0.0,0.00913937547600914,2023-12-01 05:19:36.485827446
60279.221961641524,2.769230769230769,0.0,0.008758568164508759,2023-12-01 05:19:37.485827684
60279.22197321559,2.6923076923076925,0.0,0.008377760853008377,2023-12-01 05:19:38.485827208
60279.22198478966,2.6153846153846154,0.0,0.007996953541507996,2023-12-01 05:19:39.485826969
60279.22199636375,2.5384615384615383,0.0,0.007616146230007615,2023-12-01 05:19:40.485827684
60279.22200793782,2.4615384615384617,0.0,0.0072353389185072356,2023-12-01 05:19:41.485827446
60279.222019511886,2.3846153846153846,0.0,0.006854531607006854,2023-12-01 05:19:42.485826969
60279.22203108597,2.3076923076923075,0.0,0.006473724295506473,2023-12-01 05:19:43.485827923
60279.22204266004,2.230769230769231,0.0,0.006092916984006093,2023-12-01 05:19:44.485827446
60279.22205423411,2.1538461538461537,0.0,0.005712109672505712,2023-12-01 05:19:45.485826969
60279.222065808186,2.0769230769230766,0.0,0.00533130236100533,2023-12-01 05:19:46.485827208
60279.22207738226,2.0,1.4142135623730951,0.0049504950495049506,2023-12-01 05:19:47.485827446
60279.22208895633,2.111111111111111,0.0,0.005500550055005501,2023-12-01 05:19:48.485827208
60279.22210053041,2.2222222222222223,0.0,0.006050605060506051,2023-12-01 05:19:49.485827446
60279.222112104486,2.3333333333333335,0.0,0.006600660066006602,2023-12-01 05:19:50.485827684
60279.222123678555,2.4444444444444446,0.0,0.007150715071507152,2023-12-01 05:19:51.485827208
60279.22213525263,2.5555555555555554,0.0,0.007700770077007701,2023-12-01 05:19:52.485827446
60279.22214682671,2.6666666666666665,0.0,0.00825082508250825,2023-12-01 05:19:53.485827684
60279.22215840078,2.7777777777777777,0.0,0.008800880088008802,2023-12-01 05:19:54.485827208
60279.22216997485,2.888888888888889,0.0,0.00935093509350935,2023-12-01 05:19:55.485826969
60279.22218154893,3.0,1.7320508075688772,0.0099009900990099,2023-12-01 05:19:56.485827684
60279.222193123,2.8333333333333335,0.0,0.009075907590759078,2023-12-01 05:19:57.485827446
60279.22220469707,2.6666666666666665,0.0,0.00825082508250825,2023-12-01 05:19:58.485826969
60279.222216271155,2.5,0.0,0.007425742574257426,2023-12-01 05:19:59.485827684
60279.222227845225,2.3333333333333335,0.0,0.006600660066006602,2023-12-01 05:20:00.485827446
60279.222239419294,2.166666666666667,0.0,0.005775577557755777,2023-12-01 05:20:01.485826969
60279.22225099337,2.0,1.4142135623730951,0.0049504950495049506,2023-12-01 05:20:02.485827208
60279.22226256745,1.9411764705882353,0.0,0.0046592894583576,2023-12-01 05:20:03.485827446
60279.22227414152,1.8823529411764706,0.0,0.004368083867210251,2023-12-01 05:20:04.485826969
60279.222285715594,1.8235294117647058,0.0,0.0040768782760629,2023-12-01 05:20:05.485827208
60279.22229728967,1.7647058823529411,0.0,0.003785672684915551,2023-12-01 05:20:06.485827446
60279.22230886374,1.7058823529411764,0.0,0.0034944670937682,2023-12-01 05:20:07.485827208
60279.22232043782,1.6470588235294117,0.0,0.0032032615026208492,2023-12-01 05:20:08.485827446
60279.222332011894,1.5882352941176472,0.0,0.0029120559114735,2023-12-01 05:20:09.485827684
60279.22234358596,1.5294117647058822,0.0,0.0026208503203261494,2023-12-01 05:20:10.485827208
60279.22235516004,1.4705882352941178,0.0,0.002329644729178801,2023-12-01 05:20:11.485827446
60279.22236673412,1.4117647058823528,0.0,0.0020384391380314495,2023-12-01 05:20:12.485827684
60279.222378308186,1.3529411764705883,0.0,0.0017472335468841005,2023-12-01 05:20:13.485827208
60279.222389882256,1.2941176470588236,0.0,0.0014560279557367505,2023-12-01 05:20:14.485826969
60279.22240145634,1.2352941176470589,0.0,0.0011648223645894006,2023-12-01 05:20:15.485827684
60279.22241303041,1.1764705882352942,0.0,0.0008736167734420507,2023-12-01 05:20:16.485827446
60279.22242460448,1.1176470588235294,0.0,0.0005824111822946999,2023-12-01 05:20:17.485826969
60279.22243617856,1.0588235294117647,0.0,0.00029120559114734993,2023-12-01 05:20:18.485827923
60279.22244775263,1.0,1.0,0.0,2023-12-01 05:20:19.485827446
60279.2224593267,1.0,0.0,0.0,2023-12-01 05:20:20.485826969
60279.22247090078,1.0,0.0,0.0,2023-12-01 05:20:21.485827208
60279.222482474855,1.0,0.0,0.0,2023-12-01 05:20:22.485827446
60279.222494048925,1.0,0.0,0.0,2023-12-01 05:20:23.485827208
60279.222505623,1.0,0.0,0.0,2023-12-01 05:20:24.485827446
60279.22251719708,1.0,0.0,0.0,2023-12-01 05:20:25.485827684
60279.22252877115,1.0,1.0,0.0,2023-12-01 05:20:26.485827208
60279.222540345225,1.1111111111111112,0.0,0.0005500550055005504,2023-12-01 05:20:27.485827446
60279.2225519193,1.2222222222222223,0.0,0.0011001100110011007,2023-12-01 05:20:28.485827684
60279.22256349337,1.3333333333333333,0.0,0.0016501650165016502,2023-12-01 05:20:29.485827208
60279.22257506744,1.4444444444444444,0.0,0.0022002200220022005,2023-12-01 05:20:30.485826969
60279.222586641525,1.5555555555555556,0.0,0.00275027502750275,2023-12-01 05:20:31.485827684
60279.222598215594,1.6666666666666665,0.0,0.0033003300330032995,2023-12-01 05:20:32.485827446
60279.222609789664,1.7777777777777777,0.0,0.00385038503850385,2023-12-01 05:20:33.485826969
60279.22262136375,1.8888888888888888,0.0,0.0044004400440044,2023-12-01 05:20:34.485827923
60279.22263293782,2.0,1.4142135623730951,0.0049504950495049506,2023-12-01 05:20:35.485827446
60279.22264451189,2.1538461538461537,0.0,0.005712109672505712,2023-12-01 05:20:36.485826969
60279.22265608596,2.3076923076923075,0.0,0.006473724295506473,2023-12-01 05:20:37.485827208
60279.22266766004,2.4615384615384617,0.0,0.0072353389185072356,2023-12-01 05:20:38.485827446
60279.22267923411,2.6153846153846154,0.0,0.007996953541507996,2023-12-01 05:20:39.485826969
60279.22269080819,2.769230769230769,0.0,0.008758568164508759,2023-12-01 05:20:40.485827208
60279.22270238226,2.9230769230769234,0.0,0.009520182787509521,2023-12-01 05:20:41.485827446
60279.22271395633,3.076923076923077,0.0,0.010281797410510284,2023-12-01 05:20:42.485827208
60279.22272553041,3.230769230769231,0.0,0.011043412033511044,2023-12-01 05:20:43.485827446
60279.22273710449,3.3846153846153846,0.0,0.011805026656511803,2023-12-01 05:20:44.485827684
60279.222748678556,3.5384615384615383,0.0,0.012566641279512566,2023-12-01 05:20:45.485827208
60279.222760252625,3.6923076923076925,0.0,0.013328255902513329,2023-12-01 05:20:46.485826731
60279.22277182671,3.8461538461538463,0.0,0.014089870525514088,2023-12-01 05:20:47.485827684
60279.22278340078,4.0,2.0,0.01485148514851485,2023-12-01 05:20:48.485827208
60279.22279497485,3.7777777777777777,0.0,0.01375137513751375,2023-12-01 05:20:49.485826969
60279.22280654893,3.5555555555555554,0.0,0.01265126512651265,2023-12-01 05:20:50.485827684
60279.222818123,3.3333333333333335,0.0,0.011551155115511552,2023-12-01 05:20:51.485827446
60279.22282969707,3.111111111111111,0.0,0.010451045104510451,2023-12-01 05:20:52.485826969
60279.222841271156,2.888888888888889,0.0,0.00935093509350935,2023-12-01 05:20:53.485827923
60279.222852845225,2.666666666666667,0.0,0.008250825082508254,2023-12-01 05:20:54.485827446
60279.222864419295,2.4444444444444446,0.0,0.007150715071507152,2023-12-01 05:20:55.485826969
60279.22287599337,2.2222222222222223,0.0,0.006050605060506051,2023-12-01 05:20:56.485827208
60279.22288756745,2.0,1.4142135623730951,0.0049504950495049506,2023-12-01 05:20:57.485827446
60279.22289914152,1.875,0.0,0.004331683168316831,2023-12-01 05:20:58.485827208
60279.222910715594,1.75,0.0,0.0037128712871287136,2023-12-01 05:20:59.485827446
60279.22292228967,1.625,0.0,0.003094059405940594,2023-12-01 05:21:00.485827684
60279.22293386374,1.5,0.0,0.002475247524752475,2023-12-01 05:21:01.485827208
60279.22294543782,1.375,0.0,0.0018564356435643563,2023-12-01 05:21:02.485827446
60279.222957011894,1.25,0.0,0.0012376237623762379,2023-12-01 05:21:03.485827684
60279.222968585964,1.125,0.0,0.0006188118811881185,2023-12-01 05:21:04.485827208
60279.22298016003,1.0,1.0,0.0,2023-12-01 05:21:05.485826969
60279.22299173412,1.0,0.0,0.0,2023-12-01 05:21:06.485827684
60279.22300330819,1.0,0.0,0.0,2023-12-01 05:21:07.485827446
60279.22301488226,1.0,0.0,0.0,2023-12-01 05:21:08.485826969
60279.22302645634,1.0,0.0,0.0,2023-12-01 05:21:09.485827923
60279.22303803041,1.0,0.0,0.0,2023-12-01 05:21:10.485827446
60279.22304960448,1.0,0.0,0.0,2023-12-01 05:21:11.485826969
60279.223061178556,1.0,0.0,0.0,2023-12-01 05:21:12.485827208
60279.22307275263,1.0,0.0,0.0,2023-12-01 05:21:13.485827446
60279.2230843267,1.0,0.0,0.0,2023-12-01 05:21:14.485827208
60279.22309590078,1.0,1.0,0.0,2023-12-01 05:21:15.485827446
60279.223107474856,1.0,0.0,0.0,2023-12-01 05:21:16.485827446
60279.223119048926,1.0,0.0,0.0,2023-12-01 05:21:17.485827208
60279.223130623,1.0,0.0,0.0,2023-12-01 05:21:18.485827446
60279.22314219708,1.0,0.0,0.0,2023-12-01 05:21:19.485827684
60279.22315377115,1.0,0.0,0.0,2023-12-01 05:21:20.485827208
60279.22316534522,1.0,0.0,0.0,2023-12-01 05:21:21.485826731
60279.2231769193,1.0,0.0,0.0,2023-12-01 05:21:22.485827684
60279.22318849337,1.0,0.0,0.0,2023-12-01 05:21:23.485827208
60279.22320006744,1.0,0.0,0.0,2023-12-01 05:21:24.485826969
60279.223211641525,1.0,0.0,0.0,2023-12-01 05:21:25.485827684
60279.223223215595,1.0,0.0,0.0,2023-12-01 05:21:26.485827446
60279.223234789664,1.0,0.0,0.0,2023-12-01 05:21:27.485826969
60279.22324636375,1.0,0.0,0.0,2023-12-01 05:21:28.485827923
60279.22325793782,1.0,0.0,0.0,2023-12-01 05:21:29.485827446
60279.22326951189,1.0,0.0,0.0,2023-12-01 05:21:30.485826969
60279.223281085964,1.0,0.0,0.0,2023-12-01 05:21:31.485827208
60279.22329266004,1.0,0.0,0.0,2023-12-01 05:21:32.485827446
60279.22330423411,1.0,0.0,0.0,2023-12-01 05:21:33.485827208
60279.22331580819,1.0,0.0,0.0,2023-12-01 05:21:34.485827446
60279.223327382264,1.0,0.0,0.0,2023-12-01 05:21:35.485827684
60279.22333895633,1.0,0.0,0.0,2023-12-01 05:21:36.485827208
60279.22335053041,1.0,0.0,0.0,2023-12-01 05:21:37.485827446
60279.22336210449,1.0,0.0,0.0,2023-12-01 05:21:38.485827684
60279.22337367856,1.0,0.0,0.0,2023-12-01 05:21:39.485827208
60279.223385252626,1.0,0.0,0.0,2023-12-01 05:21:40.485826969
60279.22339682671,1.0,0.0,0.0,2023-12-01 05:21:41.485827684
60279.22340840078,1.0,0.0,0.0,2023-12-01 05:21:42.485827446
60279.22341997485,1.0,1.0,0.0,2023-12-01 05:21:43.485826969
60279.22343154893,1.0,0.0,0.0,2023-12-01 05:21:44.485827923
60279.223443123,1.0,0.0,0.0,2023-12-01 05:21:45.485827446
60279.22345469707,1.0,0.0,0.0,2023-12-01 05:21:46.485826969
60279.22346627115,1.0,0.0,0.0,2023-12-01 05:21:47.485827208
60279.223477845226,1.0,0.0,0.0,2023-12-01 05:21:48.485827446
60279.223489419295,1.0,0.0,0.0,2023-12-01 05:21:49.485827208
60279.22350099337,1.0,1.0,0.0,2023-12-01 05:21:50.485827446
60279.22351256745,1.0666666666666667,0.0,0.00033003300330033004,2023-12-01 05:21:51.485827684
60279.22352414152,1.1333333333333333,0.0,0.0006600660066006601,2023-12-01 05:21:52.485827208
60279.223535715595,1.2,0.0,0.0009900990099009901,2023-12-01 05:21:53.485827446
60279.22354728967,1.2666666666666666,0.0,0.0013201320132013201,2023-12-01 05:21:54.485827684
60279.22355886374,1.3333333333333333,0.0,0.0016501650165016502,2023-12-01 05:21:55.485827208
60279.22357043781,1.4,0.0,0.0019801980198019794,2023-12-01 05:21:56.485826969
60279.223582011895,1.4666666666666668,0.0,0.002310231023102311,2023-12-01 05:21:57.485827684
60279.223593585964,1.5333333333333332,0.0,0.0026402640264026394,2023-12-01 05:21:58.485827208
60279.223605160034,1.6,0.0,0.0029702970297029703,2023-12-01 05:21:59.485826969
